drug_id,trade_name,scientific_name,price,package,supplier,available,last_updated
850,VIDI3 50000 IU Cap,each capsule contains 50000IU Vitamin D3 (cholecalciferol),98,20 Cap,National Pharmaceutical and Herbs,yes,2026-04-15
1150,NOVODEXON SYRUP,Dexamethasone (Sodium Phosphate) 0.5mg/5 ml,26,100 ml,Beit Jala,yes,2026-04-14
1197,ZYDEX B CREAM,Fusidic acid         2%Betamethsone (Valerate) 0.10%,30,15 g,Beit Jala,yes,2026-04-14
1199,ZYDEX HC CREAM,Fusidic Acid 2%Hydrocortisone Acetate 1%,30,15 g,Beit Jala,yes,2026-04-14
1201,ZYDEX OPHTHALMIC GEL,Fusidic Acid 1%,20,5 g,Beit Jala,yes,2026-04-14
1195,Xaprine Tab 10mg,Cyclobenzaprine HCl 10 mg/tablet,30,30 tab,Beit Jala,yes,2026-04-14
1191,VIVAXIN 250 mg,Levofloxacin (hemihydrate) 250 mg/tablet,35,7 Tab,Beit Jala,yes,2026-04-14
1192,VIVAXIN 500 mg,Levofloxacin (hemihydrate) 500 mg/tablet,60,7 Tab,Beit Jala,yes,2026-04-14
1193,VIVAXIN 750 mg 5 Tab,Levofloxacin (hemihydrate) 750 mg/tablet,65,5 Tab,Beit Jala,yes,2026-04-14
4568,VILDA 50MG TABLETS,VILDAGLIPTIN,34,28 Tablets,Beit Jala,yes,2026-04-14
4480,VIRULAN CREAM 1.5 GM,Penciclovir,20,1.5 g/tube,Beit Jala,yes,2026-04-14
4481,VIRULAN CREAM 5 G,PENCICLOVIR,45,5g/tube,Beit Jala,yes,2026-04-14
1188,UROCLEAN,Sodium Benzoate 2.00%Hexamine 5.00%,30,125 g,Beit Jala,yes,2026-04-14
3640,VEOXGEL 2.32% EMULGEL,Diclofenac Diethylamine 2.32%,30,Emulgel 50G TUBE,Beit Jala,yes,2026-04-14
1183,TINASIL CREAM,Terbinafine (HCl) 1%,24,15 g,Beit Jala,yes,2026-04-14
1184,TINASIL SOL.,Terbinafine (HCl) 1%,30,30 ml,Beit Jala,yes,2026-04-14
1186,TINASIL TABLET 250,Terbinafine (HCl) 250mg/tab.,24,10 tab,Beit Jala,yes,2026-04-14
4290,IG VENA 5% - 50ML (2.5G),Human normal immunoglobulin 50mg/ml - (2.5G),832,50 ML VIAL,BEIT AL- DAWAA DRUG STORE,yes,2026-04-14
4292,IG VENA 5% - 200ML (10G),Human normal immunoglobulin 50mg/ml - (10G),3071,200 ML VIAL,BEIT AL- DAWAA DRUG STORE,yes,2026-04-14
2502,VALZADEPINE 160/10 TABLETS (30 TAB),Valsartan 160mg and 10 mg Amlodipine,80,30 TABLETS / BOX,Pharmacare Company,yes,2026-04-14
1175,SPOROFULVIN SUSP,Griseofulvin 125mg/5ml,25,100 ml,Beit Jala,yes,2026-04-14
1176,SPOROFULVIN TAB.,Griseofulvin 125mg/tab,25,40 tab,Beit Jala,yes,2026-04-14
1173,SILVEZIN CREAM 50gm,Silver Sulfadiazine 1.00%,20,50 g,Beit Jala,yes,2026-04-14
1166,RELAXON TAB,Paracetamol 500 mgOrphenadrine Citrate 30 mg,38,20 tab,Beit Jala,yes,2026-04-14
1167,RES-Q10 TAB,Ubidecarenone (Coenzyme Q10) 30mg/cap.,63,30 caps,Beit Jala,yes,2026-04-14
3391,SETAHIST  TAB,Cetirizine Hydrochloride,30,20 TAB,Beit Jala,yes,2026-04-14
1165,Prostanil TAB,Finasteride 5mg/tablet,40,30 tab,Beit Jala,yes,2026-04-14
1163,Permicide 5 %,Permethrin 5% w/w,40,30 g,Beit Jala,yes,2026-04-14
1164,POVIDEX,Povidone Iodine 5%,24,12 pessaries,Beit Jala,yes,2026-04-14
4225,ONASET 4mg 10 TAB,Ondansetron (as hydrochloride dihydrate),110,10 tab,Beit Jala,yes,2026-04-14
4224,ONASET 8mg 10 TAB,Ondansetron (as hydrochloride dihydrate),150,10 tab,Beit Jala,yes,2026-04-14
1149,NOVOCORT EYE OINT,Neomycin Sulfate 0.50%Hydrocortisone Acetate 1%,20,4 g,Beit Jala,yes,2026-04-14
1146,NEUROVIT TAB,Vitamin B1 Mononitrate 100mg/tabletVitamin B6  250mg/tabletVitamin B12 250mcg/tablet,28,20 tab,Beit Jala,yes,2026-04-14
1142,NEODEX,Neomycin Sulphate eq. to 3.5mg Neomycin/ml Dexamethasone Sodium Phosphate eq. to 1mg Dexamethasone Phosphate/ml,20,10 ml,Beit Jala,yes,2026-04-13
1141,NEOCORT EAR DROPS,Neomycin Sulfate 5mg/mlDexamethasone Na PO4 1mg/mlPolymixin B Sulfate 10000 IU/ml,23,10 ml,Beit Jala,yes,2026-04-13
1140,Nedomet gel,Metronidazole,30,30 g,Beit Jala,yes,2026-04-13
3576,NASOFRIN NASAL SPRAY,Phenylephrine HCl 0.5%,20,15ml,Beit Jala,yes,2026-04-13
1138,MYROX 300 MG TAB.,Roxithromycin 300mg /tab,34,7 tab,Beit Jala,yes,2026-04-13
1135,MYCOTEN VAGINAL 3 TAB,Clotrimazole 200 mg,28,3 TAB,Beit Jala,yes,2026-04-13
1136,MYCOTEN VAGINAL CREAM,Clotrimazole 2%,22,20 g,Beit Jala,yes,2026-04-13
1131,Muzil syrup,Ambroxol HCl  30mg/5ml,23,100 ml,Beit Jala,yes,2026-04-13
4307,Mubizeen Nasal Ointment,Mupirocin calcium,25,3 g/tube,Beit Jala,yes,2026-04-13
4365,Mubizeen ointment,mupirocin,25,15 g,Beit Jala,yes,2026-04-13
1129,Moxicam 15 mg 30 Tab,Meloxicam  15mg/tab,64,30 Tab,Beit Jala,yes,2026-04-13
1127,Migratan 100 mg Tab,Sumatriptan as succinate 100mg/tab.,48,6 caplet,Beit Jala,yes,2026-04-13
1126,MEBERINE 20 TAB.,Mebeverine 135mg/tab.,18,20 tab,Beit Jala,yes,2026-04-13
4484,MACROKLEAN POWDER FOR ORAL SOLUTION,"Sachet A contains: Macrogol 3350, sodium sulfate anhydrous , sodium chloride and potassium chloride          Sachet B contains: Ascorbic acid and sodium ascorbate .",72,4 sachets/Box   (Each 2 sachets (Sachet A and Sachet B) are contained in a transparent bag.),Beit Jala,yes,2026-04-13
1121,LORAX SYRUP,Loratadine 1mg/ml,23,120 ml,Beit Jala,yes,2026-04-13
1122,LORAX TAB 10,Loratadine 10mg/tablet,23,10 tab,Beit Jala,yes,2026-04-13
1117,LOLIP 20 MG CAPLET,Atorvastatin (Calcium) 20mg/cap.,30,30 tab,Beit Jala,yes,2026-04-13
1118,LOLIP 40 MG CAPLET,Atorvastatin (Calcium) 40mg/cap.,45,30 tab,Beit Jala,yes,2026-04-13
3491,LEUKOMONT 5 MG CHEWABLE TAB,MOONTELUKAST  AS SODIUM,75,30 Tab,Beit Jala,yes,2026-04-13
4578,LEUKOMONT4MG CHEWABEL TABLETS,MONTELUKAST (AS SODIUM),67,30 TAB,Beit Jala,yes,2026-04-13
3483,LEUKOMONT 10 mg,MOONTELUKAST  AS SODIUM,65,30 Tab,Beit Jala,yes,2026-04-13
1112,KLARIMAX 500 TAB,CLARITHROMYCIN 500MG/TABLET,45,14 caplet,Beit Jala,yes,2026-04-13
1107,KETOFEN EYE DROPS,Ketotifen (H-Fumarate)  0.25mg/ml,30,5 ml,Beit Jala,yes,2026-04-13
1108,KETOFEN SYRUP,Ketotifen (H-Fumarate)  1mg/5 ml,18,100 ml,Beit Jala,yes,2026-04-13
1109,KETOFEN TAB,Ketotifen (H-Fumarate) 1mg/tablet,24,20 tab,Beit Jala,yes,2026-04-13
1098,I CLEAR,Polyvinyl Alcohol 14mg/ml,18,10 ml,Beit Jala,yes,2026-04-13
1097,HUDU CAPLET,Diphenhydramine HCl 50 mg/tablet,25,20 tab,Beit Jala,yes,2026-04-13
1085,HEALER CREAM,Mafenide (Acetate) 8.5% w/w,36,15 g,Beit Jala,yes,2026-04-13
1086,HEMORAL OINT,Hydrocortisone Acetate  0.50%Lidocaine HCl                1.50%Zinc Oxide                     5.00%,20,28 g,Beit Jala,yes,2026-04-13
1087,HEMORAL SUPP,Hydrocortisone Acetate   0.50%Lidocaine HCl                 1.50%Zinc Oxide                      3.00%,20,6 supp,Beit Jala,yes,2026-04-13
1082,HAIRMAX 2% SOL. FOR WOMEN,Minoxidil                           2%,62,60 ml,Beit Jala,yes,2026-04-13
1083,HAIRMAX 5% SOL. FOR MEN,Minoxidil                           5%,90,60 ml,Beit Jala,yes,2026-04-13
1077,GABAMAX 50mg,Pregabalin          50 mg/capsule,35,30 Cap,Beit Jala,yes,2026-04-13
1078,GABAMAX 75 mg,Pregabalin          75  mg/capsule,60,30 CAP,Beit Jala,yes,2026-04-13
1073,FURAMIX SUSP,Furazolidone      17.5 mg/5ml   Kaolin                1000mg /5ml                 Pectin                50 mg/5 ml,20,100 ml,Beit Jala,yes,2026-04-13
1074,FURAMIX TAB,Furazolidone      50 mg/tab Kaolin                100 mg/tab                 Pectin                 20 mg/tab,20,20 tab,Beit Jala,yes,2026-04-13
1072,FORTEX TAB.,Sildenafil (Citrate) 50 mg/tablet,29,2 tablets,Beit Jala,yes,2026-04-13
1069,ETOFLAM 60 mg,Etoricoxib 60 mg/tab.,22,10 Tab,Beit Jala,yes,2026-04-13
1070,ETOFLAM 90 mg,Etoricoxib 90 mg/tab.,32,10 tab,Beit Jala,yes,2026-04-13
1068,ETOFLAM 120 MG,ETORICOXIB 120 MG/TAB.,36,7 tab,Beit Jala,yes,2026-04-13
3641,Epihist 0.05% eye drops,Epinastine HCl,26,5ml/bottle,Beit Jala,yes,2026-04-13
1067,ENCYTOL 2 MG TAB,TOLTERODINE AS TARTRATE 2 MG/TAB.,65,30 tab,Beit Jala,yes,2026-04-13
4587,Isofen plus Tablet,"paracetamol 500mg, Ibuprofen 200mg",20,21 Tablet,Beit Jala,yes,2026-04-13
2033,JEPHAZIM 1G VIALS,CEFTAZIDIME 1 G,37,1 VIAL,Jepharm Co.,yes,2026-04-13
1989,DICLOFEN 75MG SUPPOSITORIES.,DICLOFENAC SOD. 75MG,23,10 SUPP,Jepharm Co.,yes,2026-04-13
1198,ZYDEX CREAM,Fusidic Acid 2%,21,15 g,Beit Jala,yes,2026-04-13
1194,Vivaxin eye drop 5mg/ml,Levofloxacin (hemihydrate) 5 mg/ml,30,5 ml,Beit Jala,yes,2026-04-13
1985,DICLOFEN 100MG SUPPOSITORIES,DICLOFENAC SOD. 100MG,28,12 SUPP,Jepharm Co.,yes,2026-04-13
3286,JUVESTA 100MG TABLETS,Sitagliptine Ph.,86,30 Tab,Jepharm Co.,yes,2026-04-13
3496,JUVESTA 50MG TABLETS,Sitagliptine PH. Monohydrate,54,30 Tab,Jepharm Co.,yes,2026-04-13
1586,ORALUTE TAB.,MEDROXYPROGESTERONE ACETATE,20,20 tab,BPC,yes,2026-04-13
1608,PROGEST 5 MG 20TAB.,ALLYLESTRANOL,40,20 tab,BPC,yes,2026-04-13
5660,TOLERAN 25MG SOFT GELATIN CAPS- 20 CAPS<span class='flash'> new </span>,Diclofenac Potassium,25,20 Cap,BPC,yes,2026-04-13
1679,URICNASE 100 MG .1000 TAB.,ALLOPURINOL,234,1000,BPC,yes,2026-04-13
1705,ZINEX 250 MG,CEFUROXIME,30,14 tab,BPC,yes,2026-04-13
1704,ZINEX 250 MG 10 TAB,CEFUROXIME,22,10 TABLETS,BPC,yes,2026-04-13
1707,ZINEX 500 MG 14 TAB,CEFUROXIME,55,14 TABLETS,BPC,yes,2026-04-13
4769,XYNTHA 500 IU VIAL,MOROCTOCOG ALPHA,1155,500 IU/VIAL,Beit Hanina Drug Store,yes,2026-04-13
1805,CARTIA 100 mg Tab.,ACETYLSALICYLIC ACID,13,28 Tab,Beit Hanina Drug Store,yes,2026-04-13
713,INDOVIS CAP 25M3/ 30,Indomethacin,11,30 CAP,Syam Drug Store,yes,2026-04-13
4837,ABIRATERONE S.K 250 MG,ABIRATERONE ACETATE,3102,120 tablet/Bottle,Al Bayan Drug Store,yes,2026-04-13
4223,INHIXA 80,Enoxaparin,56,2 PFS,JePharm Drug Store,yes,2026-04-13
5290,JOSIGLIP 100 MG-28 TAB,SITAGLIPTIN HYDROCHLORIDE,85,28 TAB,MASROUJI CO.,yes,2026-04-13
5291,JOSIGLIP 50 MG-28 TAB,SITAGLIPTIN HYDROCHLORIDE,77,28 TAB,MASROUJI CO.,yes,2026-04-13
767,OMEPRA 20 MG CAPS./28,Omeprazole,25,28 CAP,Syam Drug Store,yes,2026-04-09
2078,NORMASAL NASAL SPRAY,SODIUM CHLORIDE 0.74 %,20,20 ML,Jepharm Co.,yes,2026-04-09
4841,TORISAM 60 MG 10 TAB,ETORICOXIB,23,10 TAB,Sama Pharmaceutical. Co.,yes,2026-04-09
4843,TORISAM 90 MG 10 TAB,ETORICOXIB,32,10 TAB,Sama Pharmaceutical. Co.,yes,2026-04-09
4844,TORISAM 90 MG 7 TAB,ETORICOXIB,22,7 TAB,Sama Pharmaceutical. Co.,yes,2026-04-09
4489,TADACIP 10 MG 2 TAB,Tadalafil,28,2,Sama Pharmaceutical. Co.,yes,2026-04-09
4487,TADACIP 20MG 1 TABLET,Tadalafil 20 mg,24,1 tab,Sama Pharmaceutical. Co.,yes,2026-04-09
4486,TADACIP 5 MG 14 TAB,Tadalafil,138,14 tab,Sama Pharmaceutical. Co.,yes,2026-04-09
4913,TORISAM 120MG 7 TABLETS,Etoricoxib 120MG,36,7 Tablets,Sama Pharmaceutical. Co.,yes,2026-04-09
4490,TADACIP 20MG 2 TABLETS,Tadalafil 20MG,48,2 tab,Sama Pharmaceutical. Co.,yes,2026-04-09
622,SIDI CREAM 2%,Fusidic acid,21,15GM,Sama Pharmaceutical. Co.,yes,2026-04-09
623,SIDI-ZONE CREAM,Fusidic acid+Betamethasone,30,15GM,Sama Pharmaceutical. Co.,yes,2026-04-09
4094,MOLPAR 250 mg Syrup,Paracetamol,20,100 ml,Sama Pharmaceutical. Co.,yes,2026-04-09
4497,Molpar Concentrated Suspension,Paracetamol,18,15 ml,Sama Pharmaceutical. Co.,yes,2026-04-09
3418,MIORET  4 MG 30 TAB,Triamcinolone,22,30 Tab,Sama Pharmaceutical. Co.,yes,2026-04-09
4269,Metro Suspension,Metronidazole Benzoate 125mg/ 5ml,20,120 ml,Sama Pharmaceutical. Co.,yes,2026-04-09
613,METRO TAB 500,Metronidazole,20,20 Tablets,Sama Pharmaceutical. Co.,yes,2026-04-09
4375,Metro-S suspension,metronidazole Benzoate 200mg/5ml,25,120 ml,Sama Pharmaceutical. Co.,yes,2026-04-09
609,LIPOVAST 10 MG,Atorvastatin,24,30 Tablets,Sama Pharmaceutical. Co.,yes,2026-04-09
610,LIPOVAST 20 MG,Atorvastatin,32,30 Tablets,Sama Pharmaceutical. Co.,yes,2026-04-09
611,LIPOVAST 40 MG 30 TAB,Atorvastatin,49,30 Tablets,Sama Pharmaceutical. Co.,yes,2026-04-09
5814,ZYPREXA 10 mg VELOTAB,Olanzapine,131,28 Tab,TRANSMED PHARMA,yes,2026-04-09
5813,ZYPREXA 5 mg VELOTAB,Olanzapine,88,28 Tab,TRANSMED PHARMA,yes,2026-04-09
1057,DENACINE 300 CAPS,Clindamycin (HCl) 300 mg/cap.,20,16 CAP,Beit Jala,yes,2026-04-08
1058,DENACINE EMULGEL,Clindamycin ( phosphate) 1%,31,30 g,Beit Jala,yes,2026-04-08
4260,Denacine Vaginal Ovules,clindamycin (as phosphate) 100mg/ovule,45,3 ovules,Beit Jala,yes,2026-04-08
1054,DEEDENSE TAB.2000,Vitamin D3 2000 I.U.,22,30 tab,Beit Jala,yes,2026-04-08
1049,DANDREX SHAMPOO,Ketoconazole 20 mg/g,40,100 ml,Beit Jala,yes,2026-04-08
4233,"DEEDENSE 50,000 CAP",VIT D3 (AS CHOLECALCIFEROL),55,12 cap,Beit Jala,yes,2026-04-08
1048,CORTEN CREAM 1%15G,HYDROCORTISONE ACETATE 1%,18,15 g,Beit Jala,yes,2026-04-08
1044,CLOPIDEX TAB,Clopidogrel (bisulfate) 75 mg/tablet,40,30 tab,Beit Jala,yes,2026-04-08
1038,BISMATROL TABLET,Bismuth subsalicylate 262 mg/tablet,30,30 tab,Beit Jala,yes,2026-04-08
3639,BENZIMA 0.15% OROMUCOSAL SPRAY,BENZYDAMIN HCL,28,30 ml,Beit Jala,yes,2026-04-08
3638,BENZIMA 0.3% OROMUCOSAL SPRAY,BENZYDAMIN HCL,38,30 ml,Beit Jala,yes,2026-04-08
4266,BENZIMA MOUTH GEL 10G,BENZYDAMINE HCL AND CETYLPYRIDINIUM CL,25,10g tube,Beit Jala,yes,2026-04-08
3642,Benzima-C Mouthwash and Gargle,Benzydamine HCl 0.15% Chlorhexidine Gluconate 0.12%,30,200Ml/Bottle,Beit Jala,yes,2026-04-08
1033,BABY NAM,Sodium Bicarbonate 50 mg/5mlAnethol (Anise Oil) 0.4 mg/5mlPeppermint Oil 0.35 mg/5ml,18,100 ml,Beit Jala,yes,2026-04-08
1030,AZYTRA   22.5 ML SUSPENSION,Azithromycin (as Dihydrate) 200mg/5ml,35,22.5 ML,Beit Jala,yes,2026-04-08
1025,AMARREX 3 TAB,Glimepiride 3 mg/tablet,20,30 tab,Beit Jala,yes,2026-04-08
1027,ANAFLAM 50mg,Diclofenac Potassium  50mg/tablet,21,20 tab,Beit Jala,yes,2026-04-08
1026,AMARREX 4 TAB,Glimepiride 4 mg/tablet,25,30 tab,Beit Jala,yes,2026-04-08
4354,IXABAN 5 MG 60 TAB.,APIXABAN 5 MG / TAB,190,60 TAB,BPC,yes,2026-04-07
4703,GLYSIA 100 MG TAB,SITAGLIPTIN AS MONOHYDRATE PHOSPHATE,82,30 TAB,BPC,yes,2026-04-07
4704,GLYSIA 50 MG TAB,SITAGLIPTIN AS MONOHYDRATE PHOSPHATE,52,30 TAB,BPC,yes,2026-04-07
1431,CEFIXON 1G VIAL,CEFTRIAXON (AS SODIUM) 1 GM,20,1G VIAL,BPC,yes,2026-04-07
1432,CEFIXON 1G VIAL + LIDOCAINE,CEFTRIAXON (AS SODIUM) & LIDOCAINE,25,1G VIAL,BPC,yes,2026-04-07
1460,DECORT 0.75MG 20 TAB,DEXAMETHASONE BASE,22,20 tab,BPC,yes,2026-04-07
5162,ETOX 500 TAB 30 TABLETS,Etodolac,135,30 tab,BPC,yes,2026-04-07
5163,ETOX 400 TAB 30 TAB,Etodolac,95,30 tab,BPC,yes,2026-04-07
4868,TASIGNA 200 MG 112 CAP,NILOTINIB (HYDROCHLORIDE MONOHYDRATE),6285,112 CAP,MASROUJI CO.,yes,2026-04-07
2418,GLIMARYL 3 MG TABLETS (30 TAB),Glimepiride3 mg,25,30 TABLETS / BOX,Pharmacare Company,yes,2026-04-07
2509,VALZAN-HCT 80/12.5 TABLETS(30 TAB),Valsartan 80mg and 12.5 mg hydrochlorothiazide,26,30 TABLETS / BOX,Pharmacare Company,yes,2026-04-07
2523,ZALDIAR TABLETS,Tramadol hydrochloride37.5 mg  and 325 mg Paracetamol,25,20 TABLETS / BOX,Pharmacare Company,yes,2026-04-07
2505,VALZAN 160 TABLETS (30 TAB),Valsartan 160mg,38,30 TABLETS / BOX,Pharmacare Company,yes,2026-04-07
2506,VALZAN 80 TABLETS (30 TAB),Valsartan 60mg,25,30 TABLETS / BOX,Pharmacare Company,yes,2026-04-07
2507,VALZAN-HCT 160/12.5 TABLETS (30 TAB),Valsartan 160 mg and 12.5 mg hydrochlorothiazide,36,30 TABLETS / BOX,Pharmacare Company,yes,2026-04-07
2508,VALZAN-HCT 160/25 TABLETS (30 TAB),Valsartan 160mg and 25 mg hydrochlorothiazide,35,30 TABLETS / BOX,Pharmacare Company,yes,2026-04-07
3750,TALISTA 20 mg (2 tab),Tadalafil,50,2 Tab,Pharmacare Company,yes,2026-04-07
3424,SITAGLU 100 TABLETS (30 TAB),Sitagliptin (as phosphate monohydrate),82,30 TABLETS / BOX,Pharmacare Company,yes,2026-04-07
3423,SITAGLU 50 TABLETS (30 TAB),Sitagliptin (as phosphate monohydrate),52,30 TABLETS / BOX,Pharmacare Company,yes,2026-04-07
4372,Etorix 120 (10 tab),Etoricoxib 120mg,50,10 tab,Pharmacare Company,yes,2026-04-07
4373,Etorix 120 (5 tab),Etoricoxib 120mg,27,5 tab,Pharmacare Company,yes,2026-04-07
4476,Etorix 60 (10 tab),Etoricoxib 60mg,23,10 tab,Pharmacare Company,yes,2026-04-07
2363,Angiocare 20 mg Tablets,Enalapril maleate 20 mg,19,30 tab / Box,Pharmacare Company,yes,2026-04-07
2791,AMBROCARE SYRUP 30 mg/ 5 ml (100 ML),Ambroxol HCl,23,100 ml,Pharmacare Company,yes,2026-04-07
5895,ASPIRIN CARDIO 100 MG-28 TAB<span class='flash'> new </span>,Acetylsalicylic acid,13,28 TAB,Omnipal,yes,2026-04-07
5896,ASPIRIN CARDIO 100 MG-84 TAB<span class='flash'> new </span>,Acetylsalicylic acid,34,84 TAB,Omnipal,yes,2026-04-07
5897,ASPIRIN CARDIO 100 MG-98 TAB<span class='flash'> new </span>,Acetylsalicylic acid,39,98 TAB,Omnipal,yes,2026-04-07
5830,DIVINUSMET XR 10/1000 EXTENDED RELEASE-30 TAB<span class='flash'> new </span>,Dapagliflozin (as propanediol monohydrate) 10 mg and 1000 mg Metformin hydrochloride.,123,30 TAB,Pharmacare Store,yes,2026-04-07
5829,DIVINUSMET XR 5/1000 EXTENDED RELEASE-60 TAB<span class='flash'> new </span>,Dapagliflozin (as propanediol monohydrate) 5 mg and 1000 mg Metformin hydrochloride.,131,60 tab,Pharmacare Store,yes,2026-04-07
5409,PODOXIL 200MG-20 FCT<span class='flash'> new </span>,CEFPODOXIME PROXETIL,85,20 FCT,Jepharm Co.,yes,2026-04-07
3394,LEVOFLOX 250MG,Levofloxacin,48,10 Tab,Sama Pharmaceutical. Co.,yes,2026-04-06
3736,LEVOFLOX 500,Levofloxacin Hemihydrate 500mg,62,7 tablets,Sama Pharmaceutical. Co.,yes,2026-04-06
3393,LEVOFLOX 500 MG,Levofloxacin,44,5Tab,Sama Pharmaceutical. Co.,yes,2026-04-06
3395,LEVOFLOX 750 MG,Levofloxacin,65,5Tab,Sama Pharmaceutical. Co.,yes,2026-04-06
3735,LEVOFLOX 750,Levofloxacin Hemihydrate 750mg,90,7 tablets,Sama Pharmaceutical. Co.,yes,2026-04-06
4313,Ibusama forte Suspension,Ibuprofen 200mg/5ml,27,100ml,Sama Pharmaceutical. Co.,yes,2026-04-06
608,IBUSAMA SUSP,Ibuprofen,19,100 ML,Sama Pharmaceutical. Co.,yes,2026-04-06
4496,Ibumol Tablets,Ibuprofen 200mg and Paracetamol 500mg,20,20 tab,Sama Pharmaceutical. Co.,yes,2026-04-06
4098,DOTE 400 MG 20 TAB,Etodolac,63,20 Tab,Sama Pharmaceutical. Co.,yes,2026-04-06
3410,DOTE 400 mg 30 TAB,Etodolac,95,30 Tab,Sama Pharmaceutical. Co.,yes,2026-04-06
4099,DOTE 500 MG 20 TAB,Etodolac,90,20 Tab,Sama Pharmaceutical. Co.,yes,2026-04-06
3408,DOTE 500 MG 30 TAB,Etodolac,135,30 Tab,Sama Pharmaceutical. Co.,yes,2026-04-06
628,DICLO -SAMA GEL 50GM,Diclofenacdiethylamine,18,50 GM,Sama Pharmaceutical. Co.,yes,2026-04-06
604,DICLO SAMA 50MG,Diclofenac Na,22,30 Tab,Sama Pharmaceutical. Co.,yes,2026-04-06
3399,CIPRO - SAMA 500,Ciprofloxacin HCl,25,10 Tab,Sama Pharmaceutical. Co.,yes,2026-04-06
4318,CIPRO-SAMA 750mg,Ciprofloxacin hydrochloride 750 mg,38,film coated tablet /1 blister*10 tablets,Sama Pharmaceutical. Co.,yes,2026-04-06
3419,BILORIC 300 MG TAB,Allopurinol,18,30 Tab,Sama Pharmaceutical. Co.,yes,2026-04-06
4298,Biscosam 10mg,Bisacodyl 10mg,25,10 SUPP,Sama Pharmaceutical. Co.,yes,2026-04-06
5576,Bisopress 5mg TAB 1000 TAB,Bisoprolol Fumarate,416,1000 TAB,Sama Pharmaceutical. Co.,yes,2026-04-06
4889,AZIRO 500 MG 3 TAB,AZITHROMYCIN,22,3 TAB,Sama Pharmaceutical. Co.,yes,2026-04-06
5574,Biloric 100 MG TAB 1000 TAB,Allopurinol,194,1000 TAB,Sama Pharmaceutical. Co.,yes,2026-04-06
593,AZIRO TAB 500,Azithromycin,40,6 Tablets,Sama Pharmaceutical. Co.,yes,2026-04-06
590,AZIRO 200MG 15 ML,Azithromycin,24,15 ML,Sama Pharmaceutical. Co.,yes,2026-04-06
592,AZIRO TAB 250,Azithromycin,24,6 Tablets,Sama Pharmaceutical. Co.,yes,2026-04-06
4833,ANESTIK CREAM 5% 20 G<span class='flash'> new </span>,LIDOCAINE,22,20 G,Sama Pharmaceutical. Co.,yes,2026-04-06
2478,SUPRAVIR 10 G CREAM,Each 1 g contains 50 mg Aciclovir,45,ONE TUBE OF 10 G / BOX,Pharmacare Company,yes,2026-04-06
2497,TRAMAL LONG 150 MG (10 tab),Tramadol HCl 150 mg,36,10 tab,Pharmacare Company,yes,2026-04-06
4267,AZITHROMYCIN MBI 500 MG/VIAL 1 VIAL,Azithrmycine (as trihydrate)500 mg,55,1 vial,BEIT AL- DAWAA DRUG STORE,yes,2026-04-06
4574,Mannitol  / VIOSER  Solution for infusion 20 %   500 ml,MANNITOL 20 G,350,10 VIAL / PACK,BEIT AL- DAWAA DRUG STORE,yes,2026-04-06
5666,ASSERTIO 10MG - 10 FCT<span class='flash'> new </span>,Ketorolac Tromethamine,40,10 Tab,Pharmacare Company,yes,2026-04-06
4039,ZALINASE PLUS NASAL SPRAY,Azelastine HCL & Fluticasone Propionate,45,15 gm,Pharmacare Company,yes,2026-04-06
2522,VORYN 50 G GEL,Diclofenac diethylammonium,18,ONE TUBE OF 50 G / BOX,Pharmacare Company,yes,2026-04-06
2521,VORYN 50 MG TABLETS (30 TAB),Diclofenac sodium50MG,22,30 TABLETS / BOX,Pharmacare Company,yes,2026-04-06
4435,Voryn Forte (50 g),Diclofenac Diethylammonium,30,50 g gel,Pharmacare Company,yes,2026-04-06
4336,X-Pect Syrup,Guaifenesin100 mg /5ML,25,100 ml Syrup,Pharmacare Company,yes,2026-04-06
2513,V-CARE 100 MG TABLETS (2 TAB),Sildinafil 100mg,50,2 TABLETS / BOX,Pharmacare Company,yes,2026-04-06
2514,V-CARE 50 MG TABLETS (1 TAB),Sildinafil50mg,20,1 TABLET / BOX,Pharmacare Company,yes,2026-04-06
2503,VALZADEPINE 160/5 TABLETS (30 TAB),Valsartan 160mg and 5 mg Amlodipine,74,30 TABLETS / BOX,Pharmacare Company,yes,2026-04-06
2504,VALZADEPINE 80/5 TABLETS (30 TAB),Valsartan 80mg and 5 mg Amlodipine,69,30 TABLETS / BOX,Pharmacare Company,yes,2026-04-06
2494,TRAMAL LONG 50 MG TABLETS (30 TAB),Tramadol HCl 50mg,38,30 TABLETS / BOX,Pharmacare Company,yes,2026-04-06
2499,TROVAN 20 MG TABLETS TABLETS (30 TAB),Atorvastatin 20MG,32,30 TABLETS / BOX,Pharmacare Company,yes,2026-04-06
2500,TROVAN 40 MG TABLETS (28 TAB),Atorvastatin 40MG,50,28 TABLETS / BOX,Pharmacare Company,yes,2026-04-06
4317,Uriban oral solution,Oxybutinin HCl 5mg/5ml,37,150 ml bottle,Pharmacare Company,yes,2026-04-06
2493,TRAMAL 50 MG DISPERSIBLE TABLETS (30 TAB),Tramadol HCl 50mg,38,30 TABLETS / BOX,Pharmacare Company,yes,2026-04-06
2496,TRAMAL LONG 100 mg TABLETS (10 TAB),Tramadol HCl 100mg,22,10 TABLETS / BOX,Pharmacare Company,yes,2026-04-06
3753,TALISTA 5 mg (14 tab),Tadalafil,140,14 Tab,Pharmacare Company,yes,2026-04-06
3749,TALISTA 10 mg (14 tab),Tadalafil,200,14 tab,Pharmacare Company,yes,2026-04-06
3752,TALISTA 10 mg (2 tab),Tadalafil,30,2 Tab,Pharmacare Company,yes,2026-04-06
3751,TALISTA 20 mg (1 tab),Tadalafil,25,1 Tab,Pharmacare Company,yes,2026-04-06
4337,Tailol Concentrated Suspension,Paracetamol100 mg/ 1 ml,21,15 ml,Pharmacare Company,yes,2026-04-06
3437,TAILOL FORTE 250 MG SUSPENSION (100 ML),Paracetamol 250 mg/ 5ml,18,ONE BOTTLE OF 100 ML / BOX,Pharmacare Company,yes,2026-04-06
3748,TALISTA 10 mg (1 tab),Tadalafil,20,1Tab,Pharmacare Company,yes,2026-04-06
2482,SYNALEX GEL 15 GM,each 1 g contains 0.25 Fluocinolone acetonide,25,ONE TUBE OF 15 G / BOX,Pharmacare Company,yes,2026-04-06
2476,SUPRAVIR 400 TABLETS (35 TAB),Aciclovir 400mg,40,35 TABLETS/ BOX,Pharmacare Company,yes,2026-04-06
2479,SUPRAVIR COLD SORES 2 G CREAM,Each 1 g contains 50 mg Aciclovir,20,ONE TUBE OF 2 G / BOX,Pharmacare Company,yes,2026-04-06
2480,SUPRAVIR SUSPENSION 200 MG (60 ML),Aciclovir 200 mg/5 ml,25,ONE BOTTLE OF 60 ML / BOX,Pharmacare Company,yes,2026-04-06
3651,SITAGLU-MET 50/850 TABLETS (56 TAB),Sitagliptin & Metformin,83,56 TABLETS / BOX,Pharmacare Company,yes,2026-04-06
2475,SUPRAVIR 200 TABLETS (30 TAB),Aciclovir 200mg,35,30 TABLETS / BOX,Pharmacare Company,yes,2026-04-06
3652,SITAGLU-MET 50/1000 TABLETS (56 TAB),Sitagliptin & Metformin,83,56 TABLETS / BOX,Pharmacare Company,yes,2026-04-06
4831,ROXOL THROAT SPRAY(SOLUTION) 20 ML,AMBROXOL HCL,21,20 ML,Pharmacare Company,yes,2026-04-06
4466,Quest 2.5 (30 tab),Apixaban 2.5mg,90,30 tab,Pharmacare Company,yes,2026-04-06
4264,QUEST 2.5MG TABLET (60 tab),APIXABAN,170,60 tabs,Pharmacare Company,yes,2026-04-06
4467,Quest 5 (30 tab),Apixaban 5mg,100,30 tab,Pharmacare Company,yes,2026-04-06
4265,QUEST 5MG TABLET (60 tab),APIXABAN,190,60 F.C.Tab,Pharmacare Company,yes,2026-04-06
2467,PROCTOCARE OINTMENT 30 GM,Each 1 g contains 0.1 mg  Fluocinolone acetonide and 20 mg Lidocain HCl,19,ONE TUBE OF 30 GM / BOX,Pharmacare Company,yes,2026-04-06
4829,Q-FEN SUSPENSION 100 ML,IBUPROFEN 100 MG/5ML,18,100 ML,Pharmacare Company,yes,2026-04-06
2455,NOSACARE METHO (15 ML) NASAL SOLUTION,Oxymetazoline HCl 0.05%,22,ONE METERED DOSE NASAL SPRAY OF 15 ML / BOX,Pharmacare Company,yes,2026-04-06
2457,NOSACARE No Drip with Metered Dose Pump (15 ML),Oxymetazoline HCl 0.05%,20,ONE METERED DOSE NASAL SPRAY OF 15 ML / BOX,Pharmacare Company,yes,2026-04-06
2454,NOSACARE EM (15 ML) NASAL SPRAY WITH METERED DOSE PUMP,Oxymetazoline HCl 0.05%,22,ONE METERED DOSE NASAL SPRAY OF 15 ML / BOX,Pharmacare Company,yes,2026-04-06
2564,PARTANE TAB 5MG  50),Trihexyphenidyl HCL 5 mg,32,50 tab,Alram Drug Store,yes,2026-04-06
2595,ROKACET PLUS CAP  24),Paracetamol-Codeine phosphate,45,24 CAP,Alram Drug Store,yes,2026-04-06
2583,URAMOX 250MG 30TAB,ACETAZOLAMID 250 mg,22,30 TAB,Alram Drug Store,yes,2026-04-06
5244,Veelbore 3.5 mg Powder for Solution for Injection,Bortezomib 3.5 mg,1900,8 ML/BOX,Pharmacare Store,yes,2026-04-06
2697,LOSARDEX PLUS T.50/12.5MG,Losartan potassium- hydrochlorothizide,19,30 TAB,Alram Drug Store,yes,2026-04-06
2580,MERCAPTIZOL 20MG 30TAB,Methimazole 20 mg,19,30 tab,Alram Drug Store,yes,2026-04-06
2489,TRAMAL 100 MG INJECTION (2 ML),Tramadol HCl 100 mg/ 2 ml,13,5 AMPOULES OF 2 ML / BOX,Pharmacare Store,yes,2026-04-06
2702,LOSARDEX TAB 50MG  30,Losartan potassium 50 mg,18,30 tab,Alram Drug Store,yes,2026-04-06
2650,ENALADEX 20MG  30 TAB,Enalapril Maleate,19,30 tab,Alram Drug Store,yes,2026-04-06
2624,DEXAMOL 500 MG CAP 50,Paracetamol,31,50 caplet,Alram Drug Store,yes,2026-04-06
2626,ALLORIL TAB 300MG  30),Allopurinol,18,30TAB,Alram Drug Store,yes,2026-04-06
4615,VULGA XR 55,Minocycline 55 mg (as HCl),59,30 tablets,Pharmacare Store,yes,2026-04-06
4616,VULGA XR 80,Minocycline 80 mg(as HCl),59,30 tablets,Pharmacare Store,yes,2026-04-06
4420,VULGA XR 105,Minocycline (as HCl),59,30 tab,Pharmacare Store,yes,2026-04-06
4585,ZOLECIN 1000 MG IV,Cefazolin (as sodium),9,1 VIAL,Pharmacare Store,yes,2026-04-06
3501,SOLOSERT 100 TAB,SERTRALINE,40,30 tab / Box,Pharmacare Store,yes,2026-04-06
3500,SOLOSERT 50 TAB,SERTRALINE,25,30 tab / Box,Pharmacare Store,yes,2026-04-06
2610,FLEET ENEMA SINGLE,Sod.biphosph16 gm  +Sod.phosph.6gm,15,133 ML,Alram Drug Store,yes,2026-04-06
2640,NORMALOL 25MG 30 TAB,Atenolol,13,30 tab,Alram Drug Store,yes,2026-04-06
2649,ENALADEX 10MG  30 TAB,Enalapril Maleate,15,30 tab,Alram Drug Store,yes,2026-04-06
5187,SUNITINIB PHARMACARE 12.5 MG 30 CAPSULE,SUNITINIB,2368,30 CAP,Pharmacare Store,yes,2026-04-06
2596,ETOPAN  400MG 30 TAB,Etodolac 400 mg,95,30 TAB,Alram Drug Store,yes,2026-04-06
207,DEXAMETHASONE 2MG  50 TAB,DEXAMETHASONE 2MG,174,50 TAB,Alwaleed Drug Store,yes,2026-04-06
227,GLYCERIN CHILD   SUPP,GLYCERINE 1GM,10,5 SUPP,Alwaleed Drug Store,yes,2026-04-06
253,MAALOX PLUS SUSP,"ALUMINIUM HYDROXIDE 220MG, MAGNESIUM HYDROXIDE 195MG, SIMETHICONE 25MG / 5ML",37,355 ML.,Alwaleed Drug Store,yes,2026-04-06
252,MAALOX PLUS  TAB.,"ALUMINIUM HYDROXIDE 200MG, MAGNESIUM HYDROXIDE 200MG, SIMETHICONE 25MG",26,40 TAB,Alwaleed Drug Store,yes,2026-04-06
254,MAALOX SUSP,"ALUMINIUM HYDROXIDE 220MG, MAGNESIUM HYDROXIDE 195MG  / 5ML",31,355 ML.,Alwaleed Drug Store,yes,2026-04-06
267,NEOMYCIN SULPHATE 500MG  TAB,NEOMYCINE SULPHATE 500MG,50,20 Tab,Alwaleed Drug Store,yes,2026-04-06
274,PAPAVERINE 80 MG  TAB,PAPAVERINE HCL 80MG,77,30,Alwaleed Drug Store,yes,2026-04-06
324,TERBULIN  SYRUP,TERUTALINE SULFATE 1.5MG / 5ML,10,115 ML,Alwaleed Drug Store,yes,2026-04-06
3498,RAXIROX 250 mg Dipersible Tab .,Deferasirox,1956,30 Tab,Pharmacare Store,yes,2026-04-05
3497,RAXIROX 500 mg Dipersible Tab .,Defersirox,3293,28 Tab,Pharmacare Store,yes,2026-04-05
3673,PURLEX 10 mg,Escitalopram as Oxalate,36,30 tab,Pharmacare Store,yes,2026-04-05
3674,Purlex 20 mg,Escitalopram as Oxalate,52,30 tab,Pharmacare Store,yes,2026-04-05
3672,Purlex 5 mg,Escitalopram as Oxalate,19,30 tab,Pharmacare Store,yes,2026-04-05
4715,PEMITRA 500 MG,PEMETREXED,3720,1 VIAL,Pharmacare Store,yes,2026-04-05
5873,Pazopanib Pharmacare 200 mg FCT (30 tab)<span class='flash'> new </span>,Pazopanib,1880,30 tab,Pharmacare Store,yes,2026-04-05
5871,Pazopanib Pharmacare 400 mg FCT (30 tab)<span class='flash'> new </span>,Pazopanib,3887,30 TAB,Pharmacare Store,yes,2026-04-05
4698,PREDONE SYRUP 15 MG/ 5ML,PREDNISOLONE,30,120 ML,Pharmacare Store,yes,2026-04-05
4418,Laroza 120,Lurasidone Hydrochloride 120mg,250,30  film coated tab,Pharmacare Store,yes,2026-04-05
4415,Laroza 40,Lurasidone Hydrochloride 40 mg,250,30 tab,Pharmacare Store,yes,2026-04-05
4414,Laroza 20,Lurasidone Hydrochloride 20 mg,250,30 tab,Pharmacare Store,yes,2026-04-05
4416,Laroza 80,Lurasidone Hydrochloride 80mg,250,30 tab,Pharmacare Store,yes,2026-04-05
5219,IRINOTECAN THYMOORGAN 40 MG/2ML  VIAL,IRINOTECAN THYMOORGAN,71,2 ML VIAL,Pharmacare Store,yes,2026-04-05
4783,GABAPENTIN HIKMA 100 MG 20 CAP,Gabapentin 100 mg,9,20 capsule /box,Pharmacare Store,yes,2026-04-05
4784,GABAPENTIN HIKMA 300 MG 50 CAP,Gabapentin 300 mg,46,50 capsule,Pharmacare Store,yes,2026-04-05
4785,GABAPENTIN HIKMA 400 MG 50 CAP,Gabapentin 400 mg,54,50 Capsules / Box,Pharmacare Store,yes,2026-04-05
5186,GABAPENTIN HIKMA 600 MG 30 TABLETS,GABAPENTIN,70,30 TAB,Pharmacare Store,yes,2026-04-05
5185,GABAPENTIN HIKMA 800 MG 30 TABLETS,GABAPENTIN,85,30 TAB,Pharmacare Store,yes,2026-04-05
4253,Epitam 250 mg (30 tab),Levetiracetam 250mg,41,30 Tab,Pharmacare Store,yes,2026-04-05
4252,Epitam 500mg (30 tab),Levetiracetam 500mg,65,30 Tab,Pharmacare Store,yes,2026-04-05
4261,EPITAM 750MG 30 FCT,LEVETIRACETAM,85,30 TAB,Pharmacare Store,yes,2026-04-05
4230,Epitam Syrup 100 mg/ml,Levetiracetam 100mg/ml,87,syrup of 150 ml,Pharmacare Store,yes,2026-04-05
4424,Ecoclav BID CHEW TAB,Amoxicillin 400 (as trihydrate) and Clavulanic acid 57 (as potassium),34,18 TAB,Pharmacare Store,yes,2026-04-05
4428,Ecoclav BID 1000 (875/125)- 10 TAB,Amoxicillin (as trihydrate) and Clavulanic acid (as potassium),28,10 tab,Pharmacare Store,yes,2026-04-05
4422,Ecoclav BID 1000 (875/125)- 14TAB,Amoxicillin as trihydrate 875mg + Clavulanic acid as potassium 125mg,35,14 tab,Pharmacare Store,yes,2026-04-05
4433,ECOCLAV BID 400MG 70 ML SUSP,Amoxicillin (as trihydrate) 400 MG and Clavulanic acid (as potassium) 57 MG,23,70ml susp,Pharmacare Store,yes,2026-04-05
4426,Ecoclav BID 600 Suspention,Amoxicillin (as trihydrate) and Clavulanic acid (as potassium),21,75 ml susp,Pharmacare Store,yes,2026-04-05
4361,Primo,Ipratropium bromide & Xylometazoline HCl,30,nasal spray with metered dose pumb 10ml,Pharmacare Company,yes,2026-04-05
2466,PIDOGREL 75 MG TABLETS (30 TAB),Clopidogrel75MG,50,30 TABLETS / BOX,Pharmacare Company,yes,2026-04-05
2465,PEPTIPAC,EACH: CAPSULE CONTAINS 20 MG OMEPRAZOLE. TABLET CONTAINS 1000 MG AMOXICILLIN.  TABLET CONTAINS 500 MG CLARITHROMYCIN.,85,28 TABLETS AND 14 CAPSULES= 42 TABLETS AND CAPSULES / BOX,Pharmacare Company,yes,2026-04-05
2459,PARACOD  TABLETS (20 TAB),Paracetamol 325 mgand 20 mg Codeine phosphate,19,20 TABLETS / BOX,Pharmacare Company,yes,2026-04-05
4340,MOXIFLOX 400 MG TABLETS (7 TAB),Moxifloxacin HCl,53,7 TAB/ Box,Pharmacare Company,yes,2026-04-05
2448,MOVALIS 15 MG TABLETS (10 TAB),Meloxicam15 mg,24,10 TABLETS/ BOX,Pharmacare Company,yes,2026-04-05
2449,MOVALIS 15 MG TABLETS (30 TAB),Meloxicam15 mg,64,30 TABLETS / BOX,Pharmacare Company,yes,2026-04-05
2450,Movalis 7.5 Tablets (20 tab),Meloxicam7.5 mg,35,20 Tablets/ box,Pharmacare Company,yes,2026-04-05
2445,MONTIKAST 10 MG TABLETS (30 TAB),Montileukast 10 mg,65,30 TABLETS / BOX,Pharmacare Company,yes,2026-04-05
2443,MEGACARE FORTE  SUSPENSION 60 ML,Flucloxacillin125mg  and 250 Ampicillin,18,ONE BOTTLE OF 60 ML / BOX,Pharmacare Company,yes,2026-04-05
2444,MEGACARE FORTE CAPSULES (16 CAP),Flucloxacillin 250mg and 500 mg Ampicillin,30,16 CAPSULES / BOX,Pharmacare Company,yes,2026-04-05
2439,LORADIN 10MG TABLET (10 TAB),Loratadine10 mg,22,10 TABLETS / BOX,Pharmacare Company,yes,2026-04-05
2436,LIPOROSE 10 TABLETS (30 TAB),Rosuvastatin 10mg,67,30 TABLETS / BOX,Pharmacare Company,yes,2026-04-05
2437,LIPOROSE 20 TABLETS (30 TAB),Rosuvastatin 20mg,99,30 TABLETS / BOX,Pharmacare Company,yes,2026-04-05
2434,LAMIFAST 1% TOPICAL SPRAY,Each 1 ml contains 10 mg  Terbinafine HCl.,20,ONE TOPICAL SPRAY OF 15 ML / BOX,Pharmacare Company,yes,2026-04-05
2435,LAMIFAST CREAM 15 GM,Each 1 gram contains 10 mg Terbinafine HCL.,25,ONE TUBE OF 15 G / BOX,Pharmacare Company,yes,2026-04-05
2432,KLARICARE 500 MG TABLETS (15 TAB),Clarithromycin500mg,60,15 TABLETS / BOX,Pharmacare Company,yes,2026-04-05
2433,KLARICARE XL 500 EXTENDED RELEASE TABLETS (7 TAB),Clarithromycin 500mg,40,7 TABLETS / BOX,Pharmacare Company,yes,2026-04-05
2426,KETORAL 2% SHAMPOO 60 ML,Each 1 gram contains 20 mg Ketoconazole,24,ONE BOTTLE OF 60 ML / BOX,Pharmacare Company,yes,2026-04-05
2423,IODOCARE  SOLUTION 10%  4 LTR.,Each 100 ml contains 10 g Povidone iodine.,108,ONE BOTTLE OF 4 LITERS,Pharmacare Company,yes,2026-04-05
2422,IODOCARE  SURGICAL SCRUB 7.5%  4 LTR.,Povidone Iodine.7.5 %,108,ONE BOTTLE OF 4 LITERS,Pharmacare Company,yes,2026-04-05
2420,GLUCOCARE  5 MG TABLETS (100 TAB),Glibenclamide 5MG,20,100 TABLETS / BOX,Pharmacare Company,yes,2026-04-05
4555,PEMETREXED TARO 1000 MG VIAL,PEMETREXED 1000 MG,7440,1 VIAL,Alram Drug Store,yes,2026-04-05
4363,Fluaminic Day Time cold and cough syrup,phenylephrine HCl and Dextromethorphan HBr,27,120 ml,Pharmacare Company,yes,2026-04-05
4362,Fluaminic Night Time cold and cough syrup,phenylephrine HCl and Diphenylhydramine HCl,27,120 ml,Pharmacare Company,yes,2026-04-05
2411,FLUAMINIC SYRUP 120 ML,"Chlorpheniramine Maleate1 mg , 160 mg acetaminophen, 7.5 mg of Dextromethorphan HBr, and 15 mg Pseudoephedrine HCl.",20,ONE BOTTLE OF 120 ML / BOX,Pharmacare Company,yes,2026-04-05
2568,NYSTATIN READY MIX 30 ML,"Nystatin 100,000 IU",18,30ml,Alram Drug Store,yes,2026-04-05
4463,FluAminic Cough & Congestion,Dextromethorphan HBr  (5 mg) and Guaifenesin (100 mg),27,120 ml,Pharmacare Company,yes,2026-04-05
4851,FEXOEZ SUSPENSION 120 ML,FEXOFENADINE HCL,20,120ML,Pharmacare Company,yes,2026-04-05
4188,Heparin sod> tv,heparin sodium,115,5 vial,Teva,yes,2026-04-05
4579,OLANZAPINE 5MG ODT (28 DISSOLVE TAB),OLANZAPINE 5MG,82,28 DISSOLVES TABLETS,Teva,yes,2026-04-05
2560,ROKACET 20 CAP,Paracetamol-Codeine phosphate,24,20 CAP,Alram Drug Store,yes,2026-04-05
5002,Prexolan 5MG ODT,Olanzapine,85,30 ODT tablet,Jepharm Co.,yes,2026-04-05
6,BRONCHOLATE SYR.NEW FORMU 120 ML,pseudoephedrine HCL 20mg   diphenhydramine HCL 10mg,31,120 ml,AL- JAZEERA DRUG STORE,yes,2026-04-05
15,KALBETEN 262 MG 20 TAB,bismuth subsalicylate 262mg each tab contains approx 7 mg sodium,35,20 Tab,AL- JAZEERA DRUG STORE,yes,2026-04-05
7,‎BRONCHOLATE‎ ‎PLUS‎  ‎20‎ ‎TAB,pseudoephedrine HCL 30mg   diphenhydramine HCL 20mg paracetamol 400mg,21,20Tab,AL- JAZEERA DRUG STORE,yes,2026-04-05
13,GLYCERIN SUPP ADULT  20,glycerin 2.35g,19,20 supp,AL- JAZEERA DRUG STORE,yes,2026-04-05
5,‎BRONCHOLATE‎ ‎FORTE‎ ‎SYR‎.‎NEW 120 ml,pseudoephedrine HCL 20mg   diphenhydramine HCL 10mg codeine phosphate 5mg,31,120 ml,AL- JAZEERA DRUG STORE,yes,2026-04-05
5613,BRONCHO D SYR 120 ML,"Ammonium chloride 136mg, Diphenhydramine hydrochloride 10mg",31,120 ml,AL- JAZEERA DRUG STORE,yes,2026-04-05
11,EASYLAX 120MG  20 TAB,phenolphtalein yellow 120mg,26,20 Tab,AL- JAZEERA DRUG STORE,yes,2026-04-05
14,GLYCERIN CHILD  5 SUPP,glycerin 1.33g,10,5 supp,AL- JAZEERA DRUG STORE,yes,2026-04-05
3,BRONCHOKID SYR.120ML,pseudoephedrine HCL 20mg   diphenhydramine HCL 10mg,31,120 ml,AL- JAZEERA DRUG STORE,yes,2026-04-05
3971,OCTANATE 1000 IU,Factor VIII,2124,1 VIAL,MASROUJI CO.,yes,2026-04-05
3970,OCTANATE 500 IU,Factor VIII,788,1 VIAL,MASROUJI CO.,yes,2026-04-05
5490,EMLA 5% CREAM,"LIDOCAINE 2.5 %,PRILOCAINE 2.5 %",90,30 G TUBE,Beit Hanina Drug Store,yes,2026-04-05
953,EXIDOL 24 TAB,"Acetylsalicylic acid, Paracetamol & Caffeine",29,24 TAB,Beit Hanina Drug Store,yes,2026-04-05
5150,EXIDOL CAP 50 CAPLETS,"250mg Paracetamol, 250 mg Acetylsalicylic, 65mg Caffeine",55,50 CAPLETS,Beit Hanina Drug Store,yes,2026-04-05
5429,EZOMAX 40 MG 14 CAP,ESOMEPRAZOLE,21,14 CAP,Pharmacare Company,yes,2026-04-05
3624,EZOMAX 40 MG CAPSULE (28 CAPSULES),Esomeprazole,39,28 CAPSULES / BOX,Pharmacare Company,yes,2026-04-05
2408,Ezomax 20 mg Capsules (30 Capsules),Ezomeprazole 20 mg,30,30 Capsules/ box,Pharmacare Company,yes,2026-04-05
3623,EZOMAX 20 (28 CAPSULES),Esomeprazole,28,28 CAPSULES / BOX,Pharmacare Company,yes,2026-04-05
4370,Etorix 90 (10 tab),Etoricoxib 90mg,32,10 tab,Pharmacare Company,yes,2026-04-05
4371,Etorix 90 (5 tab),Etoricoxib 90mg,18,5 tab,Pharmacare Company,yes,2026-04-05
2405,ERYTHROCARE  400 MG SUSPENSION 60 ml,Erythromycin 400 mg/ 5 ml,20,60 ml,Pharmacare Company,yes,2026-04-05
4334,D-Triol 0.5 Mcg Soft Gelatin Capsules (30 cap),Calcitriol 0.5 mcg,42,30 CAP,Pharmacare Company,yes,2026-04-05
4461,Dolarit 500 (20 tab),Etodolac,92,20 tab,Pharmacare Company,yes,2026-04-05
4462,Dolarit 500 (30 tab),Etodolac,138,30 TAB/box,Pharmacare Company,yes,2026-04-05
4460,Dolarit 400 (20 tab),Etodolac,63,20 tab,Pharmacare Company,yes,2026-04-05
4459,Dolarit 400 MG 30 TAB,Etodolac,95,30 tab / box,Pharmacare Company,yes,2026-04-05
5508,DICAN 150 MG 3 CAP,FLUCONAZOLE,54,3 CAP,Pharmacare Company,yes,2026-04-05
2398,DERMACARE CREAM 30 GM,Each 1 g contains 0.5 mg clobetasol propionate.,18,ONE TUBE OF 30 G / BOX,Pharmacare Company,yes,2026-04-05
3742,DELAYMAX 30 (3 tab),Dapoxetine  30 mg,45,3 Tab,Pharmacare Company,yes,2026-04-05
2396,DELAYMAX 30 MG TABLETS (4 TABLETS),Dapoxetine 30 mg,60,4 TABLETS / BOX,Pharmacare Company,yes,2026-04-05
2397,DELAYMAX FORTE 60 MG (4 TABLETS),Dapoxetine 60 mg,80,4 TABLETS / BOX,Pharmacare Company,yes,2026-04-05
3743,DELAYMAX FORTE 60MG (3 tab),Dapoxetine  60 mg,65,3 Tab,Pharmacare Company,yes,2026-04-05
2554,ORACORT  5GR OINT,Triamcinolone acetonide,21,tube,Alram Drug Store,yes,2026-04-05
2553,ORACORT E 5 GR OINT,"Triamcinolone acetonide 0.1% w/w, Lidocaine hydrochloride 3% w/w",42,TUBE,Alram Drug Store,yes,2026-04-05
2555,OTOMYCIN EAR DROPS 10 CC,Neomycin-phenylephrine HCL,27,EAR/DROP,Alram Drug Store,yes,2026-04-05
2570,MEROKEN NEW  3 LIT.,Polyethylene glylene,120,3 LIT.,Alram Drug Store,yes,2026-04-05
2635,MONOCORD 50MG 30 TAB S.R,Isosorbide Mononitrate,37,30 TAB S.R,Alram Drug Store,yes,2026-04-05
2601,NORMALAX OTC,Polythylene glycol,20,70 Gm,Alram Drug Store,yes,2026-04-05
2600,NORMALAX OTC 240G POWDER,POLYETHYLENE GLYCOL,60,240 Gm,Alram Drug Store,yes,2026-04-05
2571,OXACATIN SYR 120ML,Oxomemazine,29,SYRUP 120 CC,Alram Drug Store,yes,2026-04-05
2716,OXALIPLATINE 100 /  MYLAN,Oxaliplatin,392,1 VIAL,Alram Drug Store,yes,2026-04-05
2717,OXALIPLATINE  50 / MYLAN,Oxaliplatin,250,1 VIAL,Alram Drug Store,yes,2026-04-05
2621,SUMATRIDEX 100 MG 6 CAP,Sumatriptan as succinate,45,6 caps,Alram Drug Store,yes,2026-04-05
4543,SEVELAMER SACHET TARO 2.4G,SEVELAMER CARBONATE ANHYDROUS 2.4 G,465,60 SACHET,Alram Drug Store,yes,2026-04-05
3930,LATARO EYES DROPS    0.05 MG / 1 ML     2.5 ML,Latanoprost 0.005 %,34,2.5 ml,Alram Drug Store,yes,2026-04-05
3929,LATARO-TIM  	EYE DROPS   2.5 ML,Latanoprost 0.005 % & Timolol 0.5%,38,2.5 ml,Alram Drug Store,yes,2026-04-05
2589,PERCOCET TAB 5MG  20),Acetaminophen-Oxycodone,56,20 TAB,Alram Drug Store,yes,2026-04-05
2692,RISPERIDEX TAB 2MG IL 30),Risperidone 2 mg,51,30 TAB,Alram Drug Store,yes,2026-04-05
4571,‎PEMETREXED‎ ‎TARO‎ ‎VIAL‎ ‎500‎M,PEMETREXED 500MG,3720,1 VIAL,Alram Drug Store,yes,2026-04-05
4556,PEMETREXED TARO 100 MG VIAL,PEMETREXED 100 MG,744,1 VIAL,Alram Drug Store,yes,2026-04-05
1654,TANUP EYE DROPS 2.5 ML,LATANOPROST 50 MCG/ML,36,EYE DROPS,BPC,yes,2026-04-05
1628,RUFENAL 100 MG 12 SUPP.,DICLOFENAC SODIUM,27,12 supp,BPC,yes,2026-04-05
1607,PROFORT 1GM 1 VIAL,CEFTAZIDIME 1000 MG,35,1 VIAL,BPC,yes,2026-04-05
1601,PREDNILET 15 MG SYRUP 60 ML,PREDNISOLONE 15 MG,20,60 ML SYRUP,BPC,yes,2026-04-05
4786,HISTANYL SYRUP,PROMETHAZINE HYDROCHLORIDE 5 MG / 5 ML,22,110 ML,BPC,yes,2026-04-05
1465,DEFEROX  250 MG 30 TAB,DEFERASIROX,2000,30 tab,BPC,yes,2026-04-05
1434,CEFPO 100 MG 20 TAB,CEFPODOXIME PROXETIL 100 MG,70,20 tab,BPC,yes,2026-04-05
5584,AMITRIPTYLINE  TEVA 10 MG 28 TAB<span class='flash'> new </span>,AMITRIPTYLINE,12,28 TAB,Teva,yes,2026-04-05
2659,MICROPIRIN TAB 100MG  30),Acetylsalicylic acid,14,30 tab,Alram Drug Store,yes,2026-04-05
5566,ENOXAPARIN LEDRAXEN 8000 IU (80MG)/0.8ML	SYRINGE 10 PFS,enoxaparin sodium,280,10 PFS,True med,yes,2026-04-02
5564,ENOXAPARIN LEDRAXEN 4000 IU (40MG)/0.4ML SYRINGE 10 PFS,enoxaparin sodium,180,10 PFS,True med,yes,2026-04-02
5565,ENOXAPARIN LEDRAXEN 6000 IU (60MG)/0.6ML	SYRINGE 10 PFS,enoxaparin sodium,235,10 PFS,True med,yes,2026-04-02
5563,ENOXAPARIN LEDRAXEN 2000 IU (20MG)/0.2ML	SYRINGE  10 PFS,enoxaparin sodium,90,10 PFS,True med,yes,2026-04-02
4538,CEFTAZIDINE PANPHARMA 2G 10VIALS,CEFTAZIDIME 2GR,626,10 vial,True med,yes,2026-04-02
4198,REOLIN EFFERVESCENT 200MG 30 TAB,ACETYLCYSTEINE,30,30 TAB,True med,yes,2026-04-02
3425,FOSTER 100/6 MCG  PER ACTUATION INHALATION SOLUTION,Beclomethasone & Formoterol,137,120 Dose,TRANSMED PHARMA,yes,2026-04-02
4221,INHIXA 40,Enoxaparin,36,2 PFS,JePharm Drug Store,yes,2026-04-02
4222,INHIXA 60,Enoxaparin,47,2 PFS,JePharm Drug Store,yes,2026-04-02
3508,GEMNIL 1000,Gemcitabine HCL,256,1 VIAL,JePharm Drug Store,yes,2026-04-02
3507,GEMNIL 200,Gemcitabine HCL,58,1 VIAL,JePharm Drug Store,yes,2026-04-02
4220,INHIXA 20,Enoxaparin,18,2 PFS,JePharm Drug Store,yes,2026-04-02
4111,ABITREN Teva,Diclofenac,35,10 AMP,Teva,yes,2026-04-02
2802,ABITRENE  50MG  SUPP,Diclofenac sodium,14,10 SUPP,Teva,yes,2026-04-02
2806,ABITREXATE 50MG/2ML,Methotrexate,37,1 VIAL,Teva,yes,2026-04-02
5053,"Acamol Shappat Night 500mg, 15mg, 30mg, 2mg CAPLETS 14 CAPLETS","Paracetamol, Dextromethorphan, Pseudoephedrine, chlorpheniramine maleate",12,14 Caplets,Teva,yes,2026-04-02
2828,ACAMOLI BIG KIDS FRUTI250 SYRUP,Paracetamol,36,100 ML,Teva,yes,2026-04-02
2829,ACAMOLI BIG KIDS STR.250 SYRUP,Paracetamol,36,100 ML,Teva,yes,2026-04-02
2854,ALLERGYX TAB 10MG,loratidine,20,10 tab,Teva,yes,2026-04-02
5302,‎BETACALCIP‎ ‎TEVA‎ ‎TUBE‎ ‎30‎G,Calcipotriol 50 mcg / 1g  and Betamethasone (as diptopionate) 0.5 mg/1g,59,30 G,Teva,yes,2026-04-02
5774,ALLERGYX TABLET 20 TAB,Loratadine 10mg,38,20 TAB,Teva,yes,2026-04-02
5775,ALLERGYX TABLET 7 TAB,Loratadine 10mg,15,7 TAB,Teva,yes,2026-04-02
4725,AZACITIDINE TEVA 100 MG VIAL,AZACITIDINE,1212,1 VIAL,Teva,yes,2026-04-02
5303,‎BETACALCIP‎ ‎TEVA‎ ‎TUBE‎ ‎60‎G,Calcipotriol 50 mcg / 1g  and Betamethasone (as diptopionate) 0.5 mg/1g,113,60 G,Teva,yes,2026-04-02
2919,CAPECITABINE TEVA 500MG,CAPECITABINE,671,120 tab,Teva,yes,2026-04-02
2950,CLONEX 2MG TAB          `,Clonazepam,16,30 tab,Teva,yes,2026-04-02
4144,Donepezil Teva 10mg,Donepezil,66,30 TAB,Teva,yes,2026-04-02
4145,Donepezil Teva 5mg,Donepezil,66,30 TAB,Teva,yes,2026-04-02
2982,DOXORUBICIN  TEVA 50 MG/ 25 ML VIAL,DOXORUBICIN 2MG/ML,77,1 VIAL,Teva,yes,2026-04-02
4614,ENTECAVIR 0.5 MG 30 TAB,entecavir,1274,30 tab.,Teva,yes,2026-04-02
4613,ENTECAVIR 1 MG 30 TAB,Entecavir,1274,30 tab.,Teva,yes,2026-04-02
5275,ERLOTINIB TEVA 100 MG 30 TAB,ERLOTINIB,2982,30 TAB,Teva,yes,2026-04-02
5274,ERLOTINIB TEVA 150 MG 30 TAB,ERLOTINIB,3614,30 TAB,Teva,yes,2026-04-02
4123,ESCITALOPRAM TEVA 10 mg,ESCITALOPRAM,36,30 Tab,Teva,yes,2026-04-02
3005,ETOPOSID  200MG/10ML VIAL,Etoposide 20MG/ML,78,1 VIAL,Teva,yes,2026-04-02
4315,Fingolimod TEVA,Fingolimod 0.5  mg,1021,28 tab,Teva,yes,2026-04-02
3019,FLUTINE 20MG  30 CAP,Fluoxetine,25,30 CAP,Teva,yes,2026-04-02
4478,Glucose 5% teva 30 UNITS/250 ML,Glucose 5%,175,250 ml (30 units),Teva,yes,2026-04-02
4412,Glucose 5% Teva 60 UNITS/100ML,Glucose 5%,318,100 ml (60 units),Teva,yes,2026-04-02
4043,HEXAKAPRON Amp 500 mg/ml,Tranexamic Acid,49,10 Amp,Teva,yes,2026-04-02
4400,Irinotecan Teva 20mg /ml 25 ML,irinotecan hydrochloride trihydrate 500 mg / 25 ml,915,1 vial of 25ml,Teva,yes,2026-04-02
4399,Irinotecan Teva 20mg /ml 5ML,irinotecan hydrochloride trihydrate 100 mg/ 5 ml,183,1 vial of 5ml,Teva,yes,2026-04-02
3071,LAXADIN TAB 5MG,Bisacodyl,28,30 tab,Teva,yes,2026-04-02
3076,LETROZOLE TAB 2.5MG,LETROZOLE,59,30 tab,Teva,yes,2026-04-02
3115,MYCOPHENOLATE T.500MG (50,MYCOPHENOLATE,316,50 tab,Teva,yes,2026-04-02
5217,Neotigason 25 mg CAP 30 CAP,Acitretin,136,30 CAPSULES,Teva,yes,2026-04-02
3133,OLANZAPINE T.TAB 10MG,OLANZAPINE,94,28 TAB,Teva,yes,2026-04-02
4413,pregabalin 300 Teva,pregabalin 300 mg,145,56 tab,Teva,yes,2026-04-02
4245,PregabalineTeva 150mg,Pregabaline 150mg,102,56 TAB,Teva,yes,2026-04-02
4244,PregabalineTeva 75mg,Pregabaline 75mg,53,56 TAB,Teva,yes,2026-04-02
2670,CADEX 2MG  30 CAP,Doxazosin as mesylate,17,30 cap,Alram Drug Store,yes,2026-04-02
2671,CADEX 4MG  30 CAP,Doxazosin as mesylate,19,30 cap,Alram Drug Store,yes,2026-04-02
3196,REPAGLINIDE TAB 0.5MG 90 TAB,repaglidine,28,90 TAB,Teva,yes,2026-04-02
3197,REPAGLINIDE TAB 1MG 90 TAB,repaglidine,31,90 TAB,Teva,yes,2026-04-02
3224,SILDENAFILE TAB 100MG (8),SILDENAFILE,168,8 TAB,Teva,yes,2026-04-02
5706,VINCRISTINE VIAL 5MG/5ML,VINCRISTINE,202,1 VIAL,Teva,yes,2026-04-02
3263,TEVAPIRIN 100MG  30 TAB,Acetylsalicylic acid,14,30 tab,Teva,yes,2026-04-02
163,APIDRA SOLOSTAR PEN 5X3ML,INSULIN GLULISINE 100IU/ML,172,5X3ML,MSS,yes,2026-03-31
3951,CIALIS 5 mg Tab,Tadalafil,540,28 Tab,MSS,yes,2026-03-31
2714,VANCOMYCINE Mylan 500 MG POWDR,Vancomycine HCL,28,1 VIAL,Alram Drug Store,yes,2026-03-31
1824,ARCOXIA TAB 30MG,ETORICOXIB,50,28 tab,MSS,yes,2026-03-31
189,CLEXANE 20MG SAFETY LOCK PREFIL SYR,ENOXAPARIN SODIUM 20MG,20,2X0.2ML,MSS,yes,2026-03-31
2019,GRIPMIN S.R.10TAB.,"PSEUDOEPHEDRINE HCl 120MG,CHLORPHENIRAMINE MALEATE  8MG",19,10 TAB.,Jepharm Co.,yes,2026-03-31
4142,VALFORJ 5/160 mg Tab,Amlodipine & Valsartan,70,28 Tab,Beit Jala,yes,2026-03-31
4143,VALFORJ 10/160 mg Tab,Amlodipine & Valsartan,70,28 Tab,Beit Jala,yes,2026-03-31
3922,MIDAZOLAM 5mg/1ml Amp 10 AMP,Midazolam,31,10 amp,Medimarket Drug Store,yes,2026-03-31
4366,PARACETAMOL ALTAN 10MG/ML 50 BAG x100 ML,paracetamol 10mg/ml,356,50 BAG,Medimarket Drug Store,yes,2026-03-31
4288,Norepinephrine Kalceks 1mg/ml 5 AMP,Norepinephrine,48,5 amp/box,Medimarket Drug Store,yes,2026-03-31
4754,dexamethasone kalceks 8mg/2 ml,dexamethasone phosphate 8mg/2 ml,54,10 AMP,Medimarket Drug Store,yes,2026-03-31
3627,PAPAVERINE STEROP 40 mg /10AMP,Papaverin HCl 40mg/2ml,35,10 amp,Medimarket Drug Store,yes,2026-03-31
4716,FLUOXETINE G.L 20 MG,FLUOXETINE HCL,22,28 TAB,Al Bayan Drug Store,yes,2026-03-31
5458,KETAMINE G.L. 10 MG/ML AMP 5 AMP,KETAMINE AS HYDROCHLORIDE 10 MG / 1 ML,98,5 Ampoule,Al Bayan Drug Store,yes,2026-03-31
5699,CANDEPLUS 32/25 - 30 TAB<span class='flash'> new </span>,Candesartan Cilexetil & Hydrochlorothiazide,60,30 TAB,Jepharm Co.,yes,2026-03-31
5701,DEMATOR 10MG - 30 TAB<span class='flash'> new </span>,Torasemide,25,30 TAB,Jepharm Co.,yes,2026-03-31
5700,DEMATOR 20MG - 30 TAB<span class='flash'> new </span>,Torasemide,35,30 TAB,Jepharm Co.,yes,2026-03-31
5785,GENTICIN 40 MG /2ML 100 AMP,GENTAMYCIN,250,100 AMP,Jepharm Co.,yes,2026-03-31
5786,GENTICIN 80 MG /2ML 100 AMP,GENTAMYCIN,300,100 AMP,Jepharm Co.,yes,2026-03-31
5800,PHARMASIN S POWDER  454G,Sodium Polystyrene Sulfate 99.934% w/w,170,454 G /GAR,Jepharm Co.,yes,2026-03-31
2142,"VITAL 1 MG, 1 ML, 100 AMP",CYANOCOBALAMIN 1000mcg/1ml,240,100 AMP.,Jepharm Co.,yes,2026-03-31
4176,ZIROFER 250 Tab,Deferazirox,1826,28 Tab,Jepharm Co.,yes,2026-03-31
4175,ZIROFER 500 Tab,Deferazirox,3293,28 Tab,Jepharm Co.,yes,2026-03-31
5659,BONJESTA 20MG/20MG - 50 TAB<span class='flash'> new </span>,Doxylamine / Pyridoxine,481,50 TAB,TRANSMED PHARMA,yes,2026-03-31
5520,HUMAN ALBUMIN TAKEDA  50MG/ML -500ML (25G),human albumin 50mg/ml (25G),404,500 ML VIAL,Grand Pharm,yes,2026-03-30
5517,HUMAN ALBUMIN TAKEDA 50MG/ML - 250ML (12.5G),human albumin 50mg/ml (12.5G),202,250 ML VIAL,Grand Pharm,yes,2026-03-30
5518,HUMAN ALBUMIN TAKEDA 200 MG/ML - 100 ML (20G),Human Albumin 200 mg/ml (20G),315,100 ML VIAL,Grand Pharm,yes,2026-03-30
1637,RUFENAL1 MG/ML  EYE DROP 10 ML,DICLOFENAC DIETHYL AMMONIUM,28,EYE DROPS,BPC,yes,2026-03-30
1691,BUVIDAL 50000 IU 6 TAB,CHOLECALCIFEROL 50000 IU,36,6 TAB.,BPC,yes,2026-03-30
1593,OXIDUR 8 mg 20 TAB,LORNOXICAM,30,20 TAB,BPC,yes,2026-03-30
1558,MYCOPHENOLATE 500 MG 30TAB,Mycophenolate 500mg,181,30 Tab,BPC,yes,2026-03-30
1538,LOZAR 50 MG 30 TABLETS,LOSARTAN POTASSIUM 50 MG,25,30 tab,BPC,yes,2026-03-30
5262,ETOX 400 TAB - 10TAB,Etodolac,35,10 TAB,BPC,yes,2026-03-30
5273,ETOX 500 MG 20 TAB,ETODOLAC,90,20 TAB,BPC,yes,2026-03-30
1466,DEFEROX 500 MG 30 TAB,DEFERASIROX,3400,30 tab,BPC,yes,2026-03-30
1443,CLARISTINE 10MG TAB,LORATADINE 10 MG,22,10 Tabs,BPC,yes,2026-03-30
1446,CLOVIX 75 TAB 30,CLOPIDOGREL (AS HYDROGEN SULFATE) 75 MG,50,30 tab,BPC,yes,2026-03-30
1435,CEFPO 200 MG 20 TAB,CEFPODOXIME PROXETIL 200 MG,100,20 tab,BPC,yes,2026-03-30
3578,AZARGA EYE DROPS,Brinzolamide 10 mg / ml  & Timolol  5 mg/ ml,45,5 ml,MASROUJI CO.,yes,2026-03-29
3570,MAXITROL OPHTH. OINT.,Dexamethasone & Neomycin & Polymyxin B .,24,3.5 Gm,MASROUJI CO.,yes,2026-03-29
4185,PIQRAY film coated tablets 200mg + 50mg,Alpelisib,15803,56 TAB,MASROUJI CO.,yes,2026-03-29
4450,Fuxran,Fulvestrant,949,2 Pre- Filled Syringe,MASROUJI CO.,yes,2026-03-29
5738,HYRIMOZ 40MG/0.4ML - 2 PFP<span class='flash'> new </span>,Adalimumab,2114,2 PFP,MASROUJI CO.,yes,2026-03-29
5739,HYRIMOZ 40MG/0.4ML - 2 PFS<span class='flash'> new </span>,Adalimumab,2114,2 PFS,MASROUJI CO.,yes,2026-03-29
4596,PEXITREX 1000,PEMETREXED DISODIUM LIVI,7440,1 vial/ pack,MASROUJI CO.,yes,2026-03-29
3665,METOXIM 200MG,Cefpodoxime as proxetil,55,10 film coated tab,MASROUJI CO.,yes,2026-03-29
3436,XOLAIR 150mg / vial,Omalizumab,1817,1VIAL,MASROUJI CO.,yes,2026-03-29
3304,Corsodyl Gel 1% 50g,chlorhexidine Gel x 1,33,50g gel,GSK,yes,2026-03-29
3305,Corsodyl Mouthwash Mint 300ml x 1,chlorhexidine Mouthwash Mint 300ml x 1,29,300 ml,GSK,yes,2026-03-29
3371,ZINNAT SUSP. 250MG/5ML 50ML,cefuroxime axetil Susp. 250mg/5ml,18,50 ml,MASROUJI CO.,yes,2026-03-29
3372,Zinnat Tab. 250Mg 10 TAB,cefuroxime axetil Tab. 250Mg,23,10 tabs,MASROUJI CO.,yes,2026-03-29
3506,COFSPAN,Ivy Leaves Extract,20,100 ML,Jepharm Co.,yes,2026-03-29
3376,Zovirax Cream 5% 2g DMC,acyclovir Cream 5% 2g DMC,34,2g tube,GSK,yes,2026-03-29
3462,CERTICAN 0.75 MG,EVEROLIMUS,1039,60Tab,MASROUJI CO.,yes,2026-03-29
4133,TYKERB 250 mg Tab,Lapatinib Ditosylate Monohydrate,3409,70 Tab,MASROUJI CO.,yes,2026-03-29
4603,SIMULECT 20MG,Basiliximab 20mg,4455,vial + solvent amp,MASROUJI CO.,yes,2026-03-29
4015,VOTRIENT 400 MG 30 TAB,Pazopanib as Hydrochloride,4780,30 TAB,MASROUJI CO.,yes,2026-03-29
4341,KESIMPTA,Ofatumumab 20mg/0.4ml,5378,pre-filled pen,MASROUJI CO.,yes,2026-03-29
4134,REVOLADE 25 MG 28 TAB,Eltrombopag as Olamine,2978,28 Tab,MASROUJI CO.,yes,2026-03-29
4135,REVOLADE 50 MG 28 TAB,Eltrombopag as Olamine,5890,28 Tab,MASROUJI CO.,yes,2026-03-29
4004,MYFORTIC 360 mg Tab,Mycophenolic acid,847,120 Tab,MASROUJI CO.,yes,2026-03-29
2097,PROSPAN 100 ML SYRUP,Ivy Leaves dry extract 0.7g,20,100ml,MASROUJI CO.,yes,2026-03-29
2280,Foradil Dry Cap 60 CAPS,FORMOTEROL FUMARATE DIHYDRATE,65,60 Caps.,MASROUJI CO.,yes,2026-03-29
3390,SIRDALUD 4 mg,Tizinadin,34,30 Tab,MASROUJI CO.,yes,2026-03-29
3389,SIRDALUD 2mg,Tizinadin,19,30 Tab,MASROUJI CO.,yes,2026-03-29
3912,COXITOR 120 mg Tab,Etoricoxib,36,7 Tab,MASROUJI CO.,yes,2026-03-29
4384,LEQVIO Soln. for inj.,Inclisiran,9925,1 PFS,MASROUJI CO.,yes,2026-03-29
2296,LUCENTIS 10MG/ML VIAL,RANIBIZUMAB,1711,vial,MASROUJI CO.,yes,2026-03-29
3755,COXITOR 60 mg FCT,Etoricoxib,60,30 Tab,MASROUJI CO.,yes,2026-03-29
3754,COXITOR 90 mg FCT,Etoricoxib,86,30 Tab,MASROUJI CO.,yes,2026-03-29
3368,Zinacef Inj. 750mg,cefuroxime axetil Inj. 750mg,71,5 vial,MASROUJI CO.,yes,2026-03-29
3370,ZINNAT SUSP. 250MG/5ML 100 ML,cefuroxime axetil Susp. 250mg/5ml,37,100 ml,MASROUJI CO.,yes,2026-03-29
3369,ZINNAT SUSP. 125MG/5ML 50ML,cefuroxime axetil Susp. 125mg/5ml,22,50 ml,MASROUJI CO.,yes,2026-03-29
4115,AIMOVIG 140 mg / ml,Erenumab,1802,1 Pen,MASROUJI CO.,yes,2026-03-29
2252,Aclasta  (solution for infusion 5mg/100ml ),ZOLEDRONIC ACID,1110,100ML,MASROUJI CO.,yes,2026-03-29
5288,JOSIGLIP MET 50/850 56 MGTAB,SITAGLIPTIN HYDROCHLORIDE+METFORMIN HYDROCHLORIDE,86,56 TAB,MASROUJI CO.,yes,2026-03-29
5289,JOSIGLIP MET 50/1000 MG 56 MG TAB,SITAGLIPTIN HYDROCHLORIDE+METFORMIN HYDROCHLORIDE,86,56 TAB,MASROUJI CO.,yes,2026-03-29
5733,DIAPAGLIF 5MG - 30 TAB<span class='flash'> new </span>,Dapagliflozin,79,30 TAB,MASROUJI CO.,yes,2026-03-29
5732,DIAPAGLIF 10MG - 30 TAB<span class='flash'> new </span>,Dapagliflozin,125,30 TAB,MASROUJI CO.,yes,2026-03-29
2394,CLINDEX TOPICAL SOLUTION 30 ML,Clindamycin 1%,28,ONE BOTTLE OF 30 ML / BOX,Pharmacare Company,yes,2026-03-29
2395,CLINDEX VAGINAL CREAM 40 GM,Clindamycin and 10 mg Benzyl Alcohol as preservative.2%,50,ONE TUBE OF 40 G / BOX,Pharmacare Company,yes,2026-03-29
2393,CLINDEX GEL 30 GM,Clindamycin 1%,30,ONE TUBE OF 30 G / BOX,Pharmacare Company,yes,2026-03-29
2388,CIPROCARE  XR TABLETS (14 tab),Ciprofloxacin 1000 mg,63,14 TABLETS / BOX,Pharmacare Company,yes,2026-03-29
2391,CIPROCARE 750 mg TABLETS,Ciprofloxacin750 mg,38,10 TABLETS / BOX,Pharmacare Company,yes,2026-03-29
2392,CIPROCARE XR 7 TAB,Ciprofloxacin 1000 mg,35,7 TABLETS / BOX,Pharmacare Company,yes,2026-03-29
2381,CARE FIRST AID 15% 1 LIT,Each 100 ml contains 15 gr cetrimide and 1.5 gr chlorohexidine gluconate.,36,ONE BOTTLE OF 1 L,Pharmacare Company,yes,2026-03-29
5335,BONTRE 600 MG 20 SACHET,ACETYLCYSTEINE,40,20 SACHET,Pharmacare Company,yes,2026-03-29
4216,Bisotens 10,Bisoprolol Fumarate,19,30 tab,Pharmacare Company,yes,2026-03-29
2367,AZICARE 500 MG CAPSULES (3 cap),Azithromycin 500 mg,24,3 CAP / BOX,Pharmacare Company,yes,2026-03-29
5428,AZICARE 500 MG 6 CAP,AZITHROMYCIN,40,6 CAP,Pharmacare Company,yes,2026-03-29
2365,AZICARE 250 MG CAPSULES,Azithromycin250 mg,24,6 CAPSULES / BOX,Pharmacare Company,yes,2026-03-29
2366,AZICARE 200 SUSPENSION,Azithromycin200 mg /5 ml,35,SUSP. 200 MG,Pharmacare Company,yes,2026-03-29
1413,AZIMEX POWDER,AZITHROMYCIN 200/ 5ML MG,35,22.5 ML SUSP,BPC,yes,2026-03-29
4599,Axivo Nasal Spray with metered dose pump (Suspension),Budesonide,39,10 ml (120 doses),Pharmacare Company,yes,2026-03-29
2357,AMOXICARE 1000 MG TABLETS,Amoxicillin 1000mg,20,10 tab,Pharmacare Company,yes,2026-03-29
2351,ADCEF 300 MG (10 CAP),Cefdinir300mg,42,10 cap,Pharmacare Company,yes,2026-03-29
2352,ADCEF 300MG CAPSULES (14 cap),Cefdinir300 mg,58,14 CAP,Pharmacare Company,yes,2026-03-29
2349,ADCEF 125MG SUSP. 60ML,Cefdinir125 mg/5 ml,40,60 ML,Pharmacare Company,yes,2026-03-29
2350,ADCEF 250 MG  SUSP.60 ML,Cefdinir250mg,55,60 ML,Pharmacare Company,yes,2026-03-29
2348,ACIDEX COMPLETE TABLETS *50,"Famotidine10 mg  , 165 mg of Magnesium Hydroxide, and 800 mg of Calcium Carbonate.",48,50 tab/box (5 tab/blister),Pharmacare Company,yes,2026-03-29
4379,Etoricoxib Taro 90 mg,Etoricoxib 90 mg Film- coated Tablets,42,14 tabs,Alamed Co Ltd drug store,yes,2026-03-29
5340,KIOVIG 100MG/ML - 100ML (10G),Human normal immunoglobulin 100MG/ML -  (10G),3014,100 ML VIAL,Grand Pharm,yes,2026-03-29
2091,PIROX EMULGEL,PIROXICAM 0.5%,21,TUBE OF 30 GM,Jepharm Co.,yes,2026-03-29
2085,OVAPROST 400MG PESSARIES,Progesterone 400 mg,65,15 pessaries,Jepharm Co.,yes,2026-03-29
1694,VOLOXAL 0.5% 5 ML,LEVOFLOXACIN HEMIHYDRATE 0.5%,40,E/D,BPC,yes,2026-03-29
1692,VOLOXAL 500 MG,LEVOFLOXACIN 500 MG,62,7tab),BPC,yes,2026-03-29
3450,VOLOXAL 750 mg Tab,Levofloxacin,88,7 Tab,BPC,yes,2026-03-29
1706,ZINEX 500 MG 10 TAB,CEFUROXIME,40,10 TABLETS,BPC,yes,2026-03-29
1702,ZETAMYCIN 80 MG 5  AMP.,GENTAMYCIN SULPHATE,25,5 amp,BPC,yes,2026-03-29
1698,XYLEN  1% 50 AMP,LIDOCAINE,110,50 AMP,BPC,yes,2026-03-29
2088,PIROX 20MG AMPOULES,PIROXICAM 20 Mg,31,5 ampule,Jepharm Co.,yes,2026-03-29
2090,PIROX 20MG SUPPOSITORIES,PIROXICAM 20MG,27,6 supp,Jepharm Co.,yes,2026-03-29
2118,TIMOLIN 0.5% EYE DROPS,TIMOLOL (AS MALEATE) 0.5%,19,5ml drops,Jepharm Co.,yes,2026-03-29
2111,SILVADERM  CRAM,SILVER SULFADIAZINE 1%,23,TUBE OF 50 GM,Jepharm Co.,yes,2026-03-29
2132,U-GRAM 500MG TABLETS,NALIDIXIC ACID 500MG,63,50 tab,Jepharm Co.,yes,2026-03-29
2133,U-GRAM SUSPENSION,NALIDIXIC ACID 250MG,42,BOTTLE OF 100 ML,Jepharm Co.,yes,2026-03-29
2086,PANTOVER 40 MG E/C TABLETS,Pantoprazole ( As sodium sesquihydrate ) 40 mg,24,14 tablets,Jepharm Co.,yes,2026-03-29
2087,PANTOVER 40 MG E/C TABLETS,Pantoprazole ( As sodium sesquihydrate ) 40 mg,47,30 tablets,Jepharm Co.,yes,2026-03-29
3605,VIRAX HC,Acyclovir & HC,30,5 gr.,BPC,yes,2026-03-29
2040,LAMAPHARM100MG TABLETS,Lamotrigine 100 mg,65,30 tabs,Jepharm Co.,yes,2026-03-29
1690,VIRAX SUSPENSION,ACYCLOVIR,25,60 ml,BPC,yes,2026-03-29
2014,FRINASE NASAL SPRAY,FLUTICASONE PROPIONATE50MCG,34,1 NASAL SPRAY,Jepharm Co.,yes,2026-03-29
2000,FACTIVE 320MG TABLETS,Gemifloxacin ( as Mesylate ) 426.39 mg equivalent to 320 mg Gemifloxacin,69,5 tab,Jepharm Co.,yes,2026-03-29
2001,FACTIVE 320MG TABLETS,Gemifloxacin ( as Mesylate ) 426.39 mg equivalent to 320 mg Gemifloxacin,89,7 tab,Jepharm Co.,yes,2026-03-29
1956,CEFIX 100 MG D/S 75 ML.,CEFIXIME (AS TRIHYDRATE) 100 MG,54,bottle of 75ml,Jepharm Co.,yes,2026-03-29
1943,AQUA BIDIST  10ML.,Distilled Water,115,50 AMP.,Jepharm Co.,yes,2026-03-29
1944,AQUA BIDIST 2ML.,Distilled Water,64,100AMP.,Jepharm Co.,yes,2026-03-29
1945,AQUA BIDIST 5ML. 50 AMP.,Distilled Water,76,50 AMP.,Jepharm Co.,yes,2026-03-29
1684,VASCOR 40 MG 40 TAB,ISOSORBIDE 5 MONONITRATE,22,40 TAB,BPC,yes,2026-03-29
1681,UTISED TABLET.,PHENAZOPYRIDINE HCl,28,20 tab,BPC,yes,2026-03-29
3667,ULTRAFEN 125 Supp,Ibuprufen,20,10 Supp,BPC,yes,2026-03-29
1663,THREE B'S DUOPACK,"THIAMINE HCl, PYROXIDINE HCl & CYANOCOBALAMINE",40,5 amp,BPC,yes,2026-03-29
1661,TERICOX 90 MG,ETORICOXIB 90 MG,32,10 tab,BPC,yes,2026-03-29
1659,TERICOX 120 TAB7 TAB,ETORICOXIB 120 MG,36,7 tabs,BPC,yes,2026-03-29
1658,TERICOX 120 TAB 4TAB,ETORICOXIB 120 MG,21,4 TAB,BPC,yes,2026-03-29
1657,TEMPYRIN DROPS,BENZOCAIN & CHLORBUTANOL & ANTIPYRINE,20,DROPS,BPC,yes,2026-03-29
1653,SPIRONE 100 MG 20 TAB,SPIRONOLACTONE,22,20 tab,BPC,yes,2026-03-29
1650,"SIAFIL 20 MG,1 TAB",TADALAFIL,25,1 tab,BPC,yes,2026-03-29
1648,SIAFIL 5 MG 14 TAB,TADALAFIL,140,14 tab,BPC,yes,2026-03-29
1641,SEDAPRIN  30 TAB,"ASPIRIN, PARACETAMOL, CAFFIENE",30,30 tab,BPC,yes,2026-03-29
1638,RUVAR 20 MG 30 TAB,LEFLUNOMIDE,100,30 TAB,BPC,yes,2026-03-29
2282,Galvus tab 50 mg,VILDAGLIPTIN,36,28 tab,MASROUJI CO.,yes,2026-03-29
2257,Co-Diovan 160/25 ( film- coated ) Tab,VALSARTAN (160mg)HYDROCHLOROTHIAZIDE (25mg),36,28 Tab.,MASROUJI CO.,yes,2026-03-29
2259,Co-Diovan160/12.5  (film-coated) Tab,VALSARTAN (160mg)HYDROCHLOROTHIAZIDE (12.5mg),37,28 Tab.,MASROUJI CO.,yes,2026-03-29
2314,OVITRELLE 250MCG - 1 PFS,CHORIOGONADOTROPIN ALFA 250MCG,154,1 PFS,Grand Pharm,yes,2026-03-29
2287,Gonal-F 900 IU - PEN,FOLLITROPIN ALFA 900IU,1245,1 PEN,Grand Pharm,yes,2026-03-29
2256,CETROTIDE  0.25 MG - 7 VIALS,CETRORELIX AS ACETATE 0.25MG,1122,7 Vial / box,Grand Pharm,yes,2026-03-29
4431,Divinus 10,Dapagliflozin,125,30 Tablets / box,Pharmacare Store,yes,2026-03-26
4430,Divinus 5,Dapagliflozin,79,30 tab,Pharmacare Store,yes,2026-03-26
4397,Celezon 5mg Tablet,Ruxolitinib 5 mg / tab,5245,56 tab / box,Pharmacare Store,yes,2026-03-26
4161,CARCEMIA 100,Imatinib as Mesylate,2003,30 Tab,Pharmacare Store,yes,2026-03-26
4200,Carcemia 400,imatinib as mesylate 400mg,4716,30 tab,Pharmacare Store,yes,2026-03-26
4464,Bicalutamide Pharmacare 150 mg,Bicalutamide,390,30 TAB,Pharmacare Store,yes,2026-03-26
4457,Bicalutamide Pharmacare 50 mg,Bicalutamide,160,30 Tablets / box,Pharmacare Store,yes,2026-03-26
4458,Capecitabine Pharmacare 500,Capecitabine,671,120 tab/box,Pharmacare Store,yes,2026-03-26
2368,BELARA TABLETS (21 TAB),Ethinylestradiol 0.03 mg & 2 mg Chlormadinone acetate,34,21 TABLETS / BOX,Pharmacare Store,yes,2026-03-26
4356,Anastrozole Pharmacare 1mg,Anastrozole,143,30 tab,Pharmacare Store,yes,2026-03-26
2107,SCOBUTYL  AMPOULES,HYOSCINE-N-BUTYL BROMIDE 20MG,399,100 ampoules,Jepharm Co.,yes,2026-03-26
1980,DEXAMIN tablets,DEXCHLORPHENIRAMINE MALEATE 1MG,23,30 tab,Jepharm Co.,yes,2026-03-26
3765,SETANORM 100 mg/ 1 ML SOLUTION,LEVETIRACETAM,139,BOTTLE OF 240 ML,Jepharm Co.,yes,2026-03-26
3947,ROVATIN 10MG TABLETS,Rosuvastatin Calcium,60,30 Tab,Jepharm Co.,yes,2026-03-26
3948,ROVATIN 20MG TABLETS,Rosuvastatin Calcium,85,30 Tab,Jepharm Co.,yes,2026-03-26
2113,SPASMIN TABLETS,"HOMATROPINE METHYL BROMIDE. 2.5MG,  PARACEAMOL 500MG,  ALLOBARBITONE 30MG,  PAPAVERINE HCl 60MG",20,20 tab,Jepharm Co.,yes,2026-03-26
2110,SEPTORAL M/W SOLUTION.,"CETYL PYRIDINIUM CHLORIDE 0.1%, CLOVE OIL 0.06%, PEPPERMENT OIL 0.085%",27,BOTTLE OF 480 ML,Jepharm Co.,yes,2026-03-26
2109,SCOBUTYL CO TABLETS,"HYOSCINE-N-BUTYL BROMIDE 10MG,  PARACETAMOL 250MG",30,20 tab,Jepharm Co.,yes,2026-03-26
2106,SCOBUTYL TABLETS,HYOSCINE-N-BUTYL BROMIDE 10MG,25,20 tabs,Jepharm Co.,yes,2026-03-26
2108,Scobutyl AMPOULES,HYOSCINE-N-BUTYL BROMIDE 20MG,32,5 ampules,Jepharm Co.,yes,2026-03-26
3741,SINAGRA 50MG TABLETS,SILDENAFIL CITRATE50 MG,65,4 TAB,Jepharm Co.,yes,2026-03-26
2112,SINAGRA 50MG TABLETS,SILDENAFIL (AS CITRATE) 50 MG,20,1 tabs,Jepharm Co.,yes,2026-03-26
5257,TADOX XL 500 MG TABLETS,ETODOLAC,70,30 TAB,Jepharm Co.,yes,2026-03-26
5444,TADOX XL 600 MG TABLETS,ETODOLAC,80,30 TAB,Jepharm Co.,yes,2026-03-26
2126,TRUFEN PLUS SUSPENSION,IBUPROFEN 100 MG & PSEUDOEPHEDRINE 15MG,21,BOTTLE OF 100 ML,Jepharm Co.,yes,2026-03-26
2120,TIXON 1 G VIALS,CEFTRIAXONE (SODIUM) 1 G,101,5 vials,Jepharm Co.,yes,2026-03-26
3909,TADA -V 20MG TABLETS,Tadalafil,100,4 TAB,Jepharm Co.,yes,2026-03-26
3908,TADA -V 5MG TABLETS,Tadalafil,140,14 Tab,Jepharm Co.,yes,2026-03-26
3910,TADA-V 20MG TABLETS,Tadalafil,25,1 Tab,Jepharm Co.,yes,2026-03-26
5249,VALBITRIL 100MG TABLETS,Sacubitril - Valsartan,250,60 TAB /BOX,Jepharm Co.,yes,2026-03-26
5250,VALBITRIL 50 MG TABLETS,Sacubitril - Valsartan,170,30 TAB,Jepharm Co.,yes,2026-03-26
5251,VALBITRIL 200MG TABLETS,Sacubitril - Valsartan,300,60 TAB /BOX,Jepharm Co.,yes,2026-03-26
2127,TRUFEN PLUS TABLETS,IBUPROFEN 200 MG & PSEUDOEPHEDRINE 30 MG,18,20 tab,Jepharm Co.,yes,2026-03-26
4455,TRUFEN EXTRA TABLETS,Ibuprofen / Paracetamol 200mg/500mg,20,20 tablets,Jepharm Co.,yes,2026-03-26
4314,TRUFEN FORTE SUSPENSION,ibuprufen 40mg/ml,30,BOTTLE OF 100 ML,Jepharm Co.,yes,2026-03-26
2122,TRUFEN SUSPENSIONS,IBUPRUFEN 100MG,20,BOTTLE OF 100 ML,Jepharm Co.,yes,2026-03-26
4531,ZINAXIM 500MG TABLETS,CEFUROXIME AXETIL 500MG,72,20 tab,Jepharm Co.,yes,2026-03-26
2146,ZINAXIM 250MG TABLETS,CEFUROXIM (AS AXETIL) 250 MG,23,10 tab,Jepharm Co.,yes,2026-03-26
2147,ZINAXIM 500MG TABLETS,CEFUROXIM (AS AXETIL) 500 MG,40,10 tab,Jepharm Co.,yes,2026-03-26
2145,ZINAXIM DRY SUSPENSION,Cefuroxime125mg,19,BOTTLE OF 50 ML,Jepharm Co.,yes,2026-03-26
2152,ZITROCIN 500MG CAPSULES,AZITHROMYCIN 500 MG,23,3 Cap,Jepharm Co.,yes,2026-03-26
2151,ZITROCIN 30ML DRY SUSPENSION,AZITHROMYCIN  200 MG,40,BOTTLE OF 30ML AFTER RECONSTITUTION,Jepharm Co.,yes,2026-03-26
2150,Zitrocin 250MG CAPSULES,AZITHROMYCIN 250 MG,29,6 CAPSULES,Jepharm Co.,yes,2026-03-26
2149,ZITROCIN 15ML DRY SUSPENSION,AZITHROMYCIN  200 MG,24,BOTTLE OF 15ML AFTER RECONSTITUTION,Jepharm Co.,yes,2026-03-26
3715,CARDILOC 10,Bisoprolol fumarate,19,30 Tab,OXYGEN MEDICAL COMPANY,yes,2026-03-25
3717,CARDILOC 2. 5,Bisoprolol fumarate,17,30 Tab,OXYGEN MEDICAL COMPANY,yes,2026-03-25
3716,CARDILOC 5,Bisoprolol fumarate,15,30 Tab,OXYGEN MEDICAL COMPANY,yes,2026-03-25
4403,Lotan 50 mg tab,Losartan potassium 50mg,18,30 tab.,OXYGEN MEDICAL COMPANY,yes,2026-03-25
3994,MELODIL 25 mg Tab,Maprotalin HCl,15,30 Tab,OXYGEN MEDICAL COMPANY,yes,2026-03-25
3993,MELODIL 50 mg Tab,Maprotalin HCl,23,30 Tab,OXYGEN MEDICAL COMPANY,yes,2026-03-25
3718,MIRO 30,Mirtazapine,40,30 Tab,OXYGEN MEDICAL COMPANY,yes,2026-03-25
3709,NEOBLOC 100 mg,Metoprolol,16,30 Tab,OXYGEN MEDICAL COMPANY,yes,2026-03-25
3940,PROCOR  200 mg TAB.,Amiodarone,28,30 Tab,OXYGEN MEDICAL COMPANY,yes,2026-03-25
3941,ZODORM 10 mg Tab,Zolpiderm Tartrate,18,20 Tab,OXYGEN MEDICAL COMPANY,yes,2026-03-25
206,DETHAMYCINE DROPS 10ML,DEXAMETHASONE SOD. PHOSPHATE 0.1% NEOMYCIN SULPHATE 0.5%,24,10 ML,Alwaleed Drug Store,yes,2026-03-25
223,GILEX 10 MG  CAP,DOXIPEN 10MG,17,30 CAP,Alwaleed Drug Store,yes,2026-03-25
224,GILEX 25MG  CAP,DOXIPEN 25MG,22,30 CAP,Alwaleed Drug Store,yes,2026-03-25
232,HYDROCORTISONE 10MG  TAB,HYDROCORTISONE 10MG,49,30 Tab,Alwaleed Drug Store,yes,2026-03-25
183,CEFOVIT FORTE 20 CAP,CEFALEXIN 500MG,30,20 Cap,Alwaleed Drug Store,yes,2026-03-25
292,PREDNISONE 20 MG  TAB,PREDNISONE 20MG,31,30,Alwaleed Drug Store,yes,2026-03-25
181,CEFOVIT 250MG SUSP,CEFALEXIN 250MG / 5 ML,19,60 ML,Alwaleed Drug Store,yes,2026-03-25
299,PRYSOLINE  TAB,PRIMIDONE 250MG,27,30,Alwaleed Drug Store,yes,2026-03-25
313,SEDURAL  TAB,PHENAZOPYRIDINE HCL 100MG,42,30,Alwaleed Drug Store,yes,2026-03-25
321,SYNTHOMYCINE EYE OINT,CHLORAMPHENICOL 5%,27,3.6 GM,Alwaleed Drug Store,yes,2026-03-25
2105,ROOTAN 0.05% CREAM,TRETINOIN 0.05%,18,TUBE OF 20 GM,Jepharm Co.,yes,2026-03-24
4602,Rivoxar 2.5MG TABLETS,Rivaroxaban 2.5mg,120,60 TAB,Jepharm Co.,yes,2026-03-24
4246,RIVOXAR 10MG TABLETS,Rivaroxaban 10mg,209,30 tab,Jepharm Co.,yes,2026-03-24
4247,RIVOXAR 15MG TABLETS,Rivaroxaban 15mg,209,30 tab,Jepharm Co.,yes,2026-03-24
4248,RIVOXAR 20MG TABLETS,Rivaroxaban 20mg,209,30 tab,Jepharm Co.,yes,2026-03-24
5060,REVILAX 10 MG 30 TAB,CYCLOBENZAPRINE,30,30 TAB,BPC,yes,2026-03-24
5058,REVILAX 7.5 MG 30 TAB,CYCLOBENZAPRINE,28,30 TAB,BPC,yes,2026-03-24
5059,REVILAX 5 MG 30 TAB,CYCLOBENZAPRINE,25,30 TAB,BPC,yes,2026-03-24
1616,RAMACETINE EYE OINT,CHLORAMPHENICOL,18,tube,BPC,yes,2026-03-24
1617,RAMACETINE H.C. EYE OINT 3.5 G,chloramphnicol 50mg hydrocortisone acetate 10 mg/gm,20,tube,BPC,yes,2026-03-24
1612,PULMADRIN  DM  SYRUP 100 ML,TRIPROLIDINE HCl &  PSEUDOEPHEDRINE& DEXTROMETHORPHAN,18,SYRUP,BPC,yes,2026-03-24
1614,PULMADRIN EXPECTORANT,TRIPROLIDINE HCl & GUAEFENASIN & PSEUDOEPHEDRINE,18,SYRUP,BPC,yes,2026-03-24
1611,PSORIDERM SCALP APPLICA 25 ML,COLBETASOLE PROPIONATE,18,SOLUTION,BPC,yes,2026-03-24
1596,PERIDOL 5 MG 20 TAB,HALOPERIDOL,18,20 tab,BPC,yes,2026-03-24
1591,OVACLOMIN 50 MG 10 TAB,CLOMIFEN CITRATE,35,10 tab,BPC,yes,2026-03-24
1590,OTODEX EAR DROPS 5 ML,"DEXAMETHASONE SODIUM PHOSPHATE, NEOMYCIN SULFATE & POLYMYXIN-B SULFATE.",18,DROPS,BPC,yes,2026-03-24
2080,OSTEOTAB 70MG TABLETS,ALENDRONTE AS SODIUM 70 MG,44,4 TABLETS,Jepharm Co.,yes,2026-03-24
2069,Neuromax 50MG CAPSULES,Pregabalin 50mg,21,14 CAP,Jepharm Co.,yes,2026-03-24
535,Relestat 0.05%,Epinastine hydrochloride 0.5 mg/ml,32,5ml,ArabCO,yes,2026-03-24
512,Combigan  - 5ml,Brimonidine tartrate 2 mg/mlTimolol 5 mg/ml (as timololmaleate 6.8 mg/ml),60,5 ml ophthalmic solution,ArabCO,yes,2026-03-24
2067,MOXEPHARM 750MG CAPSULES,AMOXYCILLIN (AS TRIHYDRATE)750MG,21,16 caps,Jepharm Co.,yes,2026-03-24
2050,LIGNOCAINE 4% AMPOULES,LIDOCAINE HCl 4%,118,50 AMPOULES OF 10 ML,Jepharm Co.,yes,2026-03-24
2052,LIPONIL 20MG TABLETS,ATORVASTATIN (AS CALCIUM) 20 MG,32,30 TABS.,Jepharm Co.,yes,2026-03-24
2051,LIPONIL 10MG TABLETS,ATORVASTATIN (AS CALCIUM) 10 MG,24,30 tab,Jepharm Co.,yes,2026-03-24
2053,LIPONIL 40MG TABLETS,ATORVASTATIN (AS CALCIUM) 40 MG,49,30 tab,Jepharm Co.,yes,2026-03-24
2042,LAXRAY SYRUP,SENNOSIDES  A&B 150MG,18,BOTTLE OF 75 ML,Jepharm Co.,yes,2026-03-24
2048,LIGNOCAIN 1% AMPOULES,LIDOCAINE HCl 1%,103,50 AMPOULES OF 10ML,Jepharm Co.,yes,2026-03-24
2049,LIGNOCAINE 2% AMPOULES,LIDOCAINE HCl 2%,103,50 AMPOULES OF 10 ML .,Jepharm Co.,yes,2026-03-24
2041,LAMAPHARM 25MG TABLETS,Lamotrigine 25mg,25,30 tab,Jepharm Co.,yes,2026-03-24
2039,LACTUVER 66.7% SYRUP,667 mg lactulose,39,BOTTLE OF 300 ML,Jepharm Co.,yes,2026-03-24
2044,LEVOX 750MG TABLETS,LEVOFLOXACIN (AS HEMIHYDRATE) 750 MG,65,5 TAB,Jepharm Co.,yes,2026-03-24
2043,LEVOX 500MG TABLETS,LEVOFLOXACIN (AS HEMIHYDRATE) 500 MG,62,7 TAB,Jepharm Co.,yes,2026-03-24
2046,LEVOX 750MG TABLETS,LEVOFLOXACIN (AS HEMIHYDRATE) 750 Mg,90,7 tabs,Jepharm Co.,yes,2026-03-24
3861,LEVOX 500MG TABLETS,Levofloxacin,44,5 Tab,Jepharm Co.,yes,2026-03-24
3552,J-DEE 50000IU TABLETS,Cholecalciferol,60,12 Tab,Jepharm Co.,yes,2026-03-24
2034,JOFLAM 50MG TABLETS,Diclofenac potassium 50 mg,30,30 tab,Jepharm Co.,yes,2026-03-24
2037,JP SCRUB 4% SOLUTION,chlorhexidine gluconate 4%w/v,45,BOTTLE OF 500 ML,Jepharm Co.,yes,2026-03-24
2029,JEFLEX 250MG DRY SUSPENSION,CEPHALEXIN (AS MONOHYDRATE) 250MG,24,BOTTLE OF 100 ML,Jepharm Co.,yes,2026-03-24
2031,JEFLEX 500MG CAPSULES,CEPHALEXIN (AS MONOHYDRATE) 500MG,24,16 CAP,Jepharm Co.,yes,2026-03-24
2022,HYPOCOR 10MG TABLETS,Bisoprolol Fumarate 10mg,20,30 TAB,Jepharm Co.,yes,2026-03-24
2017,FUSYLIN-H CREAM,"FUSIDIC ACID 2%, HYDROCORTISONE ACETATE 1%",27,TUBE OF 15 GM,Jepharm Co.,yes,2026-03-24
2015,FUSYLIN CREAM,FUSIDIC ACID 2% W/W,21,TUBE OF 15 GM,Jepharm Co.,yes,2026-03-24
2012,FLU  SYRUP,"PYRILAMINE MALEATE 25MG, PARACETAMOL 120MG, PHENYLEPHRENE HCl 2MG",20,BOTTLE OF 100 ML,Jepharm Co.,yes,2026-03-24
2013,FLU TABLETS,"PARACETAMOL 350MG, CHLORPHENIRAMINE MALEATE 2MG, PHENYLEPHRINE HCl 10MG, CAFFEINE 30MG, DEXTROMETHORPHAN HBr 5MG",20,20 tabs,Jepharm Co.,yes,2026-03-24
2010,FLOXIN 500MG TABLETS,CIPROFLOXACIN (AS HCL) 500MG,25,10 tab,Jepharm Co.,yes,2026-03-24
2011,FLOXIN-HC OTIC DROPS,CIPROFLOXACIN (AS HCL) 0.2%& HYDROCORTISONE 1%,37,BOTTLE OF 10 ML,Jepharm Co.,yes,2026-03-24
1589,ORLISLIM 120 MG 30 CAPS,ORLISTATE PELLETS 120 MG,90,30 CAP,BPC,yes,2026-03-24
1583,OGMIN 875 MG 14  TAB,AMOXICILLIN & CLAVULANIC ACID,35,14 TAB,BPC,yes,2026-03-24
1575,NYSTAZOL VAGINAL OVUL,METRONIDAZOLE + NYSTATIN,30,10 Ovules,BPC,yes,2026-03-24
1563,NOSATREX NASAL 0.05% SPRAY 10 ML,MOMETASONE FUROATE 0.05% W/W,30,NASAL SPRAY 10 ML,BPC,yes,2026-03-24
1564,NEURALIC 150 MG 14 CAP,PREGABALIN,35,14 CAP,BPC,yes,2026-03-24
1566,NEURALIC 300 MG 14 CAP,PREGABALIN,45,14 CAP,BPC,yes,2026-03-24
1565,NEURALIC 75MG 14 CAP,PREGABALIN,31,14 CAP,BPC,yes,2026-03-24
1562,NAPROXAN 275 MG 10 TAB,NAPROXEN SODIUM,18,10 TAB.,BPC,yes,2026-03-24
3962,MYCOSOD 360 MG 60 TAB,Mycophenolate Sodium Equivalent To 360 Mg of Mycophenolic Acid,395,60Tab,BPC,yes,2026-03-24
1555,MODEX 20 TABLET.,CLIDINIUM BR. & CHLORDIAZEPOXIDE,30,20 TAB,BPC,yes,2026-03-24
1554,MOBICOL 200 MG 20 TAB BEL,SULINDAC,45,20 tab,BPC,yes,2026-03-24
1550,METROZOLE 500 MG CAPLET,METRONIDAZOLE,20,20 tab,BPC,yes,2026-03-24
1543,MACROFURAN 100 MG 24 CAP,NITROFURANTOIN 100MG,45,24 CAPS,BPC,yes,2026-03-24
1539,LUCAST 10MG TAB,MONTELUKAST (AS SODIUM SALT) 10 MG,65,30 tab,BPC,yes,2026-03-24
1537,LIPIDEX 40 MG 30 TABLETS,ATORVASTATIN 40MG,45,30 TAB,BPC,yes,2026-03-24
1528,LAMIRASE 1% CREAM 15 G,TERBINAFINE,25,tube,BPC,yes,2026-03-24
1529,LAMIRASE 1% SPRAY,TERBINAFINE,35,SPRAY,BPC,yes,2026-03-24
1530,LAMIRASE 250 MG,TERBINAFINE,34,14 tab,BPC,yes,2026-03-24
4129,VALGANCICLOVIR TEVA Tab,Valganciclovir,4211,60 Tab,Teva,yes,2026-03-23
3281,VINCRISTIN VIAL 1MG/1ML,VINCRISTIN,31,1 VIAL,Teva,yes,2026-03-23
3265,THREOLONE OINT 10 GR,"prednisolone, chloramphenicol",33,tub,Teva,yes,2026-03-23
3266,THREOLONE OINT 20 GR,"prednisolone, chloramphenicol",41,tub,Teva,yes,2026-03-23
3262,TEVAGRAS SYRI.48MIU/0.8ML,filgrastim,224,0.8 ml,Teva,yes,2026-03-23
3260,TEVAGRAStim  SYRI.30MIU/0.5,filgrastim,149,0.5ML,Teva,yes,2026-03-23
5446,TEVA COLD,Paracetamol 300 mg Caffeine anhydrous 30 mg Phenylephrine hydrochloride 10 mg Chlorpheniramine maleate 2 mg,20,20 TAB,Teva,yes,2026-03-23
3256,TEVACUTAN CR.15G,"Clotrimazole, dexamethazone, neomycine",33,15 g,Teva,yes,2026-03-23
3257,TEVADERM CREAM 15G,"isoconazol, diflucotolene",17,15 GM,Teva,yes,2026-03-23
4398,Tenofovir Teva,Tenofovir 245 mg tab,1141,box of 30,Teva,yes,2026-03-23
3255,TERBINAFINE TEVA 250MG,Terbinafine,39,14 CAP,Teva,yes,2026-03-23
2949,CLONEX 0.5MG,Clonazepam,15,30 tab,Teva,yes,2026-03-23
5026,‎TAMSU‎ ‎P‎.‎R‎.‎TEVA‎ ‎T‎.‎0‎.‎4‎MG‎ 30 TAB,TAMSULOSIN,54,30 TAB,Teva,yes,2026-03-23
3250,TAMOXIFEN TEVA T.20MG(30),Tamoxifen,33,30 tab,Teva,yes,2026-03-23
4687,STILLA SINGLES 0.3 ML UNIDOSE,TETRAHYDROZOLINE 0.05%,19,10 UNITS (0.3 ML),Teva,yes,2026-03-23
3565,SYNTHOMYCINE OINT 3%,Chloramphenicol,25,10 gm,Teva,yes,2026-03-23
3242,SPIRONOLACTONE TAB 25MG,SPIRONOLACTONE,11,20 tab,Teva,yes,2026-03-23
3243,SPIRONOLACTONE TV 100MG,SPIRONOLACTONE,22,20 tab,Teva,yes,2026-03-23
5605,SORAFENIB TEVA 200MG - 120 TAB<span class='flash'> new </span>,SORAFENIB,6725,120 TAB,Teva,yes,2026-03-23
3228,SILVEROL CREAM 100 GR,silver sulfadiazine,41,100 g,Teva,yes,2026-03-23
3231,SIMVASTATIN TEVA 20 MG 30 TAB,SIMVASTATIN,16,30 tab,Teva,yes,2026-03-23
3232,SIMVASTATIN TEVA 40MG 30,SIMVASTATIN,25,30 tab,Teva,yes,2026-03-23
3227,SILVEROL CREAM  50 GR TUB,silver sulfadiazine,21,50 g,Teva,yes,2026-03-23
3229,SILVEROL CREAM 400 GR,silver sulfadiazine,111,400 g,Teva,yes,2026-03-23
4545,SERTRALINE TEVA100MG TAB,SERTRALINE,30,30 TAB,Teva,yes,2026-03-23
5776,SILDENAFIL TEVA 100 MG TABLET 4 TAB,SILDENAFIL,89,4 TAB,Teva,yes,2026-03-23
4419,Saline (NaCl 0.9% ),sodium chloride9%,204,50 ml (100 units),Teva,yes,2026-03-23
4544,SERTRALINE TEVA 50MG TAB,SERTRALINE,17,30 TAB,Teva,yes,2026-03-23
5685,ROSUVASTATIN TEVA 10MG - 30 TAB<span class='flash'> new </span>,Rosuvastatin,33,30 TAB,Teva,yes,2026-03-23
5684,ROSUVASTATIN TEVA 20MG - 30 TAB<span class='flash'> new </span>,Rosuvastatin,48,30 TAB,Teva,yes,2026-03-23
4396,Rogaron Lemon and honey,Benzydamine HCl 3mg lozenges,32,box of 20,Teva,yes,2026-03-23
4407,Rogaron Orange and honey,Benzydamine HCl,32,20 lozenges,Teva,yes,2026-03-23
5368,RIVAR  15 MG 28 TAB,RIVAROXIBAN,215,28 TAB,Teva,yes,2026-03-23
5369,RIVAR 20 MG 28 TAB,RIVAROXIBAN,215,28 TAB,Teva,yes,2026-03-23
5370,RIVAR 10 MG 30 TAB,RIVAROXIBAN,215,30 TAB,Teva,yes,2026-03-23
3193,RECTOZORIN SUPP 12 SUPP,"bismuth, thymol, zinc, menthol, benzocaine",30,12 SUPP,Teva,yes,2026-03-23
5025,RALOXIFENE TEVA 60MG 30TAB,RALOXIFENE,80,30 TAB,Teva,yes,2026-03-23
3192,RECTOZORIN OINT 50 GM,"bismuth, thymol, zinc, menthol, benzocaine",31,50 g,Teva,yes,2026-03-23
3179,QUETIAPINE FUM.TAB 200(30,QUETIAPINE,86,30 tab,Teva,yes,2026-03-23
5050,Qvar 100 Mcg AEROSOL,Beclomethasone Dipropionate,84,200 Actuations AEROSOL,Teva,yes,2026-03-23
5051,Qvar100 Mcg INHALER (60 doses),Beclomethasone Dipropionate,84,AUTOHALER,Teva,yes,2026-03-23
4780,PRAVASTATIN TEVA 20 MG 30 TAB,Pravastatin,25,30 tab,Teva,yes,2026-03-23
3174,PROPYL THIOCIL 30 TAB,PROPYL THIOCIL,25,30 tab,Teva,yes,2026-03-23
5281,PRASUGREL TEVA 10 MG 28 TAB,Prasugrel,100,28 tab,Teva,yes,2026-03-23
4781,PRAVASTATIN  TEVA 40 MG 30 TAB,Pravastatin 40mg,44,30 tab,Teva,yes,2026-03-23
3165,PITREX 1% CREAM 15GR,tolanaftate,19,15 gm,Teva,yes,2026-03-23
4346,KETOPROF 100 MG/2ML 5 AMP,KETOPROFEN100 MG / 2 ML,22,5 AMP,BPC,yes,2026-03-23
5317,KETOPROF DERMAL SPRAY 10%,KETOPROFEN,60,20 ML,BPC,yes,2026-03-23
4381,FAVIVIR 200MG TABLETS,Favipiravir,270,40 Tab,Jepharm Co.,yes,2026-03-23
2005,FERRITON-3 DROPS,IRON 50 MG (AS IRON III HYDROXIDE POLYMALTOSE COMPLEX),33,BOTTLE OF 15ML,Jepharm Co.,yes,2026-03-23
5112,EMPA-25 TABLETS,EMPAGLIFLOZIN,100,30 TAB,Jepharm Co.,yes,2026-03-23
2004,FERRITON-3 SYRUP,RON (AS IRON III HYDROXIDE POLYMALTOSE COMPLEX)50MG,40,BOTTLE OF 110ML,Jepharm Co.,yes,2026-03-23
3153,PACLITAXEL TEVA 100MG/16.7 ML  VIAL,PACLITAXEL 6MG/ML,573,1 VIAL,Teva,yes,2026-03-23
3154,PACLITAXEL TEVA 300MG / 50 ML  VIAL,PACLITAXEL 6MG /ML,1368,50 ml,Teva,yes,2026-03-23
1998,ENTOGYL 500mg tablets,METRONIDAZOLE 500MG,21,20 tab,Jepharm Co.,yes,2026-03-23
1999,ENTOGYL SUSPENSION,METRONIDAZOLE 125MG,21,BOTTLE OF 120ML,Jepharm Co.,yes,2026-03-23
3148,OXALIPLATIN 100MG/20ML,OXALIPLATIN,392,20 ml,Teva,yes,2026-03-23
1988,DICLOFEN 50MG TABLETS,DICLOFENAC SOD. 50MG,21,30 tabs,Jepharm Co.,yes,2026-03-23
5111,EMPA-10 tablets,EMPAGLIFLOZIN,85,30 TAB,Jepharm Co.,yes,2026-03-23
3138,OPTALGIN 500MG 20 TAB,DYPIRONE,17,20 tab,Teva,yes,2026-03-23
4348,OPTALGIN DROPS NEW 500 MG/ML 20 ML,Dypirone,32,20 ml DROP,Teva,yes,2026-03-23
1994,DICLOFEN 100MG TABLETS,DICLOFENAC SOD. 100MG,21,20 tab,Jepharm Co.,yes,2026-03-23
1987,DICLOFEN Ampoules,DICLOFENAC SOD. 75MG & LIDOCAINE 8MG/3ML,270,100 AMP.,Jepharm Co.,yes,2026-03-23
3448,DICLOFEN EMULGEL,Diclofenac sodium 1%,28,60 gm,Jepharm Co.,yes,2026-03-23
5024,OPTALGIN DROPS NEW 500 MG/ML 50 ML,DYPIRONE,71,50 ML,Teva,yes,2026-03-23
1526,ITRANOX 100 MG 4 CAP,ITRACONAZOLE,16,4 CAP,BPC,yes,2026-03-23
1525,ITRANOX 100 MG CAPSULES,ITRACONAZOLE,50,14 caps,BPC,yes,2026-03-23
3134,OLANZAPINE T.TAB 5MG (28),OLANZAPINE,54,28 tab,Teva,yes,2026-03-23
5737,OLANZAPINE TEVA 7.5MG 56 F.C.TAB,OLANZAPINE,233,56 FCT,Teva,yes,2026-03-23
3129,OFLOXACIN T.TAB 200MG(20),ofloxacin,23,20 tab,Teva,yes,2026-03-23
4580,OLANZAPINE 10 MG ODT (28 dissolve tab),OLANZAPINE 10 MG,122,28 DISSOLVES TABLETS,Teva,yes,2026-03-23
3120,NAXYN 500MG 30 TAB,Naproxen,26,30 tab,Teva,yes,2026-03-23
3126,NORMITEN 100 MG TAB 30,Atenolol,18,30 tab,Teva,yes,2026-03-23
3117,NAROCIN 20 TAB 275 MG,Naproxen Sodium,28,20 tab,Teva,yes,2026-03-23
1979,DESMORIN NASAL SPRAY,Desmopressin Acetate 0.1 mg/ml equivalent to 89 mcg desmopressin,105,NASAL SPRAY 6 ML,Jepharm Co.,yes,2026-03-23
1976,DECIDONE 40mg TABLETS,Risperidone 4mg,104,30 tabs,Jepharm Co.,yes,2026-03-23
3589,MOXYPEN FORTE 250 MG / 5 ML POWDER FOR ORAL SUSPENSION 60 ML,AMOXICILLIN,14,60 ML,Teva,yes,2026-03-23
3113,MUPIROCIN-TEVA 2%15G OINT,MUPIROCINE,28,15g,Teva,yes,2026-03-23
1974,DECIDONE 2mg TABLETS,Risperidone 2 mg,48,30 tabs,Jepharm Co.,yes,2026-03-23
1975,DECIDONE 3mg TABLETS,Risperidone 3 mg,76,30 tabs,Jepharm Co.,yes,2026-03-23
1973,DECIDONE1mg TABLETS,Risperidone 1 mg,30,30 tabs,Jepharm Co.,yes,2026-03-23
5238,MOXYPEN FORTE 250 MG / 5 ML  POWDER FOR ORAL SUSPENSION 100 ML,AMOXICILLIN,23,100 ML,Teva,yes,2026-03-23
3110,MOXYPEN FORTE 500MG CAPSULE 10 CAP,Amoxicillin,14,10 cap,Teva,yes,2026-03-23
1965,clobed 75 mg 30 tab,Clopidogrel ( As Bisulfate ) 75 mg,53,30 tab,Jepharm Co.,yes,2026-03-23
1522,IOSEPT OINTMENT 10 % 1 KG,POVIDONE IODINE,124,1 kg,BPC,yes,2026-03-23
3101,METFORMIN TEVA 850MG,Metformin,14,30 tab,Teva,yes,2026-03-23
5827,MOXYPEN  FORTE 500 MG CAPSULES 20 CAP<span class='flash'> new </span>,AMOXICILLIN AS TRIHYDRATE,28,20 CAP,Teva,yes,2026-03-23
4304,Ceroton 10,Escitalopram Oxalate 10mg,37,30 tab,Jepharm Co.,yes,2026-03-23
4130,LINEX 0.05 % SPRAY,Xylometazoline,27,10 ml,Teva,yes,2026-03-23
4127,LINEX 0.1% Spray,Xylometazoline HCl,29,10 ml,Teva,yes,2026-03-23
5279,LERCANAPRIL TEVA 10 /10 30 TAB,Lercanidipine HCL and Enalapril Maleate,30,30 tab,Teva,yes,2026-03-23
5280,LERCANAPRIL TEVA 10 /20 30 TAB,Lercanidipine HCL and Enalapril Maleate,34,30 tab,Teva,yes,2026-03-23
4347,INFLICTA 10 MG TAB,DAPAGLIFLOZIN 10MG/ TAB,125,30 TAB,BPC,yes,2026-03-23
4693,LENALIDOMIDE TEVA 10 MG CAP,LENALIDOMIDE,10910,21 CAP,Teva,yes,2026-03-23
4694,LENALIDOMIDE TEVA 20 MG CAP,LENALIDOMIDE,10910,21 CAP,Teva,yes,2026-03-23
4692,LENALIDOMIDE TEVA 5 MG CAP,LENALIDOMIDE,10910,21 CAP,Teva,yes,2026-03-23
5144,Candepine 16/5 TAB 30 TAB,candesartan & Amlodipine,65,30 tab,Jepharm Co.,yes,2026-03-23
5142,Candepine 8/2.5 TAB,candesartan & Amlodipine,45,30 tabs / box,Jepharm Co.,yes,2026-03-23
4305,Ceroton 20,Escitalopram Oxalate 20mg,54,30 tab,Jepharm Co.,yes,2026-03-23
4696,LENALIDOMIDE TEVA 15 MG CAP,LENALIDOMIDE,10910,21 CAP,Teva,yes,2026-03-23
4695,LENALIDOMIDE TEVA 25MG CAP,LENALIDOMIDE,10910,21 CAP,Teva,yes,2026-03-23
5143,Candepine 8/5 TAB,candesartan & Amlodipine,55,30 TAB/BOX,Jepharm Co.,yes,2026-03-23
3654,CABERLINE 0.5 mg,Cabergolline,46,2 Tab,Jepharm Co.,yes,2026-03-23
1954,CALCIVID  600,CALCIUM CARBONATE EQUIVALENT TO 600 MG ELEMENTAL CALCIUM & VIT.D 200 IU,35,60 TAB.,Jepharm Co.,yes,2026-03-23
1518,I.O.P EYE DROPS,DORZOLAMIDE (AS HCl),27,5ML EYE DROPS,BPC,yes,2026-03-23
1519,I.O.P. PLUS EYE DROPS,DORZOLAMIDE (AS HCl) & TIMOLOL (AS MALEATE) 0.5%,40,5ML EYE DROPS,BPC,yes,2026-03-23
1948,BALGESIC,"ORPHENADRINE CITRATE 35 mg, PARACETAMOL 450 mg",38,20 tab,Jepharm Co.,yes,2026-03-23
2136,ARBOZIDE 320/25 mg 30 Tab,Valsartan 320mg / HCT 25,47,30 tabs,Jepharm Co.,yes,2026-03-23
2134,ARBOZIDE160/12.5 mg,Valsartan 160mg / HCT 12.5,37,30 Tab,Jepharm Co.,yes,2026-03-23
2137,ARBOZIDE 80/12.5 mg,Valsartan 80mg / HCT 12.5,28,30 tab,Jepharm Co.,yes,2026-03-23
1931,ALDOPA 250 MG,METHYL DOPA 250MG,23,30 tab,Jepharm Co.,yes,2026-03-23
1515,HISTANYL AMPULE 50 MG 100 AMP,PROMETHAZINE HCl,323,100 amp,BPC,yes,2026-03-23
1513,HISTANYL AMPULE 25 MG  5 AMP,PROMETHAZINE HCl,20,5 amp,BPC,yes,2026-03-23
1510,GOLINE 0.5 MG TAB,CABERGOLINE 0.5 MG,46,2 tab,BPC,yes,2026-03-23
4846,GASTREX 20 MG 5 AMP,FAMOTIDINE 20 MG,33,5 AMP,BPC,yes,2026-03-23
1499,FLUCAN 50 MG CAPS 7 CAP,FLUCONAZOLE,49,7 caps,BPC,yes,2026-03-23
4646,FLICTAMET XR 10/1000,METFORMIN HCL 1000 MG & DAPAGLIFLOZIN 10 MG,137,30XR TAB,BPC,yes,2026-03-23
4871,FLICTAMET XR 5/1000 30 TAB,Metformin Hcl 1000 MG & Dapagliflozin 5 mg / TAB,77,30,BPC,yes,2026-03-23
5256,FLATEX 250 MG SOFT GELATIN CAP 30 CAP,SIMETHICONE,45,30 CAP,BPC,yes,2026-03-23
5218,FLATEX 125 SOFT GELATIN CAPS 30 CAP,SIMETHICONE,38,30 CAP,BPC,yes,2026-03-23
1484,ERYTHROLET 200 MG GRAN 100 ML,ERYTHROMYCIN ETHYL SUCCINATE,18,100ml susp,BPC,yes,2026-03-23
1486,ERYTHROTAB 250 MG 24 TAB,ERYTHROMYCIN STEARATE,18,24 tab,BPC,yes,2026-03-23
1478,DUVALEPT SYRUP 110 ML,SODIUM VALPROATE,22,SYRUP,BPC,yes,2026-03-23
1624,DORACEPH 400 MG 10 CAP,CEFIXIME TRIHYDRATE,75,10 Tab,BPC,yes,2026-03-23
1472,DIMESTIL ORAL DROPS,DIMETINDENUM MALEIC 1 MG/ML (0.5MG/DROP),18,Oral Drops,BPC,yes,2026-03-23
3062,KALURIL 30 TAB,Amiloride HCl 5mg Hydrochlorothiazide 50mg,18,30 tab,Teva,yes,2026-03-23
5485,LANSO-TEVA 30MG CAP( G2),Lansoprazole,26,28 CAP,Teva,yes,2026-03-23
3058,IMATINIB-TEVA T.400MG,IMATINIB,6252,30 tab,Teva,yes,2026-03-23
1463,DECORT 4MG AMP.100Amp,DEXAMETHASONE NA PHOSPHATE,300,100 AMP.,BPC,yes,2026-03-23
1462,DECORT 4MG AMP(5),DEXAMETHASONE NA PHOSPHATE,18,5 amp.,BPC,yes,2026-03-23
1461,DECORT 2MG 20 TAB,DEXAMETHASONE BASE,35,20 tab,BPC,yes,2026-03-23
1464,DECORT 20 MG 100 AMP.,DEXAMETHASONE NA PHOSPHATE,465,100 AMP.,BPC,yes,2026-03-23
5682,IBOO 2% 200 ML SUSP,Ibuprofen 100 MG/5 ML,38,200 ML,Teva,yes,2026-03-23
1457,DECONGEX S.R 8 CAP,PSEUDOEPHEDRINE HCl 120 MG & CHLORPHENIRAMINE MALEATE 8 MG,18,8 CAP,BPC,yes,2026-03-23
3050,HYCOMYCIN SKIN OINT 15 GM,"hydrocotison, neomycin",16,tube,Teva,yes,2026-03-23
4126,IBOO 2% Susp.,Ibuprofen,22,100 ml,Teva,yes,2026-03-23
4239,IBOO 4% for children,IBUPRUFEN,28,30ml susp,Teva,yes,2026-03-23
3049,HEXAKAPRON TAB (20),Tranexamic Acid,29,20 tab,Teva,yes,2026-03-23
4477,Glucose 5% teva 10 UNITS/1000 ML,Glucose 5%,50,10 unit /1000ml,Teva,yes,2026-03-23
1452,DARONEX 200MG TAB,AMIODARONE HCl 200 MG,26,30 tab,BPC,yes,2026-03-23
4479,Glucose 5% teva 50 UNITS/500 ML,Glucose 5%,99,500ML(20 UNIT),Teva,yes,2026-03-23
4740,FULVESTRANT TEVA 250 MG/5ML 2 vial,FULVESTRANT,896,2 VIAL,Teva,yes,2026-03-23
3024,FUSID TAB 40MG,furosemide,14,30 tab,Teva,yes,2026-03-23
3012,FLUCONAZOLE T.CAP 150MG(1,FLUCONAZOLE,20,1 capsule,Teva,yes,2026-03-23
5214,Famotidine Teva 20 mg 30 tab,Famotidine,26,30 tab,Teva,yes,2026-03-23
5215,Famotidine Teva 40 mg	30 tab,Famotidine,29,30 tab,Teva,yes,2026-03-23
1429,CEFALEX 500MG 16 CAP,CEPHALEXIN MONOHYDRATE 500 MG,24,16 CAP,BPC,yes,2026-03-23
5771,ETOPOSIDE VIAL 20MG/ML 50 ML,Etoposide,307,1 VIAL,Teva,yes,2026-03-23
3004,ETOPOSID  100MG/ 5ML VIAL,Etoposide 20MG/ML,41,1 VIAL,Teva,yes,2026-03-23
4849,DUORESP SPIROMAX 160 MCG/4.5 MCG 120 DOSES,BUDESONIDE/FORMOTEROL,125,120 DOSES,Teva,yes,2026-03-23
4850,DUORESP SPIROMAX 320 MCG/9 MCG 60 DOSES,BUDESONIDE/FORMOTEROL,143,1 INHALER 60 DOSES,Teva,yes,2026-03-23
5265,DULOX TEVA 30 MG 30 TAB,DULOXETINE,54,30 TAB,Teva,yes,2026-03-23
5239,Dulox Teva 60 mg TAB 30 TAB,duloxetine,80,30 TAB,Teva,yes,2026-03-23
2983,DOXORUBICIN TEVA 200MG/100 ML VIAL,DOXORUBICIN 2MG/ML,308,1 VIAL,Teva,yes,2026-03-23
1428,"CEFALEX 250MG GRAN,100ml",CEPHALEXIN MONOHYDRATE 250 MG,22,100ml susp,BPC,yes,2026-03-23
2979,DOPICAR TAB,Carbidopa-Levodopa,28,30 tab,Teva,yes,2026-03-23
2963,DESMOPRESSIN TAB 0.1MG,Desmopressin acetate 0.1 mg,91,30 tab,Teva,yes,2026-03-23
2964,DESMOPRESSIN TAB 0.2MG(30,Desmopressin acetate 0.2 mg,135,30 tab,Teva,yes,2026-03-23
5284,DASATINIB TEVA 100 MG 30 TAB,DASATINIB,6146,30 TAB,Teva,yes,2026-03-23
5287,DASATINIB TEVA 20 MG 60 TAB,DASATINIB,4315,60 TAB,Teva,yes,2026-03-23
5286,DASATINIB TEVA 50 MG 60 TAB,DASATINIB,6291,60 TAB,Teva,yes,2026-03-23
5285,DASATINIB TEVA 70 MG 60 TAB,DASATINIB,6509,60 TAB,Teva,yes,2026-03-23
3973,CUROSURF,Poractant,3004,3 ml vial,Teva,yes,2026-03-23
5777,CUROSURF 120MG/1.5ML VIAL,Phospholipid fraction from porcine lung 80mg,1502,1 VIAL,Teva,yes,2026-03-23
2955,COD ACAMOL TAB 15\325MG,Codeine Phosphate-Paracetamol,13,10 tab,Teva,yes,2026-03-23
4699,CLOPIDOGREL 75 MG TAB,CLOPIDOGREL,29,30 TAB,Teva,yes,2026-03-23
2953,CLOTHREE  200MG,Clotrimazole,39,3 VAG TAB,Teva,yes,2026-03-23
2926,CARVEDILOL  6.25MG,CARVEDILOL,16,30 tab,Teva,yes,2026-03-23
2921,CARBOPLATIN  150MG/15M Concentrate for solution for i.v infusion,CARBOPLATIN 10MG/ML,157,1 INJ,Teva,yes,2026-03-23
2922,CARBOPLATIN 450MG/45ML Concentrate for solution for i.v infusion,CARBOPLATIN 10MG/ML,404,1 INJ,Teva,yes,2026-03-23
2925,CARVEDILOL TAB 12.5MG,CARVEDILOL,17,30 tab,Teva,yes,2026-03-23
2914,BUDESONIDE STERIN 1MG/2ML,Budesonide,86,susp for inhalation,Teva,yes,2026-03-23
2915,BUDESONIDE STERINEBS 0.5M/2ML,Budesonide,72,susp for inhalation,Teva,yes,2026-03-23
2908,BLASTOVINE PF 1MG/ML 10ML,Vinblastine Sulfate,59,10ML vial,Teva,yes,2026-03-23
5686,BIMATILOL 0.3MG/5MG - 3ML EYE DROP<span class='flash'> new </span>,Bimatoprost + Timolol,49,3 ML EYE DROP,Teva,yes,2026-03-23
5679,BIMATOPROST 0.3MG/ML - 3ML<span class='flash'> new </span>,Bimatoprost,61,3 ML Eye drop,Teva,yes,2026-03-23
5742,BICALUTAMIDE TEVA 150 MG TAB  30 TAB,BICALUTAMIDE,492,30 TAB,Teva,yes,2026-03-23
2907,BICALUTAMIDE TEVA T.50MG,BICALUTAMIDE,219,30 tab,Teva,yes,2026-03-23
2905,BETAHISTINE TEVA TAB 16MG,betahistin Hcl,15,30 tab,Teva,yes,2026-03-23
4534,AZITHRO TEVA 200 MG / 5 ML 15 ML,AZITHROMYCIN 200 MG /5 ML,22,15 ml BOT,Teva,yes,2026-03-23
4535,AZITHRO TEVA 200 MG / 5 ML 22.5ML,AZITHROMYCIN 200 mg /5 ml,34,22.5 ML BOT,Teva,yes,2026-03-23
2892,ATTENT TAB 10MG (30),dextroamphetamins,263,30 tab,Teva,yes,2026-03-23
2893,ATTENT TAB 20MG (30),dextroamphetamins,341,30 tab,Teva,yes,2026-03-23
2885,ASSIVAL 10 MG TAB 30    `,diazepam,16,30 TAB,Teva,yes,2026-03-23
2894,ATTENT TAB 30MG,dextroamphetamins,406,30 tab,Teva,yes,2026-03-23
4259,ARCO-TEVA TAB 90MG  14),Etoricoxib 90mg,42,14 tab,Teva,yes,2026-03-23
4690,ASSIVAL 5 MG TAB,DIAZEPAM,16,30 TAB,Teva,yes,2026-03-23
2875,ANASTROZOLE TEVA T.1MG(30,ANASTROZOLE,176,30 TAB,Teva,yes,2026-03-23
5580,Apixaban Teva 2.5MG TAB 60 TAB,Apixaban,170,60 TAB,Teva,yes,2026-03-23
5583,APIXABAN TEVA 5 MG 60 TAB,APIXABAN,190,60 TAB,Teva,yes,2026-03-23
4474,Amlodipine Teva 10 MG 30 tablets,Amlodipine 10 MG tab,16,30tablets,Teva,yes,2026-03-23
2874,AMOXICLAV T.TAB 875MG,Amoxicillin/clavulanic acid,37,14 tab,Teva,yes,2026-03-23
4475,Amlodipine Teva 5 mg 30 tablets,Amlodipine 5 mg,14,30 tablets,Teva,yes,2026-03-23
5266,ACAMOL SHAPPAT DAY,"Paracetamol 500 mg, Dextromethorphan 15 mg, Pseudoephedrine 30 mg",29,35 caplet,Teva,yes,2026-03-23
5772,ACAMOL FOCUS CAPLET  50 CAPLETS,"Acetylsalicylic acid 250 mg, Paracetamol 250 mg, Caffeine anhydrous 65 mg",55,50 CAPLET,Teva,yes,2026-03-23
2810,ACAMOL 500MG TAB 20 TAB,Paracetamol,13,20 tab,Teva,yes,2026-03-23
2801,ABIPLATIN VIAL 50MG/50ML,cisplatinum,104,1 VIAL,Teva,yes,2026-03-23
1451,CYPRODIN 2 mg 20 TAB.,CYPROHEPTADINE HCl 2 MG,25,20 Tabs,BPC,yes,2026-03-17
1450,CYPRODIN SYR 2 MG/5ML,CYPROHEPTADINE HCl 2 mg/5ml,25,100 ML SYRUP,BPC,yes,2026-03-17
1448,COLLIHIST EYE DROPS -(7ML),NAPHAZOLINE 0.25MG + PHENIRAMINE MALEATE 3MG,22,EYE DROPS,BPC,yes,2026-03-17
1444,CLARISTINE SYRUP,LORATADINE 5 MG / 5 ML,22,Bottle,BPC,yes,2026-03-17
1437,CEPROXX 500MG 10 CAPLET,CIPROFLOXACIN 500 MG,25,10 caplet,BPC,yes,2026-03-17
1433,CEFIXON 1G VIAL(5 vial),CEFTRIAXON (AS SODIUM) 1 GM,100,5 VIAL,BPC,yes,2026-03-17
3681,CEFIMED 125 MG 60 ML SUSP,CEFDINIR,40,60 ML,BPC,yes,2026-03-17
3682,CEFIMED 250 MG 60 ML SUSP,CEFDINIR,55,60 ML,BPC,yes,2026-03-17
3916,CEFIMED 300 mg 10 CAP,CEFDINIR,42,10 Cap,BPC,yes,2026-03-17
1423,CEFADROX 250MG GRAN 60 ML,CEFADROXIL MONOHYDRATE 250 MG,25,60 ML SUSP,BPC,yes,2026-03-17
1424,CEFADROX 500 MG 12 TAB.,CEFADROXIL MONOHYDRATE 500 MG,30,12 tab,BPC,yes,2026-03-17
1414,BASILOX 0.5% 5 ML EYE/ DROPS,MOXIFLOXACIN 0.5 %,45,EYE DROPS,BPC,yes,2026-03-17
1412,AZIMEX 500MG CAPS,AZITHROMYCIN 500 MG,42,6 CAPSULES,BPC,yes,2026-03-17
1411,AZIMEX 250 MG 6 CAPS.,AZITHROMYCIN 250 MG,25,6 CAPSULES,BPC,yes,2026-03-17
4847,ANIGON 100 MG 30 VAGINAL TAB,PROGESTERON,100,30 VAGINAL TAB,BPC,yes,2026-03-17
1406,ANCOZINE 20 TAB,MECLOZINE HCl & VIT B6,18,20 tab,BPC,yes,2026-03-17
3585,AMUVED 100 MG 30TAB,LAMIVUDINE,170,30 Tab,BPC,yes,2026-03-17
1405,AMOXITID 750MG CAPS.,AMOXICILLIN 750,18,12 Cap,BPC,yes,2026-03-17
1404,AMOXITID 500MG CAPS.,AMOXICILLIN 500,18,16 Cap,BPC,yes,2026-03-17
1394,AMICOR PLUS  5/160 mg,AMLODIPINE BESYLATE 5 MG & VALSARTAN 160 MG,80,30 TABS,BPC,yes,2026-03-17
4558,ACIDAL CAP 14 CAP,Omeprazole 40 mg & Sodium Bicarbonate 1100 mg,40,14 Capsules,BPC,yes,2026-03-17
760,NORMOPRESAN 30 TAB,Clonidine HCL,17,30 TAB,Syam Drug Store,yes,2026-03-17
1831,DIPROGENTA CREAM 15GR,BETAMETHASONE AS DIPROPIONATE/ GENTAMICIN (AS SULFATE),29,tube,MSS,yes,2026-03-16
1759,VERMOX 100 MG,MEBENDAZOLE,28,6 TAB,MSS,yes,2026-03-16
4532,‎ACICLOVIR‎ ‎VISION,ACICLOVIR 3%W/W,71,5g/tube,Al Bayan Drug Store,yes,2026-03-16
3599,INFASURF 35 mg/ ml,Calfactant as Phospholipid,1882,6 ml,Syam Drug Store,yes,2026-03-15
800,RAFASSAL ENEMA 4GM/7,Mesalazine,172,7 BOTTLE,Syam Drug Store,yes,2026-03-15
795,RAFASSAL 1GM CAPLETS/30,Mesalazine,91,30 CAPLETS,Syam Drug Store,yes,2026-03-15
2663,ACERIL 25 MG 90 TAB,Captopril,29,90 TAB,Alram Drug Store,yes,2026-03-15
2664,ACERIL 50  MG  90 TAB,Captopril,44,90 TAB,Alram Drug Store,yes,2026-03-15
4331,BORTEZOMIB TARO 3.5 MG 1 vial,Bortizomib 3.5 mg,2212,1 vial,Alram Drug Store,yes,2026-03-15
4593,COMBODEX TAB 150/500MG 24,150 MG IBUPROFEN AND 500 MG PARACETAMOL,38,24 caplets,Alram Drug Store,yes,2026-03-15
3932,CAPECITABINE TARO 500MG 120TABS,Capecetabine,671,120 FCT,Alram Drug Store,yes,2026-03-15
3933,ZOLEDRONIC ACID TARO 4MG/5ml,Zoledronc acid,427,1 vial,Alram Drug Store,yes,2026-03-15
2656,ZYLLERGY 10MG  20 CAP  (OTC),Cetirizine Dihydrochloride,41,20 cap,Alram Drug Store,yes,2026-03-15
2715,VANCOMYCINE MYLAN 1G VIAL,Vancomycine HCL,53,1 VIAL,Alram Drug Store,yes,2026-03-15
4321,DUTASTERIDE CAPS  30),dutasteride 0.5 mg,122,30 cap,Alram Drug Store,yes,2026-03-15
2576,ESTELLE 35 21X3TAB,Cyproterone acetate-Ethinylestradiol,62,21X3 TAB,Alram Drug Store,yes,2026-03-15
2575,ESTELLE 35 21TAB,Cyproterone acetate-Ethinylestradiol,21,21 tab,Alram Drug Store,yes,2026-03-15
5714,FLUTAROL 5% W/W - 40G CREAM<span class='flash'> new </span>,Fluorouracil,215,40g cream,Alram Drug Store,yes,2026-03-15
5715,FLUTAROL 5% W/W - 20G CREAM<span class='flash'> new </span>,Fluorouracil,116,20g cream,Alram Drug Store,yes,2026-03-15
2620,SUMATRIDEX 50MG 6 CAP,Sumatriptan as succinate,38,6 caps,Alram Drug Store,yes,2026-03-15
2628,GLUBEN 5MG 100 TAB,Glibenclamide,35,100 tab,Alram Drug Store,yes,2026-03-15
2651,KLARIDEX 250MG 14 CAP,Clarithromycin,29,14 CAP,Alram Drug Store,yes,2026-03-15
896,‎TOBI‎ ‎PODHALER‎ ‎CAP‎(‎224‎-‎29‎G,TOBRAMYCIN,9177,224 CAPS/PACK,Alram Drug Store,yes,2026-03-15
4201,TAROCLINDIN‎ ‎GEL‎ ‎45 ‎GR,clindamycine phosphate + benzyl peroxide,145,45g gel,Alram Drug Store,yes,2026-03-15
2569,TARODENT MOUTHWASH,Chlorhexidine gluconate,29,MOUTHWASH,Alram Drug Store,yes,2026-03-15
2551,ENTUMINE TAB 40MG  30 TAB,Clotiapine,21,30 tab,Alram Drug Store,yes,2026-03-15
5510,ERLOTINIB TARO 100 MG - 30 TAB <span class='flash'> new </span>,ERLOTINIB,2982,30 FCT,Alram Drug Store,yes,2026-03-15
5509,ERLOTINIB TARO 150 MG -30 TAB <span class='flash'> new </span>,ERLOTINIB,3614,30 FCT,Alram Drug Store,yes,2026-03-15
5345,EVEROLIMUS TARO 2.5 MG  TAB 30 TAB,Everolimus 2.5 MG,2539,30 tab,Alram Drug Store,yes,2026-03-15
5347,EVEROLIMUS TARO 10 MG  TAB 30 TAB,Everolimus 10 MG,4785,30 tab,Alram Drug Store,yes,2026-03-15
5346,EVEROLIMUS TARO 5 MG  TAB 30 TAB,Everolimus 5 MG,3486,30 tab,Alram Drug Store,yes,2026-03-15
5414,HISTAFED 30 FCT,TRIPROLIDINE HCL 2.5 MG+PSEUDOEPHEDRINE HCL 60 MG,29,30 FCT,OXYGEN MEDICAL COMPANY,yes,2026-03-12
4082,lamogine 200 mg,lamotrigine 200mg,108,30 TAB,OXYGEN MEDICAL COMPANY,yes,2026-03-12
4214,Nabuco,nabumetone 500mg,21,20 tab,OXYGEN MEDICAL COMPANY,yes,2026-03-12
4084,cabotrim .5,Cabergoline,178,8 tab,OXYGEN MEDICAL COMPANY,yes,2026-03-12
5117,Menopur Injection,Menotrophin corresponding to 75 I.U. FSH & 75 I.U. LH.,862,1 VIAL+ SOLVENT,CEZAR,yes,2026-03-10
3521,MENOPUR MULTIDOSE 600 IU 1VIAL,Menotrophin,747,1 vial,CEZAR,yes,2026-03-10
3520,MENOPUR MULTIDOSE 1200 IU 1VIAL,Menotrophin,1586,1 vial,CEZAR,yes,2026-03-10
680,ELLA 30 MG / 1 TAB,Ulipristal Acetate,108,1 TAB,Syam Drug Store,yes,2026-03-10
5254,IMFINZI VIAL 120MG/2.4ML - 1 VIAL,DURVALUMAB,2012,1 VIAL,Omnipal,yes,2026-03-10
5240,LUNSUMIO 1MG /ML VIAL,MOSUNETUZUMAB,1237,1 VIAL,Omnipal,yes,2026-03-10
5248,LUNSUMIO 30MG/30ML -  VIAL,MOSUNETUZUMAB,34749,1 VIAL,Omnipal,yes,2026-03-10
4626,ROZLYTREK 100MG - 30 CAP,ENTRECTINIB 100 MG,4480,30 CAP,Omnipal,yes,2026-03-10
4625,ROZLYTREK 200MG - 90 CAP,ENTRECTINIB 200 MG,24450,90 CAP,Omnipal,yes,2026-03-10
981,POLYCUTAN CREAM 15 GR,"Clotrimazole, Dexamethasone acetate & Neomycin sulfate",32,15 GR,Beit Hanina Drug Store,yes,2026-03-10
982,POLYCUTAN CREAM LARGE - 30G,"Clotrimazole, Dexamethasone acetate & Neomycin sulfate",55,30 GR,Beit Hanina Drug Store,yes,2026-03-10
901,AGISTEN V 200MG - 3 V.T,Clotrimazole,39,3 TAB,Beit Hanina Drug Store,yes,2026-03-10
1218,PENTASA GRANULES 2GR,MESALAZINE,290,(60 SACHETS),CEZAR,yes,2026-03-10
2611,MICROLET 12 TUBES,Sodium citrate-sodium lauryl sulpho acetate-glycerol,37,12 TUBES,Alram Drug Store,yes,2026-03-09
2636,NORMALOL 100MG 30 TAB,Atenolol,19,30 tab,Alram Drug Store,yes,2026-03-09
2637,NORMALOL 50MG 30 TAB,Atenolol,14,30 tab,Alram Drug Store,yes,2026-03-09
2582,LOZAPINE 100MG 50TAB,Clozapine 100 mg,100,50 tab,Alram Drug Store,yes,2026-03-09
2629,IBUFEN 400MG 50 CAP,Ibuprofen,32,50 cap,Alram Drug Store,yes,2026-03-09
5247,ADATAR GEL 30GM 2.5%,"Benzoyl peroxide (as hydrous), Adapalene",87,30 gram,Alamed Co Ltd drug store,yes,2026-03-09
4770,XYNTHA 1000 IU VIAL,MOROCTOCOG ALPHA,2349,1000 IU/VIAL,Beit Hanina Drug Store,yes,2026-03-09
2558,TERIL 200MG     50 TAB,Carbamazepine 200 mg,18,50 TAB,Alram Drug Store,yes,2026-03-09
2615,CIPRODEX 500MG 10 TAB,Ciprofloxacin as HCL 500 mg,26,10 tab,Alram Drug Store,yes,2026-03-09
2665,GLUCOMIN 850MG  30 CAP,Metformin HCL,14,30 cap,Alram Drug Store,yes,2026-03-09
3559,AMIKAN 500MG/2ML 1X2ML,AMIKACIN as Sulphate,14,1 VIAL,CEZAR,yes,2026-03-09
5151,LEVODEX EYE DROP,1mg/1ml Dexamethasone and 5mg/1ml Levofloxacin,44,5 ML,CEZAR,yes,2026-03-09
2587,CALCIMORE 60TAB,"CALCIUM CARBONATE 600MG, TAB",26,60 tab,Alram Drug Store,yes,2026-03-09
2592,PROFEX TAB 150MG  30 TAB,Propafenone HCL 150 mg,18,30,Alram Drug Store,yes,2026-03-09
2593,PROFEX TAB 300MG  30 TAB,Propafenone HCL 300 mg,38,30,Alram Drug Store,yes,2026-03-09
3989,PANADOL 500mg,PARACETAMOL,14,20 TAB,GSK,yes,2026-03-09
4526,Rosuvastatin-medo 20mg,Rosuvastatin as calcium 20mg,104,30 tab,AL- NASR DRUG STORE,yes,2026-03-09
4796,IRINOL 40 MG,IRINOTECAN HYDROCHLORIDE TRIHYDRATE,71,1 VIAL,Al Bayan Drug Store,yes,2026-03-09
4218,Levebon,Levetiracetam 100mg/ml,379,10 vial of 5 ml,Al Bayan Drug Store,yes,2026-03-09
4779,VASOPRESSIN FARMAK 20IU/ML 10 AMP,VASOPRESSIN ACETATE,2342,10 AMP,Al Bayan Drug Store,yes,2026-03-09
5183,BUPENSAN DUO 2 MG/0.5 MG SUBLINGUAL TAB 28 TABLETS,"BUPRENORPHINE AS HYDROCHLORIDE 2 MG , NALOXONE AS HYDROCHLORIDE DIHYDRATE 0.5 MG",131,28 TABLETS SUBLINGUAL,Al Bayan Drug Store,yes,2026-03-09
5182,BUPENSAN DUO 8 MG /2MG SUBLINGUAL TABLETS 28 TAB.,"BUPRENORPHINE AS HYDROCHLORIDE 8 MG , NALOXONE AS HYDROCHLORIDE DIHYDRATE 2 MG",213,28 TABLETS SUBLINGUAL,Al Bayan Drug Store,yes,2026-03-09
4817,IRINOL 100 MG,Irinotecan Hydrochloride Trihydrate,183,1 VIAL,Al Bayan Drug Store,yes,2026-03-09
4797,DOXOL 80mg 20mg/ml 4ml VIAL,Docetaxel (as Anhydrous),1214,1 VIAL,Al Bayan Drug Store,yes,2026-03-09
4798,DOXOL 20 MG,DOCETAXEL AS ANHYDROUS,331,1 VIAL,Al Bayan Drug Store,yes,2026-03-09
4619,Lenalidomide S.K. 15mg,Lenalidomide15mg,10910,21 Capsule,Al Bayan Drug Store,yes,2026-03-09
4620,Lenalidomide S.K. 5mg,Lenalidomide 5mg,10910,21 Capsule,Al Bayan Drug Store,yes,2026-03-09
4621,Lenalidomide S.K. 10mg,Lenalidomide10mg,10910,21 Capsule,Al Bayan Drug Store,yes,2026-03-09
4618,Lenalidomide S.K. 25mg,Lenalidomide 25mg,10910,21 Capsule,Al Bayan Drug Store,yes,2026-03-09
5795,ROSULIP 10MG- 30TAB,Rosuvastatin,64,30 TAB,BPC,yes,2026-03-09
5794,ROSULIP 20MG- 30TAB,Rosuvastatin,86,30 TAB,BPC,yes,2026-03-09
2590,ZINDACLIN 30 G,Clindamycin phosphate 1%,62,30G gel,Alram Drug Store,yes,2026-03-05
4238,Paracetamol Taro,Paracetamol iv,10,10mg/1ml vial 100ml,Alram Drug Store,yes,2026-03-05
3630,SEVELAMER TARO 800 MG 180TAB,Sevelamer carbonate,715,180 coated tablet,Alram Drug Store,yes,2026-03-05
5314,TaroClindin gel 25 GM,clindamycin(as phosphate) 1% w/w + benzoyl peroxide (as hydrous) 5% w/w,86,25 GM,Alram Drug Store,yes,2026-03-05
3952,KAMRHO-D 150 MCG /ML IM VIAL 2ML,ANTI-D IMMUNOGLOBULINS 150 MCG/ML,270,1vial of 2 ml,MEDIPHARM RISHMAWI,yes,2026-03-05
3406,OMNIPAQUE 300,IOHEXOL,400,500ML,MSS,yes,2026-03-05
4947,FERRITON SOLUTION FOR INJECTION,20mg Iron (III) ( As Iron Sucrose Complex ) / 1ml,133,5 Ampoules of 5 ml / box,Jepharm Co.,yes,2026-03-05
3407,OMNIPAQUE 350,IOHEXOL,126,100ML,MSS,yes,2026-03-05
5689,OMNIPAQUE 300 mg /ml,iohexol,206,200 ML BOTTLE,MSS,yes,2026-03-05
5688,OMNIPAQUE 350 mg /ml,iohexol,229,200 ml bottle,MSS,yes,2026-03-05
3515,Visipaque 320 /100 ML,Iodixanol  625 mg / ml,137,100 ml,MSS,yes,2026-03-05
3516,Visipaque 320/ 200ML,Iodixanol  625 mg / ml,249,200 ml,MSS,yes,2026-03-05
3866,Arcoxia 60 mg,Etoricoxib 60mg,31,14 TAB,MSS,yes,2026-03-05
1836,DIPROSPAN INJ. 2ML 1'S,BETAMETHASONE AS DIPROPIONATE/ BETAMETHASONE SODIUM PHOSPHATE,49,1 INJ,MSS,yes,2026-03-05
1851,JANUET 50/500,METFORMIN HYDROCHLORIDE/ SITAGLIPTIN AS MONOHYDRATE PHOSPHATE,86,56 TAB,MSS,yes,2026-03-05
1852,JANUET 50/850,METFORMIN HYDROCHLORIDE/ SITAGLIPTIN AS MONOHYDRATE PHOSPHATE,86,56 Tabs,MSS,yes,2026-03-05
1883,RIZALT RPD 10MG X3 WAFERS,RIZATRIPTAN AS BENZOATE,54,3 WAFERS,MSS,yes,2026-03-05
1758,VELCADE,BORTEZOMIB,2509,1 VIAL,MSS,yes,2026-03-05
5083,"VENCLEXTA STARTING PACK (10,50,100)",VENETOCLAX,4598,42 TAB,MSS,yes,2026-03-05
1762,ZYTIGA 250 MG,Abiraterone Acetate,11478,120 tab,MSS,yes,2026-03-05
1928,BISOPROLOL FUMARATE 10 MG INOVA,BISOPROLOL FUMARATE 10 MG,19,30 TAB,DAR AL-DAWAA COMPANY,yes,2026-03-05
3558,BORTEZOMIB INOVAMED 3.5MG VIAL,BORTEZOMIB,2245,1 Vial 10 ml,DAR AL-DAWAA COMPANY,yes,2026-03-05
1921,GABAPENTIN 300 MG CAP  INOVA 100CAP,GABAPENTIN300 MG CAP,102,100 CAP,DAR AL-DAWAA COMPANY,yes,2026-03-05
1922,GABAPENTIN 400 MG CAP  INOVA 100 CAP,GABAPENTIN 400 MG  CAP,126,100 CAP,DAR AL-DAWAA COMPANY,yes,2026-03-05
1923,ONDANSETRON 4 MG TAB  INOVA 10 TAB,ONDANSETRON 4 MG TAB,130,10 TAB,DAR AL-DAWAA COMPANY,yes,2026-03-05
1924,ONDANSETRON 8 MG TAB  INOVA 10 TAB,ONDANSETRON 8 MG TAB,178,10 TAB,DAR AL-DAWAA COMPANY,yes,2026-03-05
5651,PREGABALIN INOVAMED 150 MG  -56 CAP<span class='flash'> new </span>,PREGABALIN,150,56 CAP,DAR AL-DAWAA COMPANY,yes,2026-03-05
5652,PREGABALIN INOVAMED 300 MG  -56 CAP<span class='flash'> new </span>,PREGABALIN,180,56 CAP,DAR AL-DAWAA COMPANY,yes,2026-03-05
5650,PREGABALIN INOVAMED 75 MG  -56 CAP<span class='flash'> new </span>,PREGABALIN,109,56 CAP,DAR AL-DAWAA COMPANY,yes,2026-03-05
1925,TAMSULOSIN 0.4 MG TAB INOVA 30 TAB,TAMSULOSIN.4 MG TAB,54,30 TAB,DAR AL-DAWAA COMPANY,yes,2026-03-05
5591,VARDENAFIL INOVAMED 10MG- 4 TAB,vardenafil hydrochloride,61,4 TAB,DAR AL-DAWAA COMPANY,yes,2026-03-05
5590,VARDENAFIL INOVAMED 20MG - 4 TAB,vardenafil hydrochloride,88,4 TAB,DAR AL-DAWAA COMPANY,yes,2026-03-05
659,BENZAC 5% GEL 60gm,Benzoyl Peroxide,63,TUBE,Syam Drug Store,yes,2026-03-04
5434,EPIDUO  PUMP GEL 15 GM 2.5%,"Adaplene 0.1%, Benzyl peroxide 2.5%",49,15 GM,Syam Drug Store,yes,2026-03-04
669,CODIVIS CAPSULES /10,Codeine+ phenyltoloxamine as resinate,31,10 CAP,Syam Drug Store,yes,2026-03-04
682,ENALAPRI 20MG TABS. /30,Enalapril Maleate,18,30 TAB,Syam Drug Store,yes,2026-03-04
672,COLIRACIN 6ML VIAL,Colistimethate Sodium,47,VIAL,Syam Drug Store,yes,2026-03-04
4125,EPIDUO PUMP GEL 30 GM,Adapelene & Benzoyl proxide 25 mg,87,30 GM,Syam Drug Store,yes,2026-03-04
684,ESRACAIN 1% 10ML AMPS/50,Lidocaine,230,50 AMP,Syam Drug Store,yes,2026-03-04
685,ESRACAIN 2% 10ML AMPS/50,Lidocaine,230,50 AMP,Syam Drug Store,yes,2026-03-04
3528,FINOLIM 0.5 MG TAB  28 TAB,Fingolimod HCl,8829,28 Tab,Syam Drug Store,yes,2026-03-04
728,LOCERYL NAIL LACQUER 2.5 ml,Amorolfine as HCL,49,2.5 ML,Syam Drug Store,yes,2026-03-04
778,PAMID TABS. F.C. 2.5MG/ 30,Indapamide,26,30 TAB,Syam Drug Store,yes,2026-03-04
2285,Gonal-F 450 IU - PEN,FOLLITROPIN ALFA 450IU,584,1 PEN,Grand Pharm,yes,2026-03-04
4862,ERBITUX 5MG/ML - 100ML VIAL,Cetuximab 5 mg/ml,3496,100 ML VIAL,Grand Pharm,yes,2026-03-04
3669,MAVENCLAD 10MG - 4 TAB,CLADRIBINE 10MG,26042,4 TAB,Grand Pharm,yes,2026-03-04
3668,MAVENCLAD 10MG - 6 TAB,CLADRIBINE 10MG,38390,6 TAB,Grand Pharm,yes,2026-03-04
812,ROZEX GEL 30 GM,Metronidazole,34,TUBE,Syam Drug Store,yes,2026-03-04
822,TEEJEL  GEL10 GM,Choline Salicylate + Cetalkonium Chloride,24,TUBE,Syam Drug Store,yes,2026-03-04
695,FERINJECT 500 mg / 10 ML VIAL 10 VIALS,Ferric Carboxymaltose,400,10 VIALS,Syam Drug Store,yes,2026-03-04
451,POINT 275 MG 20 TAB,naproxane sodium 275 mg,34,20 tab,OXYGEN MEDICAL COMPANY,yes,2026-03-04
4028,SMOFKABIVEN - 1BAG,Several amino acids & lipids & minerals,534,1 Bag of 1970 ml,Alrazi Drug Store,yes,2026-03-04
45,CIPRALEX 10MG - 28TAB,ESCITALOPRAM AS OXALATE 10MG,37,28 tab,Alrazi Drug Store,yes,2026-03-04
51,CLOPIXOL 10MG -  50TAB,ZUCLOPENTHIXOL AS DIHYDROCHLORIDE 10MG,24,50 TAB,Alrazi Drug Store,yes,2026-03-04
5486,ABEVMY 100 MG VIAL G1,Bevacizumab,690,1 VIAL,Transcend Drugstore,yes,2026-03-04
5489,ABEVMY 400 MG VIAL G1,Bevacizumab,2800,1 VIAL,Transcend Drugstore,yes,2026-03-04
5627,ARANESP 150 MCG - 4 SYR,DARBEPOETIN ALFA,4146,4 syringe,Transcend Drugstore,yes,2026-03-04
5626,ARANESP 30 MCG - 4 SYR,DARBEPOETIN ALFA,844,4 syringe,Transcend Drugstore,yes,2026-03-04
5628,ARANESP 60 MCG - 4 SYR,DARBEPOETIN ALFA,1685,4 syringe,Transcend Drugstore,yes,2026-03-04
5661,Dysport 500MG - VIAL,Clostridium botulinum type A-toxin-haemagglutinin coplex,942,1 vial,Transcend Drugstore,yes,2026-03-04
3562,GODAMED 100mg Tab,Acetylsalicylic acid,14,30 Tab,MEDIPAL /AL_AZZOUNI COMP.,yes,2026-03-04
4228,OGIVRI 420MG VAIL,Trastuzumab 440mg,1992,vial,Transcend Drugstore,yes,2026-03-04
4977,SEMGLEE 100 IU/ML 5 PFP,INSULIN GLARGINE,232,5 PFP,Transcend Drugstore,yes,2026-03-04
4527,Rosuvastatin - Medo 40 mg,Rosuvastatin as calcium 40mg,152,30 tab in box,AL- NASR DRUG STORE,yes,2026-03-03
4525,Rosuvastatin-medo 10mg,Rosuvastatin as calcium 10mg,72,30 tab,AL- NASR DRUG STORE,yes,2026-03-03
5763,MORPHINE KALCEKS 10MG - 10AMP<span class='flash'> new </span>,MORPHINE,31,10 AMP,Medimarket Drug Store,yes,2026-03-03
4167,MEMANTIN -GRINDEKS 10 mg Tab,MEMANTIN,128,60 Tab,Medimarket Drug Store,yes,2026-03-03
4869,DIAZEPAM-GRINDEKS 5 MG 20 TAB,DIAZEPAM,11,20 TAB,Medimarket Drug Store,yes,2026-03-03
5642,MEDIPIRIN 100 MG 30 TAB,Aspirin (Acetyl Salicylic Acid) 100 mg,14,30 TAB,Medimarket Drug Store,yes,2026-03-03
797,RAFASSAL 500MG CAPLETS/60,Mesalazine,88,60 CAPLETS,Syam Drug Store,yes,2026-03-02
792,PROTHIAZINE 25 MG TABS / 30,Promethazine HCL,30,30 TAB,Syam Drug Store,yes,2026-03-02
768,OMEPRA 40 MG CAPS./28,Omeprazole,48,28 CAP,Syam Drug Store,yes,2026-03-02
755,MUCOLIT ORAL SOLUTION /110ML,Carbocisteine,23,110 ML,Syam Drug Store,yes,2026-03-02
751,MUCOLIT CAPS /20,Carbocisteine,41,20 CAP,Syam Drug Store,yes,2026-03-02
746,MODAL FORTE 200MG TABS/40,Sulpiride,40,40 TAB,Syam Drug Store,yes,2026-03-02
726,LANTON 30MG CAPS/28,Lanzoprazole,26,28 CAP,Syam Drug Store,yes,2026-03-02
704,FLUTIFORM 125/5 INHALER 120 DOSES,Fluticasone Propionate+Formetrol Fumarate,147,120 DOSES,Syam Drug Store,yes,2026-03-02
703,FLUTIFORM 50/5 INHALER 120 DOSES,Fluticasone Propionate+Formetrol Fumarate,110,120 DOSES,Syam Drug Store,yes,2026-03-02
705,FLUTIFORM 250/10 INHALER 120 DOSES,Fluticasone Propionate+Formetrol Fumarate,231,120 DOSES,Syam Drug Store,yes,2026-03-02
696,FERRIFOL100MG TABS/30,Ferrous as Iron III hydroxide polymatose complex+ Folic acid,47,30 TAB,Syam Drug Store,yes,2026-03-02
675,DEPALEPT 200 MG / 40TABS,Valproic acid as sodium,17,40 TAB,Syam Drug Store,yes,2026-03-02
670,COLCHICIN 0.5 MG 30 TAB,Colchicine,18,30 TAB,Syam Drug Store,yes,2026-03-02
4880,Cetraxal ear drops 10ML,"Ciprofloxacin / Fluocinolone Acetonide (3 mg/ml, 0.25mg/ml)",29,10 ML,Syam Drug Store,yes,2026-03-02
4162,RIXATHON 100 mg/10ml,Rituximab,1598,2 Vial,MASROUJI CO.,yes,2026-03-01
4163,RIXATHON 500 mg / 50 ml,Rituximab,3498,1 Vial,MASROUJI CO.,yes,2026-03-01
1294,CRESTOR 10MG - 28TAB,Rosuvastatin as calcium 10 mg,69,28 tab,Omnipal,yes,2026-03-01
1295,CRESTOR 20MG - 28TAB,Rosuvastatin as calcium 20 mg,99,28 tab,Omnipal,yes,2026-03-01
837,VENOFER INJ /5,Ferrous as iron III Hydroxide sucrose complex,60,BOX,Syam Drug Store,yes,2026-03-01
3655,DIPYRONE 1000 mg  I.V10 AMP,Metamizol,27,10 amp,Medimarket Drug Store,yes,2026-03-01
5607,HERZUMA 150MG - VIAL<span class='flash'> new </span>,Trastuzumab,1473,VIAL,CEZAR,yes,2026-02-26
5606,HERZUMA 420MG - VIAL<span class='flash'> new </span>,Trastuzumab,4125,VIAL,CEZAR,yes,2026-02-26
5858,PHENYLEPHRINE VISION 10% 5ML E.D<span class='flash'> new </span>,PHENYLEPHRINE HYDROCHLORIDE,13,5 ML EYE DROP,Al Bayan Drug Store,yes,2026-02-26
5876,TECENTRIQ 1875MG/15ML - VIAL<span class='flash'> new </span>,Atezolizumab 125mg/ml,17548,1 VIAL,Omnipal,yes,2026-02-26
1393,AMICORE PLUS 10/160 mg,AMLODIPINE BESYLATE 10 MG & VALSARTAN 160 MG,80,30 Tabs,BPC,yes,2026-02-25
5519,HUMAN ALBUMIN TAKEDA 200 MG/ML - 50 ML (10G),Human Albumin 200mg/ml (10G),161,50 ML VIAL,Grand Pharm,yes,2026-02-25
4451,ASPIRIN CARDIO 100MG - 90 TAB,acetylsalicylic acid 100mg/tab,36,90 TAB,Omnipal,yes,2026-02-25
536,Restasis 0.05% opthalmic emulsion - 30*0.4ml,Cyclosporine 0.5 mg/mL,280,30*0.4ml,ArabCO,yes,2026-02-25
1284,ASPIRIN CARDIO 100MG - 30 TAB,Acetylsalicylic acid 100MG,14,30 TAB,Omnipal,yes,2026-02-25
133,Vfend 200mg 28TAB,VORICONAZOLE,3203,28 tab,Beit Hanina Drug Store,yes,2026-02-25
3661,Softa-Man VISCORUB,Ethanol-propranolol,24,1 bottle of 500ml,MSS,yes,2026-02-24
4329,ADVIL LIQUI-GELS 200MG 80 CAPS,IBUPROFEN 200 MG,90,80 capsule,MSS,yes,2026-02-24
4328,ADVIL LIQUI-GELS 200MG 16 CAPS,IBUPROFEN 200 MG,24,16 Capsule,MSS,yes,2026-02-24
4330,ADVIL LIQUI-GELS 200MG 40 CAPS,IBUPROFEN 200 MG,54,40 capsule,MSS,yes,2026-02-24
4327,ADVIL LIQUI-GELS 200MG 20 CAPS,IBUPROFEN 200 MG,30,20 Capsules,MSS,yes,2026-02-24
4410,ADVIL CHILDREN'S GRAPE FLAVOR,Ibupofen 100mg/5ml,29,120ml susp,MSS,yes,2026-02-24
4326,Advil Fort 400,IBUPROFEN 400 MG,49,20 Capsules,MSS,yes,2026-02-24
5326,IMBRUVICA CAP 140MG ( 90),Ibrutinib 140 MG,27639,90 CAP,MSS,yes,2026-02-24
3529,IMBRUVICA 140 mg Cap,Ibrutinib,36852,120 Cap,MSS,yes,2026-02-24
1734,MOTILIUM 10 MG TAB,Domperidone,18,30 Tabs,MSS,yes,2026-02-24
2317,Procto Glyvenol Supp,LIDOCAINE (40 MG)TRIBENOSIDE (400 MG),51,10 supp,MSS,yes,2026-02-24
5344,IBUPROFEN BBRAUN 4MG /ML (400 MG) 100ML 10 BOTTLE,IBUPROFEN,228,10 BOTTLE,MSS,yes,2026-02-24
5343,IBUPROFEN BBRAUN 6MG /ML (600 MG)100ML 10 BOTTLE,IBUPROFEN,230,10 BOTTLE,MSS,yes,2026-02-24
2316,Procto Glyvenol Cream,LIDOCAINE HYDROCHLORIDE (2.12 %)TRIBENOSIDE (5 %),52,30 gm,MSS,yes,2026-02-24
2278,Fenistil Drops,DIMETHINDENE MALEATE,18,20 ml,MSS,yes,2026-02-24
1710,CIALIS 20 MG X4,TADALAFIL,233,4 tab,MSS,yes,2026-02-24
5867,Strefen Orange Sugar free,Flurbiprofen 8.75mg,47,24 lozenges,MSS,yes,2026-02-24
1786,TARGOCID 200 MG INJ.,Teicoplanin,47,1 INJ,MSS,yes,2026-02-24
1772,Influvac susp.,"Influanza Vaccine (tri 15,15,15 mcg)",65,one Pre-filled syringe,MSS,yes,2026-02-24
4016,KLACID XL 500 mg Tab,Clarithromycin,73,7Tab,MSS,yes,2026-02-24
4069,STELARA 130 mg vial,Ustekinumab  5mg/ML,8640,1 vial,MSS,yes,2026-02-24
5448,STELARA PREFILLED SYRINGE  90MG/ML,USTEKINUMAB 45 MG /.05ML,6934,PFS 1 ML,MSS,yes,2026-02-24
4688,CEREZYME 400 UNITS,IMIGLUCERASE 400U/VIAL,5860,1 VIAL,MSS,yes,2026-02-24
4030,STEGLATRO 15 mg Tab,Ertugliflozin,169,28 Tab,MSS,yes,2026-02-24
3972,SPIOLTO Respimat,Olodaterol and tiotropium,198,1 Inhaler,MSS,yes,2026-02-24
4029,STEGLATRO 5 mg Tab,Ertugliflozin,156,28 Tab,MSS,yes,2026-02-24
1916,Spiriva respimat 2.5 mcg,TIOTROPIUM BROMIDE,133,30 Doses,MSS,yes,2026-02-24
1788,TAVANIC 500 MG,Levofloxacin,44,5 TABS,MSS,yes,2026-02-24
1907,TRIDERM CREAM 15MG,BETAMETHASONE AS DIPROPIONATE / CLOTRIMAZOLE / GENTAMICIN (AS SULFATE),27,tube,MSS,yes,2026-02-24
5296,TREMFYA PREFILLED PEN 1 ML 100 MG,GUSELKUMAB 100 MG per 1 ML,8125,1 PREFILLED PEN,MSS,yes,2026-02-24
5307,Tremfya syring prefilled GLASS 1 ml,GUSELKUMAB 100 MG per 1 ML,8125,PFS,MSS,yes,2026-02-24
2340,Vibrocil MD,DIMETHINDENE MALEATE (0.025 %W/V)PHENYLEPHRINE (0.25 %W/V),28,15 ml,MSS,yes,2026-02-24
4702,VENCLEXTA 10 MG TAB,VENETOCLAX,314,14 TAB,MSS,yes,2026-02-24
4877,VENCLEXTA 100 MG 120 TABLETS,VENETOCLAX,25520,BOTTLE PLASTIC 120 tab.,MSS,yes,2026-02-24
4700,VENCLEXTA 50 MG TAB,VENETOCLAX,784,7 TAB,MSS,yes,2026-02-24
1760,VERMOX 100 MG/5 M SUSP.,MEBENDAZOLE,29,SUSP.,MSS,yes,2026-02-24
3702,TRACLEER 125 mg Tab,BOSENTAN,5504,60 tabs,MSS,yes,2026-02-24
3701,TRACLEER 62.5 mg Tab,BOSENTAN,4931,60 tabs,MSS,yes,2026-02-24
1753,TOPAMAX 100 MG TAB,TOPIRAMATE,147,60 Tabs,MSS,yes,2026-02-24
1756,TOPAMAX 25 MG TAB,TOPIRAMATE,57,60 Tabs,MSS,yes,2026-02-24
1757,TOPAMAX 50 MG TAB,TOPIRAMATE,94,60 Tabs,MSS,yes,2026-02-24
1755,TOPAMAX 200 MG TAB,TOPIRAMATE,259,60 Tabs,MSS,yes,2026-02-24
1899,TEMODAL 20MG,TEMOZOLOMIDE,295,5 SACHETS,MSS,yes,2026-02-24
1898,TEMODAL CAPS 100MG 5'S,TEMOZOLOMIDE,1358,5 CAPS,MSS,yes,2026-02-24
1900,TEMODAL CAPS 250MG 5'S,TEMOZOLOMIDE,2463,5 CAPS,MSS,yes,2026-02-24
1901,TEMODAL CAPS 5MG 5'S,TEMOZOLOMIDE,90,5 CAPS,MSS,yes,2026-02-24
4022,SODIUM BICARBONATE8.4% w/v,Sodium bicarbonate,18,1 vial of 100 ml,MSS,yes,2026-02-24
5805,WATER FOR INJECTIONS B.BRAUN 10 ML 20 AMP,WATER FOR INJ 100%,40,20 AMP,MSS,yes,2026-02-24
4557,SKYRIZI 150MG SYRINGE,RISANKIZUMAB 150MG,11829,I SYR/BOX,MSS,yes,2026-02-24
1890,SINGULAIR TAB 10MG 28'S,MONTELUKAST AS SODIUM,69,28 Tabs,MSS,yes,2026-02-24
1893,SINGULAIR 5MG CHEWABLE TABLETS,MONTELUKAST AS SODIUM,81,28 Tabs,MSS,yes,2026-02-24
3730,SEVORANE,SEVOFLURANE,495,1 BOTTLE OF 250ML,MSS,yes,2026-02-24
1886,RIZALT TAB 10MG 6'S,RIZATRIPTAN AS BENZOATE,82,6 TABS,MSS,yes,2026-02-24
1884,RIZALT RPD 10MG X6 WAFERS,RIZATRIPTAN AS BENZOATE,110,6 WAFERS,MSS,yes,2026-02-24
1741,RISPERDAL 1 MG TAB,RISPERIDONE,20,20 Tabs,MSS,yes,2026-02-24
1742,RISPERDAL 1 MG/ML ORAL SOLN.,RISPERIDONE,36,30 ML,MSS,yes,2026-02-24
1743,RISPERDAL 2 MG TAB,RISPERIDONE,39,20 Tabs,MSS,yes,2026-02-24
1744,RISPERDAL 3 MG TAB,RISPERIDONE,52,20 Tabs,MSS,yes,2026-02-24
1745,RISPERDAL 4 MG TAB,RISPERIDONE,68,20 Tabs,MSS,yes,2026-02-24
2549,DERMACOMBIN CREAM 15 GR,Nystatin- Neomycin-Garamicidin,27,tube,Alram Drug Store,yes,2026-02-24
2550,DERMACOMBIN OINT  15 GR,Nystatin- Neomycin-Garamicidin,27,tube,Alram Drug Store,yes,2026-02-24
2557,SEBOSEL 100 CC,Selenium sulfide 2.5,30,SUSP,Alram Drug Store,yes,2026-02-24
2585,CURATANE 10MG 30 CAP,Isotretinion 10 mg,63,30 CAP,Alram Drug Store,yes,2026-02-24
2584,CURATANE 20MG 30 CAP,Isotretinion 20 mg,105,30 CAP,Alram Drug Store,yes,2026-02-24
2588,CURATANE CAP 5MG  30),Isotretinion 5 mg,38,30 cap,Alram Drug Store,yes,2026-02-24
4541,‎CURATANE‎ ‎CAP‎ ‎30‎MG‎ ‎(‎30‎),ISOTRETINION,149,30  capsules,Alram Drug Store,yes,2026-02-24
2599,CURATANE CAP 40MG  30),Isotretinion 40 mg,199,30 cap,Alram Drug Store,yes,2026-02-24
61,Diflucan susp 50mg\5ml,FLUCONAZOLE,47,susp 50mg\5ml,Beit Hanina Drug Store,yes,2026-02-23
112,Relert 80mg,ELETRIPTAN HYDROBROMIDE,200,3 tab,Beit Hanina Drug Store,yes,2026-02-23
141,Viagra 50mg 4TAB,SILDENAFIL AS CITRATE,74,4 tab,Beit Hanina Drug Store,yes,2026-02-23
137,Viagra 100mg 4TAB,SILDENAFIL AS CITRATE,92,4 tab,Beit Hanina Drug Store,yes,2026-02-23
139,Viagra 25mg 4TAB,SILDENAFIL AS CITRATE,92,4 tab,Beit Hanina Drug Store,yes,2026-02-23
4938,TRAZIMERA 150 MG 1 VIAL,TRASTUZUMAB,1473,1 VIAL,Beit Hanina Drug Store,yes,2026-02-23
4939,TRAZIMERA 420 MG 1 VIAL,TRASTUZUMAB,4125,1 VIAL,Beit Hanina Drug Store,yes,2026-02-23
4903,RUXIENCE 500 MG/50 ML 1 VIAL,RITUXIMAB,3498,1 VIAL,Beit Hanina Drug Store,yes,2026-02-23
4902,RUXIENCE 100MG/10ML 1 VIAL,RITUXIMAB,799,1 VIAL,Beit Hanina Drug Store,yes,2026-02-23
955,EXIPAN ROLL ON,Piroxicam,61,90 ml,Beit Hanina Drug Store,yes,2026-02-23
37,Campto 100mg/5ml,IRINOTECAN HYDROCHLORIDE 20MG/ML,183,1 VIAL,Beit Hanina Drug Store,yes,2026-02-23
4516,Rinvoq 15mg,updacitinib as hemihydrate 15mg,3113,28 TAB,MSS,yes,2026-02-22
4717,RINVOQ 30 MG,UPADACITINIB AS HEMIHYDRATE 30 MG,4939,28 TAB,MSS,yes,2026-02-22
5351,RINVOQ 45 MG 28 TAB,UPADACITINIB AS HEMIHYDRATE,6856,28 TAB,MSS,yes,2026-02-22
3659,Remicade 100mg,Infliximab,1721,1 vial of 20ml,MSS,yes,2026-02-22
1880,PUREGON . 900 I.U. 1.08ML,FOLLITROPIN BETA,1242,GLASS CARTRIDGE,MSS,yes,2026-02-22
1878,PUREGON CART. 300 I.U. 0.36ML,FOLLITROPIN BETA,413,GLASS CARTRIDGE,MSS,yes,2026-02-22
1879,PUREGON . 600 I.U. 0.72ML,FOLLITROPIN BETA,830,GLASS CARTRIDGE,MSS,yes,2026-02-22
5807,PROPOFOL-LIPURO 1% 20 ML 5 AMP,PROPOFOL,49,5 AMP,MSS,yes,2026-02-22
1877,PROPECIA TAB 1MG 98'S,FINASTERIDE,448,98 Tabs,MSS,yes,2026-02-22
1876,PROPECIA TAB 1MG 30'S,FINASTERIDE,146,30 tab,MSS,yes,2026-02-22
3975,PRADAXA 110 mg Cap,Dabigatran etexilate,116,60 Cap,MSS,yes,2026-02-22
1920,Potassuim Chloride20 ml (20) 14.9%,Potassuim Chloride,45,20 ml,MSS,yes,2026-02-22
1917,Pradaxa 150 mg cap,DABIGATRAN ETEXILATE AS MESILATE,118,60 Cap,MSS,yes,2026-02-22
286,PLAVIX 75MG,CLOPIDOGREL 75MG,53,30 TAB,MSS,yes,2026-02-22
5808,AMINOPLASMAL B.BRAUN 10% 500 ML,AMINOACIDS,80,1 BOTTLE,MSS,yes,2026-02-22
2776,VICTOZA 6MG/ML,LIRAGLUTIDE 6.0 mg/ml,344,Pre-Filled pen 6mg/ml 3mlx2,MSS,yes,2026-02-22
5311,GARDASIL 9 SYRINGE,HPV TYPE PROTEIN,602,SYRINGE GLASS,MSS,yes,2026-02-22
5806,CALCIUM GLUCONATE 10% 10 ML 20 AMP,CALCIUM GLUCONATE,60,20 AMP,MSS,yes,2026-02-22
1846,FOSAVANCE TAB 5600 I.U. 4'S,ALENDRONIC ACID AS ALENDRONATE SODIUM TRIHYDRATE/COLECALCIFEROL,35,4 Tabs,MSS,yes,2026-02-22
247,LANTUS  100UI/ML OPTISET/SOLOSTAR PRE FILLED PEN,INSULIN GLARGINE 100 IU/ML,264,5X3ML,MSS,yes,2026-02-22
1850,JANUET 50/1000,METFORMIN HYDROCHLORIDE/ SITAGLIPTIN AS MONOHYDRATE PHOSPHATE,86,56 TAB,MSS,yes,2026-02-22
242,KAYEXALATE  POWDER FOR SUSP.,SODIUM POLYSTYRENE SULFONATE,170,450 GR,MSS,yes,2026-02-22
1868,OCSAAR TAB 50 MG 30'S,LOSARTAN POTASSIUM,25,30 Tabs,MSS,yes,2026-02-22
4827,ONCOTICE 500 VIAL,TICE BCG 2-8*108 CFU,462,1 VIAL,MSS,yes,2026-02-22
3700,KEYTRUDA 100mg /4mg,Pembrolizumab,11711,1 vial,MSS,yes,2026-02-22
240,JEVTANA 60MG/1.5ML,CABAZITAXEL,10800,VIAL15ML,MSS,yes,2026-02-22
3693,LIDOCAINE B.BRAUN 1%,lidocaine hydrochloride 10mg/ml,60,box of 20 unit,MSS,yes,2026-02-22
3694,LIDOCAINE B.Braun 2%,lidocaine hydrochloride 20mg/ml,68,box of 20 unit,MSS,yes,2026-02-22
3653,OPSUMIT 10 mg Tab,Macitentan,9275,30 Tab,MSS,yes,2026-02-22
1870,ORGALUTRAN SYRINGE 0.25MG X1,GANIRELIX,116,1 SYRINGE,MSS,yes,2026-02-22
3967,OFEV 100 mg Cap,Nintedanib,6731,60 Cap,MSS,yes,2026-02-22
3968,OFEV 150 mg Cap,Nintedanib,8967,60 Cap,MSS,yes,2026-02-22
1729,INVEGA 6 MG,PALIPERIDONE,191,28 tab,MSS,yes,2026-02-22
1773,HUMIRA 40mg/0.4ml,ADALIMUMAB 40mg/0.4ml,2114,2 PREFILLED SYR,MSS,yes,2026-02-22
1849,INVANZ 1GR 20ML X10 VIALS,ERTAPENEM AS SODIUM,1355,10 Vials,MSS,yes,2026-02-22
4258,Humira 80mg/.08ml,Adalimumab 100mg/1ml,2246,1 pre-filled syringe,MSS,yes,2026-02-22
3964,GIOTRIF 20 mg Tab,Afatinib dimaleate,8878,28 Tab,MSS,yes,2026-02-22
3965,GIOTRIF 30 mg Tab,Afatinib dimaleate,7893,28 Tab,MSS,yes,2026-02-22
3966,GIOTRIF 40 mg Tab,Afatinib dimaleate,7893,28 Tab,MSS,yes,2026-02-22
1845,FOSALAN TAB 70MG 4'S,ALENDRONATE AS SODIUM,44,4 tab,MSS,yes,2026-02-22
1770,FERROGRAD FOLIC TAB,"FERROUS SULPHATE, FOLIC ACID",20,30 Tabs,MSS,yes,2026-02-22
5768,PARACETAMOL B.BRAUN 10 MG/ML  100 ML 10 VIAL,PARACETAMOL,104,10 VIAL,MSS,yes,2026-02-22
5770,PARACETAMOL B.BRAUN 10 MG/ML  10 ML 20 VIAL,PARACETAMOL,22,20 VIAL,MSS,yes,2026-02-22
5769,PARACETAMOL B.BRAUN 10 MG/ML  50 ML 10 VIAL,PARACETAMOL,57,10 VIAL,MSS,yes,2026-02-22
4001,IMATINIB - TRIMA 100 mg Tab,IMATINIB as  Mesylate,3611,60 Tab,OXYGEN MEDICAL COMPANY,yes,2026-02-19
4002,IMATINIB - TRIMA 400 mg Tab,IMATINIB as  Mesylate,7084,30 Tab,OXYGEN MEDICAL COMPANY,yes,2026-02-19
4586,GLIVEC 100MG 60 FCTAB,IMATINIB AS MESYLATE 100 MG,3611,60 FCTAB,MASROUJI CO.,yes,2026-02-19
4598,Glivec 400,Imatinib as mesylate,7084,30 tab,MASROUJI CO.,yes,2026-02-19
2274,Exforge 10/160 mg,VALSARTAN (160mg)AMLODIPINE AS BESYLATE (10mg),75,28 tab.,MASROUJI CO.,yes,2026-02-19
2275,Exforge 5/160 mg,VALSARTAN (160mg)AMLODIPINE AS BESYLATE (5mg),75,28 tab.,MASROUJI CO.,yes,2026-02-19
2276,Exforge 5/80 mg,VALSARTAN (80mg)AMLODIPINE AS BESYLATE (5mg),75,28 tab.,MASROUJI CO.,yes,2026-02-19
1790,Xatral 10mg XL,ALFUZOSIN HYDROCHLORIDE,76,30 Tab,MSS,yes,2026-02-18
1722,EPREX 2000 I.U./ML,RECOMBINANT HUMAN ERYTHROPOIETIN,479,6 PREFILL SYR,MSS,yes,2026-02-18
3658,Eprex 30000,Erythropoietin human recombinant,960,0.75ml syringe 1,MSS,yes,2026-02-18
3756,EMEND 1*125 mg .2*80 mg,Aprepitant,155,1*125 Cap . + 2*80 Cap .,MSS,yes,2026-02-18
1765,DUPHASTON 10MG 20 TAB,DYDROGESTERONE,30,20 tab,MSS,yes,2026-02-18
1833,DIPROSALIC LOTION 30ML,BETAMETHASONE AS DIPROPIONATE/ SALICYLIC ACID,18,30 ML,MSS,yes,2026-02-18
1835,DIPROSPAN INJ. 1ML 1'S,BETAMETHASONE AS DIPROPIONATE/ BETAMETHASONE SODIUM PHOSPHATE,21,1 INJ,MSS,yes,2026-02-18
1832,DIPROGENTA  15GR,BETAMETHASONE AS DIPROPIONATE/ GENTAMICIN (AS SULFATE),27,OINTMENT,MSS,yes,2026-02-18
3919,DARZALEX 100 mg /5ml,Daratumumab,1879,1 vial of 5 ml,MSS,yes,2026-02-18
202,DEPALEPT CHRONO 500MG  SR,SODIUM VALPROATE 500MG,18,30 Tab,MSS,yes,2026-02-18
3920,DARZALEX 400 MG / 20 ML,Daratumumab,7037,1vial of 20 ml,MSS,yes,2026-02-18
4038,Creon 25000,Pancreatin,94,bottle of 100 cap,MSS,yes,2026-02-18
1764,CREON 10000 CAPS 100,PANCREATIN,139,100 cap,MSS,yes,2026-02-18
1717,CONCERTA 18 MG,METHYLPHENIDATE HYDROCHLORIDE,120,30 tab,MSS,yes,2026-02-18
1718,CONCERTA 36 MG,METHYLPHENIDATE HYDROCHLORIDE,168,30 tab,MSS,yes,2026-02-18
1828,CERAZETTE TABS 75MCG,DESOGESTREL,22,(1X28'S),MSS,yes,2026-02-18
188,CLEXANE 100MG SAFETY LOCK  SYR PREFIL,ENOXAPARIN SODIUM 100MG,66,2X1ML,MSS,yes,2026-02-18
1829,CERAZETTE TABS 75MCG 84'S,DESOGESTREL,63,(3X28'S),MSS,yes,2026-02-18
5841,Gaviscon 250mg  tablets peppermint 48tab,"Sodiun Alginate 250mg , Sodium Bicarbonate 133.5mg , Calcium Carbonate 80mg",35,48 TAB,MSS,yes,2026-02-18
5851,NUROFEN QUICK 512 Tab.24 TAB,Sodium Ibuprofen 512mg equivalent to Ibuprofen 400mg,45,24 Tab,MSS,yes,2026-02-18
5842,Nurofen cold and flu,"Ibuprofen 200mg , Pseudoephedrine HCl 30mg",30,24 tablets,MSS,yes,2026-02-18
5846,Nurofen for children orange suspension 200ml,Ibuprofen 100mg,39,200 ML,MSS,yes,2026-02-18
5848,Nurofen for children strawberry suspension 200ml,Ibuprofen 100mg,39,200 ML,MSS,yes,2026-02-18
5850,Nurofen quick 24 tablets 256 mg,Sodium Ibuprofen 256mg equivalent to Ibuprofen 200mg,22,24 TAB,MSS,yes,2026-02-18
4193,Uptravi 1000 MCG,SELEXIPAG 1000 MCG,11963,60 Tab,MSS,yes,2026-02-18
4189,Uptravi 200 MCG 60 TAB,SELEXIPAG 200 MCG,11720,60 Tab,MSS,yes,2026-02-18
4196,Uptravi 1600 MCG,SELEXIPAG 1600 MCG,11963,60 Tab,MSS,yes,2026-02-18
4191,Uptravi 600 MCG,SELEXIPAG 600 MCG,11963,60 Tab,MSS,yes,2026-02-18
4194,Uptravi 1200 MCG,SELEXIPAG 1200 MCG,11963,60 Tab,MSS,yes,2026-02-18
4197,Uptravi 400 MCG,SELEXIPAG 400 MCG,11963,60 Tab,MSS,yes,2026-02-18
4192,Uptravi 800 MCG,SELEXIPAG 800 MCG,11963,60 Tab,MSS,yes,2026-02-18
4195,Uptravi 1400 MCG,SELEXIPAG 1400 MCG,11963,60 Tab,MSS,yes,2026-02-18
4360,Uptravi 200 MCG 140 TAB,SELEXIPAG 200 MCG,27347,140 tab,MSS,yes,2026-02-18
1823,ARCOXIA TAB 120MG,ETORICOXIB,36,7 TAB,MSS,yes,2026-02-18
3867,ARCOXIA  90MG,Etoricoxib 90mg,44,14 TAB,MSS,yes,2026-02-18
166,ARAVA 20MG,LEFLUNOMIDE 20MG,138,30 TAB,MSS,yes,2026-02-18
1799,AMARYL 1 MG TAB,Glimepride,13,30 tab,MSS,yes,2026-02-18
1819,AERIUS  5MG,DESLORATADINE,29,30 TAB,MSS,yes,2026-02-18
1912,AEROVENT SOLUTION,IPRATROPIUM BROMIDE,35,SOLUTION,MSS,yes,2026-02-18
2315,PERGOVERIS 150/75 IU - VIAL,FOLLITROPIN ALFA + LUTROPIN ALFA,358,1 VIAL,Grand Pharm,yes,2026-02-18
4767,XYNTHA 2000 IU VIAL,MOROCTOCOG ALPHA,4999,2000 IU /VIAL,Beit Hanina Drug Store,yes,2026-02-18
911,ALFU KAL XL,Alfuzosine HCL,76,30 TAB,Beit Hanina Drug Store,yes,2026-02-18
135,Vfend I.V 200mg 1 vial,VORICONAZOLE,493,1 vial,Beit Hanina Drug Store,yes,2026-02-18
4075,ELELYSO 200 UNITS / Vial,Taliglucerase Alfa,4019,1 vial,Beit Hanina Drug Store,yes,2026-02-18
993,PROVERA 5MG 24TAB,Medroxyprogesterone acetate,27,24 TAB,Beit Hanina Drug Store,yes,2026-02-18
966,MEDROL 4MG 30TAB,Methylprednisolone,13,30 TAB,Beit Hanina Drug Store,yes,2026-02-17
497,TOPITRIM  25 MG ( 60 ) TAB,Topiramate 25mg,51,60 tab,OXYGEN MEDICAL COMPANY,yes,2026-02-17
499,TOPITRIM 100 MG ( 60 ) TAB,Topiramate 100 mg,142,60 tab,OXYGEN MEDICAL COMPANY,yes,2026-02-17
366,BETACORTEN G cream,betamethasone +gentamicine,26,CREAM  15 G,OXYGEN MEDICAL COMPANY,yes,2026-02-17
364,BETACORTEN  G OINT 15g,betamethasone +gentamicine,27,tube,OXYGEN MEDICAL COMPANY,yes,2026-02-17
4818,LEVETRIM 500 MG 60 FCT,LEVETIRACETAM,130,60 FILM COATED TAB,OXYGEN MEDICAL COMPANY,yes,2026-02-17
5725,CRESTOR 5MG - 28TAB,Rosuvastatin as calcium 5 mg,28,28 TAB,Omnipal,yes,2026-02-16
1306,NEXIUM 40MG - 10 VIAL,Esomeprazole as sodium 40mg,219,10*5 ml vial,Omnipal,yes,2026-02-16
1305,NEXIUM 40MG - 28 TAB,Esomeprazole 40mg,42,28 TAB,Omnipal,yes,2026-02-16
1304,NEXIUM 20MG - 28 TAB,Esomeprazole 20mg,28,28 TAB,Omnipal,yes,2026-02-16
3428,CANESTEN -20G CREAM,Clotrimazole,24,20 G CREAM,Omnipal,yes,2026-02-16
4872,XIGDUO XR  5MG/1000MG - 60 TAB,"DAPAGLIFLOZIN PROPANEDIOL 6.150 MG , METFORMIN HYDROCHLORIDE 1005.04 MG",188,60 TAB,Omnipal,yes,2026-02-16
4008,CEFAZOLIN PANPHARMA 1 G 25 VIAL,Cefazolin as sodium,232,25 Vial,True med,yes,2026-02-16
4537,CEFTAZIDINE PANPHARMA 1G 10VIAL,CEFTAZIDIME 1g,313,10 vial,True med,yes,2026-02-16
3992,CEFTRIAXONE PANPHARMA 1 GR10 VIAL,CEFTRIAXONE,204,10 Vial,True med,yes,2026-02-16
5258,KITAMINE PANPHARMA 50mg/1ml 25 VIAL,KETAMINE HYDROCHLORIDE,575,25 VIAL OF 10 ML,True med,yes,2026-02-16
4007,OXYTOCIN INJECTION BP 10AMP (10IU/ML),OXYTOCIN,72,10 AMP,True med,yes,2026-02-16
4601,PARACETAMOL‎ ‎S‎.‎A‎.‎L‎.‎F‎ ‎10‎MG/ML 100ml,PARACETAMOL 10 MG / 1 ML,273,30 vial,True med,yes,2026-02-16
4054,TAMIFLU 75MG - 10 CAP,Oseltamivir,88,10 CAP,Omnipal,yes,2026-02-16
1308,RENNIE PEPPERMENT - 96 CH.TAB,"680mg calcium carbonate , 80mg magnesium carbonate",31,96 CHEWABLE TAB,Omnipal,yes,2026-02-16
4152,RENNIE PEPPERMINT - 48 TAB,Calcium Carb.680 mg & Magnesium Carb .80 mg,15,48 Tab,Omnipal,yes,2026-02-16
1289,BEPANTHEN PLUS 5% - 30 G CREAM,Dexpanthenol 5% 0.5% Chlorhexidine  Hydrochloride,33,30 G CREAM,Omnipal,yes,2026-02-16
3942,HEMLIBRA 150MG/ML,Emicizumab 150mg,38829,1 VIAL,Omnipal,yes,2026-02-16
4173,KADCYLA 160MG 20ML VIAL,TRASTUZUMAB EMTANSINE,11183,1 vial,Omnipal,yes,2026-02-16
3721,HERCEPTIN 600MG/5ML S.C,TRASTUZUMAB,5039,VIAL,Omnipal,yes,2026-02-16
54,CLOPIXOL 25MG - 50TAB,ZUCLOPENTHIXOL AS DIHYDROCHLORIDE 25MG,46,50 tab,Alrazi Drug Store,yes,2026-02-16
60,CLOPIXOL DEP 500MG/ML - 1AMP,ZUCLOPENTHIXOL AS DIHYDROCHLORIDE 500MG,71,1 AMP,Alrazi Drug Store,yes,2026-02-16
52,CLOPIXOL 20ML DROPS,ZUCLOPENTHIXOL AS DIHYDROCHLORIDE,38,20ml drops,Alrazi Drug Store,yes,2026-02-16
5080,CONTROLOC 40 MG - VIAL,PANTOPRAZOLE 40 mg,22,1 VIAL,Grand Pharm,yes,2026-02-16
4107,TOPISALEN Oint,Flumethasone 2% & Slisalic acid 3%,19,15 gm,OXYGEN MEDICAL COMPANY,yes,2026-02-15
5072,TINDEN DROPS 1 MG/ML 20 ML,DIMETINDENE MALEATE,18,20 ML DROPS,OXYGEN MEDICAL COMPANY,yes,2026-02-15
5071,TINDEN GEL 30G .1%,DIMETINDENE MALEATE,32,30 G GEL,OXYGEN MEDICAL COMPANY,yes,2026-02-15
505,TUSSOPHEDRINE  SYRUP - NF,Dextromethorphan hydrobromide 5MG / 5 ML ?Ephedrine hydrochloride 6MG / 5 ML Guaiacolsulfonate AS POTASSIUM 120MG / 5 ML ?,30,115 ML,OXYGEN MEDICAL COMPANY,yes,2026-02-15
4108,SINUFED TAB,Pseudorphedrine HCl 60 mg,22,20 Tab,OXYGEN MEDICAL COMPANY,yes,2026-02-15
4511,Staphiderm cream,Fucidic acid 2%,34,30 gr,OXYGEN MEDICAL COMPANY,yes,2026-02-15
4114,SINUFED SYR,Pseudorphedrine HCl,24,115 ml,OXYGEN MEDICAL COMPANY,yes,2026-02-15
434,MINOXI 2 for WOM.  Double 2X80 ml,minoxidil 2%,216,scalp solution,OXYGEN MEDICAL COMPANY,yes,2026-02-15
435,MINOXI 2 For WOMEN 80 ML,minoxidil 2%,145,scalp solution,OXYGEN MEDICAL COMPANY,yes,2026-02-15
4102,MINOXI 5% DOUBLE,Minoxidil,286,80ML *2 BOX,OXYGEN MEDICAL COMPANY,yes,2026-02-15
4080,lamogine 100mg,lamotrigine 100mg,49,30 TAB,OXYGEN MEDICAL COMPANY,yes,2026-02-15
4081,lamogine 25 mg,lamotrigine 25 mg,21,30 TAB,OXYGEN MEDICAL COMPANY,yes,2026-02-15
4079,lamogine 50 mg,lamotrigine 50mg,33,30 TAB,OXYGEN MEDICAL COMPANY,yes,2026-02-15
406,HISTAFED  SYRUP 115 ML,triprolidine +psuedoephedrin,22,SYRUP 115 ML,OXYGEN MEDICAL COMPANY,yes,2026-02-15
408,HISTAFED COMPOUND Linctus 115 ml,triprolidine +psuedoephedrin+codiene,17,SYRUP 115 ML,OXYGEN MEDICAL COMPANY,yes,2026-02-15
409,HISTAFED EXPECTORANT  115 ml,triprolidine +psuedoephedrin+guafenasine,22,SYRUP 115 ML,OXYGEN MEDICAL COMPANY,yes,2026-02-15
410,HISTAZINE 20 TABLETS,CETIRIZINE DIHYDROCHLORIDE,41,20 tablet,OXYGEN MEDICAL COMPANY,yes,2026-02-15
411,HISTAZINE SYRUP 115 ML,CETIRIZINE DIHYDROCHLORIDE,30,SYRUP 115 ML,OXYGEN MEDICAL COMPANY,yes,2026-02-15
5413,HISTAFED 20 FCT,TRIPROLIDINE HCL 2.5 MG+PSEUDOEPHEDRINE HCL 60 MG,20,20 FCT,OXYGEN MEDICAL COMPANY,yes,2026-02-15
4113,DIATRIM 50 CAP,Diacerein,40,30 cap,OXYGEN MEDICAL COMPANY,yes,2026-02-15
376,CELCOX 200,celecoxib,22,10 CAP,OXYGEN MEDICAL COMPANY,yes,2026-02-15
4213,AMINOPHYLLINE S.A.L.F 240 MG/10 ML 5 AMP,Theophylline,38,5 amp/box,NOBEL STORE,yes,2026-02-15
5259,ENTEAVENIR 1 MG TAB 90 TAB,ENTECAVIR AS MONOHYDRATE 1 MG,3412,90 TAB,BEIT AL- DAWAA DRUG STORE,yes,2026-02-15
5260,ENTEAVENIR 0.5 MG TAB. 90 TAB,ENTECAVIR AS MONOHYDRATE 0.5 MG,3412,90 TAB.,BEIT AL- DAWAA DRUG STORE,yes,2026-02-15
4275,FLUCONAZOLE MBI 200MG/100ML,FLUCONAZOLE 200 MG/100ML,38,1 bag pvc,BEIT AL- DAWAA DRUG STORE,yes,2026-02-15
4287,FLUCONAZOLE MBI 400MG/200ML,FLUCONAZOLE 400 MG/200ML,64,1 bag pvc,BEIT AL- DAWAA DRUG STORE,yes,2026-02-15
545,VANCOAVENIR VIAL 1G 10 /BOX,VANCOMYCIN 1G,530,10vial/box,BEIT AL- DAWAA DRUG STORE,yes,2026-02-15
3953,UMAN ALBUMIN 20%,Human Albumin,161,1 vial of 50 ml,BEIT AL- DAWAA DRUG STORE,yes,2026-02-15
3870,SODIUM CHLORIDE AND DEXTROSE 0.18% & 4.3 % SOLUTION FOR INFUSION 500 ML 1PACK,Sodium Chloride and Dextrose,90,10 bottle of 500 ml per carton,BEIT AL- DAWAA DRUG STORE,yes,2026-02-15
3452,PROMNIX CAP 0.4MG  30),Tamsulosin HCl,39,30 cap,Alram Drug Store,yes,2026-02-10
2562,BREXIN TAB 20MG  20),Piroxicam as B- Cyclodextrin,22,20 tab,Alram Drug Store,yes,2026-02-10
5514,EZATOR S.K 10/20 MG 30 FCT<span class='flash'> new </span>,"EZETIMIBE 10 MG , ATORVASTATIN AS CALCIUM TRIHYDRATE 20 MG",117,30 FCT,Al Bayan Drug Store,yes,2026-02-10
5641,CIPLOX 0.3% EYE AND EAR DROPS 5 ML<span class='flash'> new </span>,Ciprofloxacin hydrochloride 0.3% w/v,21,5 ML,Al Bayan Drug Store,yes,2026-02-10
3477,BORTEZOMIB S.K. 3.5 MG,BORTEZOMIB as Mannitol Boronic Ester,2363,1Vial,CEZAR,yes,2026-02-10
3977,TRUXIMA 500MG/50 ML 1 VIAL,Rituximab,3498,1 vial,CEZAR,yes,2026-02-10
3978,Vial TRUXIMA100MG/10ML 2 VIALS,Rituximab,1598,2 Vial,CEZAR,yes,2026-02-10
5513,EZATOR S.K 10/10 MG 30 FCT<span class='flash'> new </span>,"EZETIMIBE 10 MG , ATORVASTATIN AS CALCIUM TRIHYDRATE 10 MG",107,30 FCT,Al Bayan Drug Store,yes,2026-02-10
5707,EZATOR S.K 10/40 MG 30 FCT<span class='flash'> new </span>,"EZETIMIBE 10 MG , ATORVASTATIN AS CALCIUM TRIHYDRATE 40 MG",126,30 FCT,Al Bayan Drug Store,yes,2026-02-10
5516,EZATOR S.K 10/80 MG 30 FCT<span class='flash'> new </span>,"EZETIMIBE 10 MG , ATORVASTATIN AS CALCIUM TRIHYDRATE 80 MG",139,30 FCT,Al Bayan Drug Store,yes,2026-02-10
807,REMOTIV 250MG TABS/60,St. John's Wort (Hypericin),122,60 TAB,Syam Drug Store,yes,2026-02-09
833,URSOLIT TABS 300MG /30,Ursodeoxycholic acid,72,BOX,Syam Drug Store,yes,2026-02-09
663,BITNI X  262 mg 20 TAB,Bismuth sub Salicylate,29,20 TAB,Syam Drug Store,yes,2026-02-09
657,ATZIRUT X-TABS. / 30,Bisacodyl,14,30 TAB,Syam Drug Store,yes,2026-02-09
662,BITNI X SUSP. 100 ML,Bismuth sub Salicylate,20,100 ML,Syam Drug Store,yes,2026-02-09
2524,Atrospan Ophthalmic Drops 10cc,Atropin sulfate 1%,44,Ophthalmic Drops 10cc,Albarghouthi,yes,2026-02-09
2525,Azolin Ophthalmic Drops 15ml,Tetrahydrzoline hcL 0.05%,21,Ophthalmic Drops 15ml,Albarghouthi,yes,2026-02-09
2529,Dexefrin Ophthalmic Drops 5cc,"Dexamethasone sodium phosphate 0.1%  ,    neomyvin sulfate 0.5%  phenylephrine hci 0.12%",23,Ophthalmic Drops 5cc,Albarghouthi,yes,2026-02-09
2533,Localin Ophthalmic Drops 15cc,Oxybuprocaine  hydrochloride 0.4%,27,Ophthalmic Drops 15ml,Albarghouthi,yes,2026-02-09
2544,Polydine Vaginal Passaries 12supp,Povidone-lodine 5%,34,12supp,Albarghouthi,yes,2026-02-09
4382,ENTRILIV 1 MG,Entecavir,1914,30 Tab,MASROUJI CO.,yes,2026-02-09
4383,ENTRILIV 0.5 MG,Entecavir,1850,30 Tab,MASROUJI CO.,yes,2026-02-09
4707,ERELZI 25 MG/0.5 ML,ETANERCEPT,1240,4 SYRINGES,MASROUJI CO.,yes,2026-02-09
4705,ERELZI 50 PFS,ETANERCEPT,2251,4 SYRINGES,MASROUJI CO.,yes,2026-02-09
4733,ROLITAC XR 1 MG,TACROLIMUS AS MONOHYDRATE,482,100 CAP,MASROUJI CO.,yes,2026-02-09
2733,5-fluorouracil 1000mg \ 20 ml vial,FLUOROURACIL 50 MG/ML,26,1*20 ML,MASROUJI CO.,yes,2026-02-09
3374,Zofran  8 mg Tab,ondansetron,184,10 tabs,MASROUJI CO.,yes,2026-02-09
3999,WILATE 1000 IU,Factor VIII & Von Willebrand factor,1957,1Vial,MASROUJI CO.,yes,2026-02-09
4000,WILATE 500 IU,Factor VIII & Von willebrand factor,1119,1 vial,MASROUJI CO.,yes,2026-02-09
2750,VINORELBIN  10MG/ML 5ML,VINORELBIN  10 MG/ML,397,1*5 ML,MASROUJI CO.,yes,2026-02-09
4590,Tacrocel 1mg,Tacrolimus as monohydrate,713,100 hard cap,MASROUJI CO.,yes,2026-02-09
4606,TACROCEL 0.5 MG,Tacrolimus as monohydrate,382,100 HARD CAP,MASROUJI CO.,yes,2026-02-09
4605,TACROCEL 5MG,Tacrolimus as monohydrate,3101,100 HARD CAP,MASROUJI CO.,yes,2026-02-09
4645,ROLITAC XR 5MG,TACROLIMUS AS MONOHYDRATE,2142,100 HARD CAP,MASROUJI CO.,yes,2026-02-09
4627,ROLITAC XR 3MG,TACROLIMUS AS MONOHYDRATE,1344,100 Prolonged release hard capsule,MASROUJI CO.,yes,2026-02-09
4753,Rolitac XR 2mg,Tacrolimus as monohydrate 2MG,868,100 CAPSULE,MASROUJI CO.,yes,2026-02-09
4734,ROLITAC XR 0.5 MG,TACROLIMUS AS MONOHYDRATE,256,100 CAP,MASROUJI CO.,yes,2026-02-09
4597,PEXITREX 500,PEMETREXED DISODIUM LIVI,3720,1 vial/ pack,MASROUJI CO.,yes,2026-02-09
2749,PACLITAXCEL  EBEWE 6 MG/ML VIAL 300MG/50ML,Paclitaxel  300 mg/50 ml vial,1368,ONE VIAL,MASROUJI CO.,yes,2026-02-09
2747,Paclitaxel 6 MG/ML Ebewe,Paclitaxel  100 mg /16.7 ml vial,573,1 x 16.7 ML,MASROUJI CO.,yes,2026-02-09
3548,OMNITROPE 5 mg /1.5 ml,Somatropin,2124,5 vial,MASROUJI CO.,yes,2026-02-09
3588,OCTAPLEX  500 IU,COAGULATION FACTORS,1595,1 vial,MASROUJI CO.,yes,2026-02-09
4270,Octaplas LG,fresh frozen plasma,769,One bag of 200ml,MASROUJI CO.,yes,2026-02-09
3567,OCTANINE F 1000 IU,FACTOR 9,1809,30 ml,MASROUJI CO.,yes,2026-02-09
3568,OCTANINE F 500 IU,FACTOR 9,794,30 ml Vial,MASROUJI CO.,yes,2026-02-09
4388,NUWIQ 1000 IU,Recombinat  Factor 8,1190,1 PFS,MASROUJI CO.,yes,2026-02-09
4389,NUWIQ 2000 IU,Recombinat  Factor 8,2379,1 PFS,MASROUJI CO.,yes,2026-02-09
4385,NUWIQ 250 IU,Recombinat  Factor 8,297,1 PFS,MASROUJI CO.,yes,2026-02-09
4386,NUWIQ 500 IU,Recombinat  Factor 8,595,1 PFS,MASROUJI CO.,yes,2026-02-09
3719,METHTREXATE 5000 / 50 ml,Methotrexate,1015,1 vial,MASROUJI CO.,yes,2026-02-09
3656,HYCAMTIN 4mg/Vial  5 VIAL,TOPOTECAN HCl,4310,5 Vial / Box,MASROUJI CO.,yes,2026-02-09
3657,HYCAMTIN 4mg/Vial 1 VIAL,TOPOTECAN HCl,862,1 Vial,MASROUJI CO.,yes,2026-02-09
3551,BINOCRIT 1000 IU,Erythropiotin,229,6 PFS,MASROUJI CO.,yes,2026-02-09
3524,BINOCRIT 2000 IU,Erythropiotin,458,6 PFS,MASROUJI CO.,yes,2026-02-09
5447,GEMCITABINE EBEWE 1000 MG/25 ML,Gemcitabine as hydrochloride,256,1 VIAL,MASROUJI CO.,yes,2026-02-09
2732,Fludoarabine Ebewe 50 mg /2ml vial,FLUDARABIN 50 MG/2 ML,593,1* 2 ML,MASROUJI CO.,yes,2026-02-09
4515,FIBRYGA 1G VIAL,Human fibrinogen 1 g,2384,1 vail,MASROUJI CO.,yes,2026-02-09
3547,BINOCRIT 8000 I.U/0.8ML 6 Preefilled Syringe,Erythropiotin,1823,6PFS,MASROUJI CO.,yes,2026-02-09
3540,BINOCRIT10000 I.U/0.1ML 6 Preefilled Syringe,Erythropiotin,2325,6PFS,MASROUJI CO.,yes,2026-02-09
3546,BINOCRIT 6000 I.U/0.6ML  6 Preefilled Syringe,Erythropiotin,1370,6PFS,MASROUJI CO.,yes,2026-02-09
3544,BINOCRIT 40000 I.U/1ML  1 Preefilled Syringe,Erythropiotin,1277,1PFS,MASROUJI CO.,yes,2026-02-09
3545,BINOCRIT 5000 I.U/0.5ML 6 Preefilled Syringe,Erythropiotin,1144,6PFS,MASROUJI CO.,yes,2026-02-09
3543,BINOCRIT 4000 I.U/0.4ML 6  Preefilled Syringe,Erythropiotin,916,6PFS,MASROUJI CO.,yes,2026-02-09
3541,BINOCRIT 3000 I.U/0.3ML 6 Preefilled Syringe,Erythropiotin,697,6PFS,MASROUJI CO.,yes,2026-02-09
3542,BINOCRIT 30000 I.U/0.75ML 1 Preefilled Syringe,Erythropiotin,960,1 PFS/Box,MASROUJI CO.,yes,2026-02-09
3539,BINOCRIT 20000 I.U/0.5ML 1 Preefilled Syringe,Erythropiotin,697,1 PFS,MASROUJI CO.,yes,2026-02-09
3998,ALBUNORM 20% - 50ML (10G),Human albumin 200mg/ml (10G),161,50 ML VIAL,MASROUJI CO.,yes,2026-02-09
4444,Hyrimoz 40mg/0.8ml 2PFS,Adalimumab 40mg/0.8ml,2084,2 Pre- Filled Syringe,MASROUJI CO.,yes,2026-02-09
5810,SAMAPRED 20 MG - 20 TAB<span class='flash'> new </span>,PREDNISOLONE,23,20 TAB,Sama Pharmaceutical. Co.,yes,2026-02-09
5809,SAMAPRED 5 MG - 20 TAB<span class='flash'> new </span>,PREDNISOLONE,9,20 TAB,Sama Pharmaceutical. Co.,yes,2026-02-09
1321,ZOLADEX 3.6 MG - 1 DEPOT INJ,Goseraline as acetate3.6mg/ dose,372,1 IMPLANT (PREFILLED SYR.),Omnipal,yes,2026-02-08
4064,ZOLADEX LA 10.8MG - PREFILLED SYR.,GOSERELIN,1197,1 IMPLANT (PREFILLED SYR.),Omnipal,yes,2026-02-08
4873,XIGDUO XR 10MG/1000MG - 30 TAB,"DAPAGLIFLOZIN PROPANEDIOL 12.30 MG , METFORMIN HYDROCHLORIDE 1005.04 MG",183,30 TAB,Omnipal,yes,2026-02-08
5005,VABYSMO 120MG/ML,FARICIMAB 120MG,3679,1 VIAL,Omnipal,yes,2026-02-08
3986,TECENTRIQ 1200 MG/20ML - VIAL,Atezolizumab,17659,1 VIAL,Omnipal,yes,2026-02-08
4875,TAGRISSO 40 MG - 30 TAB,OSIMERTINIB AS MESYLATE 40 MG,23141,30 tab,Omnipal,yes,2026-02-08
4826,TAGRISSO 80 MG  - 30 TAB,OSIMERTINIB AS MESYLATE 80 MG,23141,30 TAB,Omnipal,yes,2026-02-08
4881,SYNAGIS 100MG/1ML (0.5 ml) 1 VIAL,PALIVIZUMAB 100MG/1ML,1661,(0.5 ml) 1 VIAL,Omnipal,yes,2026-02-08
4882,SYNAGIS 100MG/ML - 1 VIAL,PALIVIZUMAB 100MG/ML,2866,1 VIAL,Omnipal,yes,2026-02-08
1315,SYMBICORT 160/4.5 MCG - 120 DOSES,Budisonide micronized/formoterol fumarate,125,120 DOSES,Omnipal,yes,2026-02-08
1316,SYMBICORT 160/4.5 MCG - 60 DOSES,Budisonide micronized4.5mcg/dose formoterol fumarate,62,60 DOSES,Omnipal,yes,2026-02-08
5724,RECORMON 30000 IU/0.6 ML - 1 PFS,EPOETIN BETA,768,1 PFS,Omnipal,yes,2026-02-08
4215,POLIVY 140MG - 1 VIAL,Polatuzumab,37198,1 VIAL,Omnipal,yes,2026-02-08
4813,PHESGO 1200/600 MG - 15ML,"PERTUZUMAB 80 MG,TRASTUZUMAB 40 MG",29902,15ML VIAL,Omnipal,yes,2026-02-08
4812,PHESGO 600/600 MG - 10ML,"PERTUZUMAB 60 MG,TRASTUZUMAB 60 MG",17281,10 ML S.C INJ,Omnipal,yes,2026-02-08
3527,PERJETA 420MG - 14ML,Pertuzumab 420mg,10127,1 vial of 14 ml,Omnipal,yes,2026-02-08
3722,OCREVUS 300MG/10 ML,OCRELIZUMAB,22788,VIAL,Omnipal,yes,2026-02-08
4055,MABTHERA 500MG/50ML - 1VIAL,Rituximab,3498,50ML VIAL,Omnipal,yes,2026-02-08
4056,MABTHERA 100MG/10ML - 2 VIALS,Rituximab,1598,2 VIALS,Omnipal,yes,2026-02-08
5359,LYNPARZA 100MG - 56 TABS,OLAPARIB 100 MG,8701,56 TABS,Omnipal,yes,2026-02-08
5358,LYNPARZA 150MG - 56 TAB,OLAPARIB 150 MG,9753,56 TAB,Omnipal,yes,2026-02-08
1298,LORASTINE 10MG - 10TAB,Loratadine 10mg,22,10 TAB,Omnipal,yes,2026-02-08
3729,LORASTINE 10MG - 20TAB,Loratadine,45,20 TAB,Omnipal,yes,2026-02-08
4103,KADCYLA 100MG - 15ML,TRASTUZUMAB EMTANSINE 100mg,6989,15ML VIAL,Omnipal,yes,2026-02-08
5255,IMFINZI 500MG/10ML  - 1 VIAL,DURVALUMAB,10310,1 VIAL,Omnipal,yes,2026-02-08
4057,HERCEPTIN 440MG - 1VIAL,Trastuzumab 440mg,4125,1 VIAL,Omnipal,yes,2026-02-08
3944,HEMLIBRA 60MG/0.4ML,Emicizumab 150mg,15602,0.4ML VIAL,Omnipal,yes,2026-02-08
3945,HEMLIBRA 30MG/ML,Emicizumab 30 mg,7859,1 VIAL,Omnipal,yes,2026-02-08
3943,HEMLIBRA 105MG/0.7ML,Emicizumab 150mg,27216,0.7ML VIAL,Omnipal,yes,2026-02-08
4316,GAZYVA  1000MG/40ML,Obinutuzumab 1000mg/40ml,12664,1 VIAL,Omnipal,yes,2026-02-08
3430,FORXIGA 10MG - 28TAB,Dapagliflozin Propanediol 10MG,158,28 Tab,Omnipal,yes,2026-02-08
3720,FORXIGA 5 MG - 28TAB,DAPAGLIFOZIN PROPANEDIOL,87,28 TAB,Omnipal,yes,2026-02-08
4870,FASLODEX 250MG/5ML -  2 PREFILLED SYR,FULVESTRANT,949,2 PREFILLED SYRIGE,Omnipal,yes,2026-02-08
4604,EVRYSDI 60MG/80ML,RISDIPLAM,34677,BOTTLE,Omnipal,yes,2026-02-08
4594,ENSPRYNG 120MG/1ML - PFS,SATRALIZUMAB,33255,1 PFS,Omnipal,yes,2026-02-08
5588,ENHERTU 100MG - VIAL,TRASTUZUMAB DERUXTECAN,7236,1 VIAL,Omnipal,yes,2026-02-08
1293,CLARINASE REPETABS 5/120MG - 14TAB,"Loratadine  5mg , Psudoephedrine sulfate120mg",34,14 tab,Omnipal,yes,2026-02-08
1292,CASODEX 50MG - 28TAB,Bicalutamide  50MG,204,28 tabs,Omnipal,yes,2026-02-08
4776,CANESTEN V 200MG - 3TAB,CLOTRIMAZOLE 200MG,39,3 TABLETS,Omnipal,yes,2026-02-08
5722,ENBREL 25MG - 4 VIALS,Etanercept,1240,4 VIALS,ArabCO,yes,2026-02-08
516,ENBREL 25 mg PFS,Etanercept 25mg/dose,1240,4  Vial,ArabCO,yes,2026-02-08
2261,CRINONE 8%  V. GEL - 15G,PROGESTERONE 8%,173,15 G V.GEL,Grand Pharm,yes,2026-02-08
2284,Gonal-F 300 IU - PEN,FOLLITROPIN ALFA 300IU,415,1 PEN,Grand Pharm,yes,2026-02-08
5376,MINESSE 28 FCT,Gestodene 60 mcg+Ethinylestradiol 15 mcg,57,28 FCT,Beit Hanina Drug Store,yes,2026-02-08
1002,SLEEP AID,DOXYLAMINE SUCCINATE,56,16 TAB,Beit Hanina Drug Store,yes,2026-02-08
4344,Hyoscine butylbromide Kalceks 10 AMP,Hyoscine butylbromide 20mg/ml,60,10 amp/box,Medimarket Drug Store,yes,2026-02-05
4343,Hyoscine butylbromide Kalceks 5 AMP,Hyoscine butylbromide 20mg/ml,30,5 amp/box,Medimarket Drug Store,yes,2026-02-05
4368,Lidocaine Raz Spray 10%,Lidocaine,84,80 g spray bottle,Medimarket Drug Store,yes,2026-02-05
4810,REMSIMA 120 MG/ML S.C 2 PFS,Infliximab120 mg/ml,2399,2 prefilled pens (1 mL sterile solution) with 2 alcohol pads,CEZAR,yes,2026-02-05
3566,SOLEZOL 40 mg VIAL,Esomeprazole,22,5 ML,CEZAR,yes,2026-02-05
3987,REMSIMA 100 MG 1VIAL 20ML,Infliximab,1721,1 vial,CEZAR,yes,2026-02-05
3518,‎PEMETREXED‎ ‎S‎.‎K‎.‎500‎MG‎ ‎VIAL,PEMETREXED as disodiumhemipentahydrate,3720,1 vial,CEZAR,yes,2026-02-05
5557,"Yuflyma 40 MG ,40 mg/0.4 ml <span class='flash'> new </span>",adalimumab,2114,2 pre-filled pens,CEZAR,yes,2026-02-05
5558,"Yuflyma 80 MG ,80 mg/0.8 ml  PFP<span class='flash'> new </span>",adalimumab,2246,1 pre-filled pen,CEZAR,yes,2026-02-05
1230,XARELTO 10MG  30 FILM COATED TABLETS,RIVAROXABAN,230,30 Tab,CEZAR,yes,2026-02-05
4088,XARELTO 2.5 MG 56TAB,Rivaroxaban,155,56 Tab,CEZAR,yes,2026-02-05
3723,XARELTO 20MG 28 F.C.TAB,Rivaroxaban,230,28 Tab,CEZAR,yes,2026-02-05
1231,XARELTO 15MG 28 F.C.TAB,RIVAROXABAN MICRONIZED,230,28 TAB,CEZAR,yes,2026-02-05
4146,BUTYLSCOPOLAMINE MEDO  20 mg /mL *10 amp,Hyoscine  Butlbromide,64,10 Amp,AL- NASR DRUG STORE,yes,2026-02-05
3959,BUTYLSCOPOLAMINE MEDO 20MG/ML SOLN.,Hyoscine Butylbromide,32,5 AMP,AL- NASR DRUG STORE,yes,2026-02-05
3988,CLOMIPHENE MEDO 50mg* 10 TAB,CLOMIPHENE CITRATE 50 mg,31,10 Tab,AL- NASR DRUG STORE,yes,2026-02-05
4240,Irinotecan Hydrochloride 20mg/ml 25ml,IRINOTECAN HYDROCHLORIDE,915,vial,AL- NASR DRUG STORE,yes,2026-02-05
3957,IRINOTECAN HYDROCHLORIDE 20MG/ML 5ML CONCENTRATE SOLN. FOR INFUSION,Irinotecan hydrochloride,183,1 VIAL,AL- NASR DRUG STORE,yes,2026-02-05
67,Eliquis  5 mg 60 TAB,APIXABAN,270,60 Tab,Beit Hanina Drug Store,yes,2026-02-05
66,Eliquis  2.5 mg 60 TAB,APIXABAN,270,60 Tab,Beit Hanina Drug Store,yes,2026-02-05
5866,Nurofen for Children Chewable Capsule,Ibuprofen 100 mg,30,12 Soft Chewable Capsule,MSS,yes,2026-02-04
344,V-OPTIC 0.50% DROPS,TIMOLOL 0.50 %,18,5 ML,Alwaleed Drug Store,yes,2026-02-04
348,V-ZOLIN   VITAMED,TETRAHYDROZOLONE 0.05%,20,10 ML,Alwaleed Drug Store,yes,2026-02-04
304,REKOD  TAB,CODEINE PHOSPHATE 20MG,13,10,Alwaleed Drug Store,yes,2026-02-04
293,PREDNISONE 5 MG  TAB,PREDNISONE 5MG,13,30,Alwaleed Drug Store,yes,2026-02-04
264,MOXYVIT 250 SUSP,AMOXYCILLIN 250MG/5ML,14,60ML,Alwaleed Drug Store,yes,2026-02-04
266,MOXYVIT FORTE 500 MG  CAP,AMOXYCILLIN 500MG,28,20 Cap,Alwaleed Drug Store,yes,2026-02-04
259,MOVEX 8 MG  TAB,BROMHEXINE HCL 8MG,22,20 Tab,Alwaleed Drug Store,yes,2026-02-04
236,IODO VIT OINT,POVIDONE IODINE 10%,11,15 GR,Alwaleed Drug Store,yes,2026-02-04
237,IODO-VIT OINT,POVIDONE IODINE 10%,38,250 GR,Alwaleed Drug Store,yes,2026-02-04
238,IODO-VIT SOL.,POVIDONE IODINE 10%,11,20 ML,Alwaleed Drug Store,yes,2026-02-04
235,ICHTAMOL OINT  14 G,ICHTYOL 10%,25,14 GR,Alwaleed Drug Store,yes,2026-02-04
226,GLYCERIN ADULT  SUP.RKH,GLYCERINE 2GM,17,20 SUPP,Alwaleed Drug Store,yes,2026-02-04
220,FOLIC ACID 5 MG REK TAB,FOLIC ACID 5MG,20,30 TAB,Alwaleed Drug Store,yes,2026-02-04
210,DISEPTYL FORTE 10 CAP,SULFAMETHOXAZOLE 800MG TRIMETHOPRIM 160MG,17,10 CAP,Alwaleed Drug Store,yes,2026-02-04
211,DISEPTYL PEDI. SUSP 50 ML,SULFAMETHOXAZOLE 4% TRIMETHOPRIM 0.8%,11,50ML,Alwaleed Drug Store,yes,2026-02-04
205,DESOREN EAR DROPS 5 ML,"DEXAMETHASONE SOD. PHOSPHATE 1MG, NEOMYCIN SULFATE 5MG/ML, POLYMIXIN B 10,000 U/ML",23,5 ML,Alwaleed Drug Store,yes,2026-02-04
156,ALCINAL SYR,"Chlorpheniramin maleate 1mg ,Dextromethorphan HBr 7.88mg , Guaifenesin 105mg",26,115 ML,Alwaleed Drug Store,yes,2026-02-04
5828,TADALIS TEVA  20 MG TABLET 8 TAB<span class='flash'> new </span>,TADALAFIL,261,8 TAB,Teva,yes,2026-02-04
1830,COSOPT OPHT SOL. 2% 5ML,DORZOLAMIDE AS HYDROCHLORIDE / TIMOLOL AS MALEATE,43,5ML,Syam Drug Store,yes,2026-02-03
5840,Gaviscon peppermint liquid,"Sodiun Alginate 50mg /ml , Sodium Bicarbonate 26.7 mg/ml , Calcium Carbonate 16mg /ml",37,300 ML,MSS,yes,2026-02-03
5845,Nurofen for children orange suspension,Ibuprofen 100mg,26,100 ML,MSS,yes,2026-02-03
5847,Nurofen for children strawberry suspension,Ibuprofen 100mg,26,100 ML,MSS,yes,2026-02-03
5849,Nurofen forte liquidgel capsule 400mg 20 liquicaps.,Ibuprofen 400mg,49,20 CAP,MSS,yes,2026-02-03
5852,STREFEN HONEY & LEMON 8.75 MG 24 LOZENGES,FLURBIPROFEN,47,24 LOZ,MSS,yes,2026-02-03
1291,BUDICORT RESPULES 1MG/2ML - 20 UNITS,Budisonide 1mg/2ml,133,20 SUSP. FOR INHALATION,Omnipal,yes,2026-02-02
1290,BUDICORT RESPULES 0.5MG/2ML - 20 UNITS,Budisonide  0.5mg/2ml,87,20 SUSP. FOR INHALATION,Omnipal,yes,2026-02-02
3426,BRILINTA 90MG - 56 TAB,Ticagrelor,244,56 TAB,Omnipal,yes,2026-02-02
4060,AVASTIN 100MG (25MG/ML) - 4ML,Bevacizumab 25MG/ML,887,1 VIAL,Omnipal,yes,2026-02-02
4061,AVASTIN 400MG (25MG/ML) - 16ML,Bevacizumab 25MG/ML,3320,1 VIAL,Omnipal,yes,2026-02-02
1283,ARIMIDEX 1MG - 28TAB,Anastrazole 1MG,164,28TAB,Omnipal,yes,2026-02-02
4104,ALECENSA 150MG - 224 CAPS,Alectinib as hydrochloride,20474,224 CAP,Omnipal,yes,2026-02-02
4058,ACTEMRA 200MG/10ML - VIAL,Tocilizumab 20mg/ml,1371,I VIAL,Omnipal,yes,2026-02-02
4072,ACTEMRA 400MG/20ML - VIAL,Tocilizumab 20mg/ml,2194,1 vial,Omnipal,yes,2026-02-02
4059,ACTEMRA 80MG/4ML - VIAL,Tocilizumab 20mg/ml,555,1 VIAL,Omnipal,yes,2026-02-02
4205,ENGERIX B 10 MCG PRE-FILLED SYRINGE,Hepatitis vaccine,41,0.5MLPFS,GSK,yes,2026-02-01
4131,PEMETREXED SEACROSS 100 mg,Pemetrexed,744,1 Vial,AL- NASR DRUG STORE,yes,2026-02-01
4132,PEMETREXED SEACROSS 500 mg,Pemetrexed,3720,1 Vial,AL- NASR DRUG STORE,yes,2026-02-01
1816,TRANDATE 100MG 50TAB,LABETALOL HYDROCHLORIDE,39,50 tab,Beit Hanina Drug Store,yes,2026-02-01
4524,Rosuvastatin-medo 5mg,Rosuvastatin as calcium 5mg,28,30 tab,AL- NASR DRUG STORE,yes,2026-02-01
4561,‎VALSARTAN‎-‎MEDO‎ ‎T‎.‎160‎MG‎(‎30,Valsartan as HCL,40,30 TAB,AL- NASR DRUG STORE,yes,2026-02-01
4562,‎VALSARTAN‎-‎MEDO‎ ‎T‎.‎80‎MG‎(‎30‎),Valsartan as HCL,28,30 TAB,AL- NASR DRUG STORE,yes,2026-02-01
904,AGISTEN BABY,Clotrimazole,32,30 GR,Beit Hanina Drug Store,yes,2026-02-01
3468,ODNATRON 8mg/4ml Amp,Ondansetron,107,5 amp.,CEZAR,yes,2026-02-01
3467,ODNATRON 4mg/2ml Amp,Ondansetron,86,5 amp.,CEZAR,yes,2026-02-01
3561,VORTIMAL 200MG 1VIAL,Voriconazole,469,1 vial,CEZAR,yes,2026-02-01
5332,LOCID 20 MG 30 CAP,OMEPRAZOLE,25,30 CAP,Jepharm Co.,yes,2026-02-01
3447,ZYMAXID Ophth. Sol 5%,Gatifloxacin,51,2.5 ml,ArabCO,yes,2026-02-01
3705,XELJANZ 5 mg Tab,Tofacitinib,3192,60 tabs,ArabCO,yes,2026-02-01
4070,TYGACIL 50MG/DOSE 10 VIALS,Tygecycline,1441,10 vial,ArabCO,yes,2026-02-01
532,"Rapamune 1mg,",Sirolimus 1mg/tab,520,30 tabs,ArabCO,yes,2026-02-01
5171,QULIPTA 10 MG 30 TAB,ATOGEPANT AS MONOHYDRATE,1622,30 TAB,ArabCO,yes,2026-02-01
5172,QULIPTA 30 MG 30 TAB,ATOGEPANT AS MONOHYDRATE,1622,30 TAB,ArabCO,yes,2026-02-01
5173,QULIPTA 60 MG 30 TAB,ATOGEPANT AS MONOHYDRATE,1622,30 TAB,ArabCO,yes,2026-02-01
5721,PREVENAR 13 - 0.5ML PFS,Pneumococcal Polysaccharide,270,1 PFS,ArabCO,yes,2026-02-01
4325,IXIFI 100mg,INFLIXIMAB 100mg,1720,vial,ArabCO,yes,2026-02-01
525,Fucithalmic Visc. Eye Drops,Fusidic Acid 1%,32,5 gr.,ArabCO,yes,2026-02-01
4076,ENBREL 50mg Soln. for inj. 4*1ML PFS,Etanercept,2252,4*1 ml,ArabCO,yes,2026-02-01
5148,Botox 200 IU VIAL,BOTULINUM TOXIN TYPE A,1678,1 VIAL,ArabCO,yes,2026-02-01
5149,BOTOX 50,BOTULINUM TOXIN TYPE A,462,1 VIAL,ArabCO,yes,2026-02-01
3618,BOTOX 100 1VIAL,Botulinum A Toxin,819,1 vial,ArabCO,yes,2026-02-01
510,ACUVAIL 0.45% OPTH.SOLUTION,Ketorolac tromethamine 4.5 mg/ml,55,30 single-use vial*0.4ml,ArabCO,yes,2026-02-01
511,Alphagan P 0.15% - 5ml,Brimonidine Tartarate 1.5 mg/ml,66,OPHTH SOLU,ArabCO,yes,2026-02-01
4160,RISEDRONATE S.K 150 mg,Risedronic Acid,64,1 Tab,CEZAR,yes,2026-01-29
3745,Swiss Relief spray gel 25g,Diclofenac Sodium 4%W/W,68,25 g Bottle,CEZAR,yes,2026-01-29
5228,SWISS RELIEF DUAL RELEASE 75MG 20 CAPSULES,Dicolfenac sodium,24,20 capsules /box,CEZAR,yes,2026-01-29
3460,MIRENA 52 mg,Levonorgestrel,435,One Intra - uterus device,CEZAR,yes,2026-01-29
1250,MOVIPREP POWDER Sachet,ASCORBIC ACID + MACROGOLS + POTASSIUM CHLORIDE + SODIUM ASCORBATE + SODIUM CHLORIDE + SODIUM SULFATE ANHYDROUS,89,4 Sachet,CEZAR,yes,2026-01-29
1264,Permixon 160 mg tab,LIPIDOSTEROLIC EXTRACT OF SERENOA REPENS,73,60 Tab,CEZAR,yes,2026-01-29
3475,PROPESS 10 mg Pessaries,Dinoprostone,1291,5 Pessaries,CEZAR,yes,2026-01-29
1202,PICOSALAX,CITRIC ACID ANHYDROUS + MAGNESIUM OXIDE + MG SODIUM PICOSULFATE,62,(2 SACHETS),CEZAR,yes,2026-01-29
4148,YAZ PLUS TABLET,Drospirenone & Ethinylestradiol & Levomefolate calcium,59,28 Tab,CEZAR,yes,2026-01-29
3530,YASMIN PLUS,"Drospirenone , Ethinylestradiol, Levomefolate Ca.",47,28 Tab,CEZAR,yes,2026-01-29
5308,NUBEQA 300 mg TAB 112 FCT,Darolutamide,14565,112 film-coated tablets (7 blisters),CEZAR,yes,2026-01-29
4968,NEXAVAR 200MG 112 FILM-COATED  TAB,SORAFENIB,6277,112 FCT,CEZAR,yes,2026-01-29
4807,STIVARGA 40 MG 84 tab,REGORAFENIB,10629,84 FILM COATED TAB,CEZAR,yes,2026-01-29
1212,MINIRIN MELT 120MCG 30TAB,DESMOPRESSIN ACETATE,141,30 TABLETS),CEZAR,yes,2026-01-29
1210,MINIRIN 0.1MG,DESMOPRESSIN ACETATE,98,30 tab,CEZAR,yes,2026-01-29
1211,MINIRIN 0.2MG,DESMOPRESSIN ACETATE,145,(30 TABLETS),CEZAR,yes,2026-01-29
1253,Ulceron 40 mg,PANTOPRAZOLE AS SODIUM,22,1 Vial,CEZAR,yes,2026-01-29
1232,YASMIN 1X21 TAB,DROSPIRENONE 3mg + ETHINYLESTRADIOL 0.03mg,30,21 Tab,CEZAR,yes,2026-01-29
3554,"MEGAXIN IV 400MG/250ML,(250ML) SOL FOR INF",moxifloxacin,125,1 vial,CEZAR,yes,2026-01-29
1229,MELIANE  TAB,ETHINYLESTRADIOL 0.02mg + GESTODENE 0.075mg,23,21 Tab,CEZAR,yes,2026-01-29
1228,MEGAXIN TAB 400 MG,MOXIFLOXACIN,38,5 Tab,CEZAR,yes,2026-01-29
5361,KERENDIA 10 MG 28 FCT,FINERENONE,253,28 FCT,CEZAR,yes,2026-01-29
5360,KERENDIA 20 MG 28 FCT,FINERENONE,253,28 FCT,CEZAR,yes,2026-01-29
1225,GYNERA TAB,ETHINYLESTRADIOL 0.03mg + GESTODENE 0.075mg,22,1X21 Tab,CEZAR,yes,2026-01-29
1216,PENTASA ENEMA 7X1OOML,MESALAZINE,117,7*100 ML,CEZAR,yes,2026-01-29
1221,PENTASA 1G 28 SUPP,MESALAZINE,235,(28 SUPP),CEZAR,yes,2026-01-29
3875,PENTASA S.R GRANULES 4GR,Mesalazine,340,30 sach.*4 gm,CEZAR,yes,2026-01-29
1217,PENTASA SLOW RELEASE GRANULES 1GX100SACH,MESALAZINE,290,(100 SACHETS),CEZAR,yes,2026-01-29
1223,PENTASA 500MG 100 SRTAB,MESALAZINE,146,(100 TABLETS),CEZAR,yes,2026-01-29
1219,PENTASA Slow  Release TAB 1 Gm,MESALAZINE,166,60 tabs,CEZAR,yes,2026-01-29
3476,GLYPRESSIN 1MG/5ML 5VIAL,Terlipressin Acetate,447,5 vial,CEZAR,yes,2026-01-29
4021,EYLEA 40 mg/ml Vial,Aflibercept,2876,1 vial,CEZAR,yes,2026-01-29
4895,EYLEA 40MG/ML SOLUTION FOR INJECTION IN PFS,Aflibercept,2876,1 pre-filled syringe,CEZAR,yes,2026-01-29
1207,ENDOMETRIN 100MG 30 VAG.TAB,PROGESTERONE 100MG,219,30 TABS,CEZAR,yes,2026-01-29
4589,Esoprim S.K. 20mg,esomeprazole as sodium,28,28 cap,CEZAR,yes,2026-01-29
4588,Esoprim S.K. 40mg,esomeprazole as sodium,42,28 cap,CEZAR,yes,2026-01-29
5116,Decapeptyl Depot 11.25 mg INJ,Triptorelin as embonate,1264,1 VIAL Powder & 1 AMPOULE 2ML SOLVENT,CEZAR,yes,2026-01-29
3555,DECAPEPTYL DEPOT 22.5 MG VIAL,Triptorelin as Embonate,2238,1 vial,CEZAR,yes,2026-01-29
1206,DECAPEPTYL 0.1MG 7AMP,TRIPTORELIN ACETATE,137,(7 AMP),CEZAR,yes,2026-01-29
4199,DECAPEPTYL DEPOT 3.75MG/2ML VIAL+SOLV,Triptorelin embonate 3.75,457,vial,CEZAR,yes,2026-01-29
3553,CORTIMENT 9MG 30 P.R.TAB,Budesonide,441,30 Tab,CEZAR,yes,2026-01-29
3616,SMOFLIPID 200mg/ml - emulsion for infusion,"fish oil,olive oil , soya oil , triglycerides , medium chain .",60,1 BAG OF 100 ML,Alrazi Drug Store,yes,2026-01-28
5755,VOLUVEN 6% SOL.FOR INFUSION - 20 BAG,Polyhydroxy ethyl starch 60gm + sodium chloride 9gm/l,740,20 bag*500 ml,Alrazi Drug Store,yes,2026-01-28
3646,SMOFKABIVEN PERIPHERAL,"Several amino acids , lipids, and minerals",350,I BAG OF 1904 ML,Alrazi Drug Store,yes,2026-01-28
5633,GASTREX 20 MG - 30 TAB <span class='flash'> new </span>,FAMOTIDINE,24,30 TAB,BPC,yes,2026-01-28
5433,OXYPAR 5mg - 20 TAB <span class='flash'> new </span>,5 MG OXYCODONE & 325 MG PARACETAMOL,56,20 TAB,BPC,yes,2026-01-28
5837,PANTOPRAZOLE KALCEKS 40 MG - 10 VIAL<span class='flash'> new </span>,PANTOPRAZOLE,126,10 VIAL,Medimarket Drug Store,yes,2026-01-28
697,FERRIPEL-3 SYR/110ML,Ferrous as Iron III hydroxide polymatose complex,45,110 ML,Syam Drug Store,yes,2026-01-27
698,FERRIPEL-3 TIPTIPOT/15ML,Ferrous as Iron III hydroxide polymatose complex,37,15 ML,Syam Drug Store,yes,2026-01-27
817,SIMICOL DROPS 30ML,Simethicone,30,BOTTLE,Syam Drug Store,yes,2026-01-27
827,TONIGHT 25MG TABS/10,Doxylamine Succinate,35,BOX,Syam Drug Store,yes,2026-01-27
5581,Veltassa 8.4 sachet  30 sachets<span class='flash'> new </span>,PATIROMER AS SORBITEX CALCIUM,965,box of 30 sachet,Syam Drug Store,yes,2026-01-27
5582,Veltassa 16.8 sachet  30 sachets<span class='flash'> new </span>,PATIROMER AS SORBITEX CALCIUM,1086,30 SACHETS,Syam Drug Store,yes,2026-01-27
832,URSOLIT TABS /100mg,Ursodeoxycholic acid 100mg,166,60 tabs,Syam Drug Store,yes,2026-01-27
808,RETAVIT CR. 0.025% 20GR,Tretinoin,42,20 GM,Syam Drug Store,yes,2026-01-27
809,RETAVIT CR. 0.05% 20GR,Tretinoin,23,20 GM,Syam Drug Store,yes,2026-01-27
810,RETAVIT GEL 0.025% 20GR,Tretinoin,53,20 GM,Syam Drug Store,yes,2026-01-27
811,RETAVIT GEL 0.05% 20 GR,Tretinoin,45,20 GM,Syam Drug Store,yes,2026-01-27
3533,REMOTIV 500 mg Tab,Hyperici herba Extract,122,30 Tab,Syam Drug Store,yes,2026-01-27
793,PYRIDOSTIGMINE 60 MG 30 TABS,Pyridostigmine Bromide,32,30 TAB,Syam Drug Store,yes,2026-01-27
791,PROTHIAZINE SYR 110 ML,Promethazine HCL,21,110 ML,Syam Drug Store,yes,2026-01-27
789,PROTHIAZINE EXP. SYR 110ML,Promethazine HCL,33,110 ML,Syam Drug Store,yes,2026-01-27
786,PRAMIN 2ML AMPS /50,Metoclopramide HCL,113,50 AMP,Syam Drug Store,yes,2026-01-27
4509,SODIUM CHLORIDE S.A.L.F. 0.9%  30 BOTTLE 100 ML,Sodium chloride 9 mg,192,30 BOTTLE100 ML,NOBEL STORE,yes,2026-01-27
4210,DOPAMINE HYDROCHLORIDE S.A.L.F. 200 MG/5 ML 5 AMP,DOPAMINE HYDROCHLORIDE 40mg/ml,135,5 amp/box,NOBEL STORE,yes,2026-01-27
763,NOVIMOL TIPTIPOT 15 ML,Paracetamol,23,15 ML,Syam Drug Store,yes,2026-01-27
762,NOTENSYL TABS 10 MG  /20 TAB,Dicyclomide HCL,34,20 TAB,Syam Drug Store,yes,2026-01-27
757,NIFEDILONG 30 MG TAB 30 TAB,Nifedipine,33,30 TAB,Syam Drug Store,yes,2026-01-27
758,NIFEDILONG 60 mg 30 TAB,Nifedipine,57,30 TAB,Syam Drug Store,yes,2026-01-27
756,MUCOLIT TIPTIPOT 15 ML,Carbocisteine,23,15 ML,Syam Drug Store,yes,2026-01-27
749,MONUROL 3 GR SACHET /1,Fosfomycin as Trometrol,21,1 SACHET,Syam Drug Store,yes,2026-01-27
745,MODAL 50MG CAPS/30,Sulpiride,20,30 CAP,Syam Drug Store,yes,2026-01-27
743,MINOCYCLINE 100MG CAPS/10,Minocycline,20,10 CAP,Syam Drug Store,yes,2026-01-27
744,MINOCYCLINE 50MG CAPS/30,Minocycline,43,30 CAP,Syam Drug Store,yes,2026-01-27
3925,MIDOLAM 50 MG/10 ML,Midazolam,73,5 amp.,Syam Drug Store,yes,2026-01-27
3926,MIDOLAM 15 MG /3 ML,Midazolam,22,5 amp.,Syam Drug Store,yes,2026-01-27
742,MIDOLAM 5MG/ML AMP /5 AMP,Midazolam,16,5 AMP,Syam Drug Store,yes,2026-01-27
738,MESULID 100MG CAPLETS/ 30 CAPLETS,Nimsulide,16,30 CAPLETS,Syam Drug Store,yes,2026-01-27
730,LORATADIM 10 MG 10 TAB,Loratidine,20,10 TAB,Syam Drug Store,yes,2026-01-27
687,ESRACAIN JELLY 2% 30 GM,Lidocaine,24,30 GM,Syam Drug Store,yes,2026-01-27
5843,Nurofen for children suppositories 125mg,Ibuprofen 125 mg,25,10 Supp,MSS,yes,2026-01-27
5844,Nurofen for children suppositories 60mg,Ibuprofen 60 mg,20,10 Supp,MSS,yes,2026-01-27
708,GAZIM X-TABS. /30,Simethicone,38,30 TAB,Syam Drug Store,yes,2026-01-27
700,FLUCANOL 150MG CAPS/1,Fluconazole,20,1 CAP,Syam Drug Store,yes,2026-01-27
686,ESRACAIN CREAM 5% 20 GM,Lidocaine,24,20 GM,Syam Drug Store,yes,2026-01-27
677,DEPALEPT SYRUP /110ML,Valproic acid as sodium,32,110 ML,Syam Drug Store,yes,2026-01-27
3725,DEPALEPT 500 MG TAB 40 TAB,Valporate Sodium,36,40 TAB,Syam Drug Store,yes,2026-01-27
676,DEPALEPT ORAL SOL. /50ML,Valproic acid as sodium,25,50 ML,Syam Drug Store,yes,2026-01-27
5717,REBIF 22MCG/0.5ML - 4 CART.(1.5ML),Interferon beta 1a 66 mcg,2584,4 cartridge of 1.5ml/box,Grand Pharm,yes,2026-01-26
2318,REBIF 22MCG - 4 SYR,Interferon beta 1a 22mcg,861,4 SYR,Grand Pharm,yes,2026-01-26
2321,Rebif 44MCG - 4 SYR,Interferon beta 1a 44mcg,1095,4 SYR,Grand Pharm,yes,2026-01-26
5718,REBIF 44MCG/0.5ML - 4 CART.(1.5ML),Interferon beta 1a 132 mcg,3286,4 cartridge of 1.5ml/box,Grand Pharm,yes,2026-01-26
3984,REBIF 22 MCG - 12 PFP,Interferon beta 1a 22mcg,2584,12 PFP,Grand Pharm,yes,2026-01-26
3983,REBIF 44MCG -  12 PFP,Interferon beta 1a 44mcg,3286,12 PFP,Grand Pharm,yes,2026-01-26
2258,Co-Diovan 80/12.5  (film-coated) Tab.,VALSARTAN (80mg)HYDROCHLOROTHIAZIDE (12.5mg),27,28 Tab.,MASROUJI CO.,yes,2026-01-26
4294,Xolair 150 mg pre-filled syringe,Omalizumab 150mg,1817,1 pre-filled syringe,MASROUJI CO.,yes,2026-01-26
4293,Xolair 75mg pre-filled syringe,Omalizumab 75mg,909,1 pre-filled syringe,MASROUJI CO.,yes,2026-01-26
3636,VIGAMOX OPHT SOL 5ML,MOXIFLOXACIN AS HYDROCHLORIDE 0.5%,45,DROPS,MASROUJI CO.,yes,2026-01-26
3637,TRAVATAN 0.004% OPHTH SOL 2.5ML,TRAVOPROST 0.004% W/V,39,DROPS,MASROUJI CO.,yes,2026-01-26
5082,SCEMBLIX‎ ‎ ‎20 ‎MG‎ 60 FILM COATED TAB,ASCIMINIB,20302,60 FILM COATED TAB,MASROUJI CO.,yes,2026-01-26
5081,SCEMBLIX‎ ‎ ‎40‎MG‎ 60 FILM COATED TAB,ASCIMINIB,21106,60 FILM COATED TAB,MASROUJI CO.,yes,2026-01-26
4186,PIQRAY film coated tablets 150mg + 150mg,Alpelisib,17444,56 TAB,MASROUJI CO.,yes,2026-01-26
3569,NEVANAC OPHTH. SUSP. 0.1%,NEPAFENAC,78,5 ML,MASROUJI CO.,yes,2026-01-26
3606,KISQALI 200 MG 63 FC TABLETS,Ribociclib,10331,63 Tab,MASROUJI CO.,yes,2026-01-26
4137,JAKAVI 15 MG 56 TAB,Ruxolitinib,13592,56 Tab,MASROUJI CO.,yes,2026-01-26
4138,JAKAVI 20 MG 56 TAB,Ruxolitinib,13592,56 Tab,MASROUJI CO.,yes,2026-01-26
4136,JAKAVI 5 MG 56 TAB,Ruxolitinib,6849,56 Tab,MASROUJI CO.,yes,2026-01-26
4591,Exjade 250,Deferasirox 250mg,1903,28 dispersible tab,MASROUJI CO.,yes,2026-01-26
4592,Exjade 500,Deferasirox 500mg,3418,28 dispersible tab,MASROUJI CO.,yes,2026-01-26
2269,Eucreas FCT 50mg /1000 mg,METFORMIN HYDROCHLORIDE (1000mg)VILDAGLIPTIN (50mg),76,60tab,MASROUJI CO.,yes,2026-01-26
2271,Eucreas FCT 50mg /850mg,METFORMIN HYDROCHLORIDE (850mg)VILDAGLIPTIN (50mg),76,60tab,MASROUJI CO.,yes,2026-01-26
2265,Entresto 100 mg 28 Tab,Sacubitril (48.6mg ) +  Valsartan (51.4 mg ) as sodium salt complex,268,28 tab,MASROUJI CO.,yes,2026-01-26
2266,Entresto 100 mg Tab,Sacubitril (48.6mg ) +  Valsartan (51.4 mg ) as sodium salt complex,516,56 tab,MASROUJI CO.,yes,2026-01-26
2267,Entresto200 mg Tab,Sacubitril (97.2 mg ) +  Valsartan (102.8 mg ) as sodium salt complex,516,56 tab,MASROUJI CO.,yes,2026-01-26
2268,ENTRESTO50 MG TAB,Sacubitril (24.3 mg ) +  Valsartan (25.7 mg ) as sodium salt complex,275,28 tab,MASROUJI CO.,yes,2026-01-26
3634,Duotrav 2.5ml ophthalmic solution,Timolol as maleate +travoprost  5mg/ml +40 mcg/ml,36,DROPS,MASROUJI CO.,yes,2026-01-26
2263,Diovan 160 mg Cap,VALSARTAN,40,28 tab.,MASROUJI CO.,yes,2026-01-26
2264,Diovan 80 mg  Tab,VALSARTAN,28,28 tab.,MASROUJI CO.,yes,2026-01-26
3572,COSENTYX 150 mg / ml ( PEN),Secukinumab,4828,2 PEN,MASROUJI CO.,yes,2026-01-26
668,CLONNIRIT 25MCG TABS./30,Clonidine HCL,20,30 TAB,Syam Drug Store,yes,2026-01-25
667,CLINDAMYCIN INJ 150mg/ml 5 AMP 4ML,CLINDAMYCIN AS PHOSPHATE,96,5 AMP,Syam Drug Store,yes,2026-01-25
653,AMIOCARD 200MG/ 30TABS,Amiodarone HCL,26,30 TAB,Syam Drug Store,yes,2026-01-25
650,ALPRALID 0.25MG TABS/30,Alprazolam,10,30 TAB,Syam Drug Store,yes,2026-01-25
651,ALPRALID 1 MG TABS/30,Alprazolam,22,30 TAB,Syam Drug Store,yes,2026-01-25
652,ALPRALID O. 5MG TABS /30,Alprazolam,15,30 TAB,Syam Drug Store,yes,2026-01-25
3579,CILOXAN EYE DROPS,Ciprofloxacin HCl,21,5ML,MASROUJI CO.,yes,2026-01-25
643,ADIZEM 120MG CAPS/30,Diltiazim HCL,29,30 CAP,Syam Drug Store,yes,2026-01-25
644,ADIZEM 180MG CAPS/30,Diltiazim HCL,37,30 CAP,Syam Drug Store,yes,2026-01-25
3461,CERTICAN 0.25 MG,EVEROLIMUS,390,60Tab,MASROUJI CO.,yes,2026-01-25
645,ADIZEM 240MG CAPS/30,Diltiazim HCL,46,30 CAP,Syam Drug Store,yes,2026-01-25
638,ACYCLO - V 200 mg 30 TAB,Aciclovir,42,30 TAB,Syam Drug Store,yes,2026-01-25
641,ADAFERIN CREAM 0.1% 30 gm,Adapalene,39,30 GM,Syam Drug Store,yes,2026-01-25
639,ACYCLO - V 400 mg 30 TAB,Aciclovir,36,30 TAB,Syam Drug Store,yes,2026-01-25
3517,Cataflam 50mg,DICLOFENAC AS POTASSIUM,26,20 Tab,MASROUJI CO.,yes,2026-01-25
4014,AFINITOR 10 MG,Everolimus,5072,30 TAB,MASROUJI CO.,yes,2026-01-25
4013,AFINITOR 5 MG,Everolimus,3865,30 TAB,MASROUJI CO.,yes,2026-01-25
4762,ONDANSETRON KALCEKS 8 MG/4ML,ONDANSETRON,214,10 AMP,Medimarket Drug Store,yes,2026-01-25
5553,MICRO-KALIUM 600MG/CAP 50 CAP,POTASSIUM CHLORIDE,36,50 CAP,Medimarket Drug Store,yes,2026-01-25
4274,CIPROFLOXACIN I.V  2 MG/ML 100 ML 50 BAGS,ciprofloxacin,2000,50 bag of 100ml,Medimarket Drug Store,yes,2026-01-25
4755,dexamethasone kalceks 4mg/1ml AMP,dexamethasone phosphate 4mg/1ml,36,10 AMP,Medimarket Drug Store,yes,2026-01-25
3675,Atracurium Kalceks 50mg,atracurium besylate,73,5 amp,Medimarket Drug Store,yes,2026-01-25
4211,MEMANTINE 10MG TAB GRINDEKS,memantine 10mg,64,30 tab,Medimarket Drug Store,yes,2026-01-25
3670,MAVENCLAD 10MG - 1 TAB,CLADRIBINE 10MG,7422,1 TAB,Grand Pharm,yes,2026-01-25
897,ULTIBTO BREEZHALER - 30CAPS,"GLYCOPYRRONIUM AS BROMIDE , INDACATEROL AS MALEATE",177,30 CAPS,Grand Pharm,yes,2026-01-25
4295,VPRIV 400,velaglucerase alfa 400 unit/vial,6032,1 VIAL,Grand Pharm,yes,2026-01-25
2319,REBIF 22MCG -  12 SYRINGES,INTERFERON BETA 1A,2584,12 SYRINGES,Grand Pharm,yes,2026-01-25
2320,REBIF 44MCG - 12 SYR,Interferon beta 1a 44mcg,3286,12 SYR,Grand Pharm,yes,2026-01-25
4204,MAYZENT 0.25MG -120 FCT,SIPONIMOD 0.25MG,9134,120 FCT,Grand Pharm,yes,2026-01-25
4202,MAYZENT 2MG - 28 FCT,SIPONIMOD 2MG,5958,28 FCT,Grand Pharm,yes,2026-01-25
4203,MAYZENT 0.25MG - 12 FCT,SIPONIMOD 0.25MG,976,12 FILM COATED TABLET,Grand Pharm,yes,2026-01-25
3355,TUMS ULTRA ASSORTED BERRIES 160 TABLETS,Calcium Carbonate 1000 mg,79,160 tab,GSK,yes,2026-01-25
4226,KETOROLAC TROMETAMOL ROMPHARM 30MG/ML*10 AMP,KETOROLAC TROMETAMOL,44,10 AMP,AL- NASR DRUG STORE,yes,2026-01-25
5698,CANDEPLUS 16/12.5 - 30 TAB<span class='flash'> new </span>,Candesartan Cilexetil & Hydrochlorothiazide,37,30 TAB,Jepharm Co.,yes,2026-01-25
5619,EFASTON 10MG - 20 TAB<span class='flash'> new </span>,Dydrogesterone,30,20 TAB,BPC,yes,2026-01-25
5790,TIRACET 500MG - 30 TAB<span class='flash'> new </span>,Levetiracetam 500mg,65,30 TAB,BPC,yes,2026-01-25
886,GILENYA 0.5MG - 28CAP,FINGOLIMOD HYDROCHLORIDE 0.5MG,8829,28 CAP,Grand Pharm,yes,2026-01-22
4609,EUTHYROX 25 MCG - 100TAB,LEVOTHYROXINE AS SODIUM 25MCG,21,100 TAB,Grand Pharm,yes,2026-01-22
1267,EUTHYROX 100MCG - 100 TAB,LEVOTHYROXINE AS SODIUM 100MCG,31,100 TAB,Grand Pharm,yes,2026-01-22
885,EUTHYROX 50MCG - 100TAB,LEVOTHYROXINE AS SODIUM 50MCG,24,100 TAB,Grand Pharm,yes,2026-01-22
4044,ERBITUX 5MG/ML - 20ML VIAL,Cetuximab 5 mg/ml,811,20ML VIAL,Grand Pharm,yes,2026-01-22
3872,ENTYVIO 300 MG - 1 VIAL,vedolizumab 300mg,9462,1 VIAL,Grand Pharm,yes,2026-01-22
3686,DEXILANT ‎60‎MG‎ -  28 CAP,dexlansoprazole 60mg,255,28 CAP,Grand Pharm,yes,2026-01-22
3685,DEXILANT‎ ‎30‎MG‎ ‎- 28 CAP,dexlansoprazole 30mg,155,28 CAP,Grand Pharm,yes,2026-01-22
4249,CONTROLOC 20MG - 30TAB,pantoprazole sodium sesquihydrate 20mg,22,30 TAB,Grand Pharm,yes,2026-01-22
4380,CONTROLOC 40MG - 28TAB,PANTOPRAZOLE 40 mg,44,28 TAB,Grand Pharm,yes,2026-01-22
882,CONCOR 10MG - 30TAB,BISOPROLOL FUMARATE 10MG,20,30 TAB,Grand Pharm,yes,2026-01-22
5500,BAVENCIO 20 MG/ML- 1 VIAL,AVELUMAB 20MG,4023,1 VIAL,Grand Pharm,yes,2026-01-22
3873,ADCETRIS 50MG - 1 VIAL,brentuximab vedotin 50mg,13417,1 VIAL,Grand Pharm,yes,2026-01-22
903,AGISTEN ALOVERA,Clotrimazole,29,20 GR,Beit Hanina Drug Store,yes,2026-01-22
927,COLOTAL  135MG - 50 TAB,Mebeverine HCL,44,50 TAB,Beit Hanina Drug Store,yes,2026-01-22
5753,ULTRAVIST 300 200ML,Iopromide 623mg equiv. to 300mg iodine,314,1 BOTTLE,Beit Hanina Drug Store,yes,2026-01-22
950,EDRONAX 4 MG,Reboxetine,139,60 TAB,Beit Hanina Drug Store,yes,2026-01-22
5377,MINESSE 84 FCT,Gestodene 60 mcg+Ethinylestradiol 15 mcg,156,28 FCT,Beit Hanina Drug Store,yes,2026-01-22
1004,SOLU CORTEF 500 MG act_o_vial,Hydrocortisone sodium succinate,67,1 VIAL,Beit Hanina Drug Store,yes,2026-01-22
128,Trican 200mg 7CAPS,FLUCONAZOLE,140,7 caps,Beit Hanina Drug Store,yes,2026-01-22
3731,NERIDERM CREAM,Diflucortolone Valetrate,22,30 gm,Beit Hanina Drug Store,yes,2026-01-22
986,PRIMOLUT-NOR 5 MG 30 TAB,Norethisterone acetate,23,30 TAB,Beit Hanina Drug Store,yes,2026-01-22
544,TAZO-PIP AVENIR 4.5G 1VIAL/50ML,PIPERACILLIN 4G + TAZOBACTAM 0.5G,47,1 VIAL,BEIT AL- DAWAA DRUG STORE,yes,2026-01-21
4472,SODIUM CHLORIDE / VIOSER SOLUTION FOR INFUSION 0.9 % 500 ML 10 PACK,Sodium chloride 0.9% Solution 500ml,90,10 vial/pack,BEIT AL- DAWAA DRUG STORE,yes,2026-01-21
4425,SODIUM CHLORIDE / VIOSER SOLUTION FOR INFUSION 0.9 % 100 ML 10 PACK,sodium chloride  0.9 %  100 ml,64,10 VIAL / PACK,BEIT AL- DAWAA DRUG STORE,yes,2026-01-21
4647,REMIFENTANIL BIOAVENIR 5MG POWDER FOR INJECTION 5 vial,REMIFENTANIL HYDROCHLORIDE,378,5VIAL,BEIT AL- DAWAA DRUG STORE,yes,2026-01-21
4539,METRONIDAZOLE VIOSER 500 MG / 100 ML VIAL,Metronidazole 500 mg,90,10 vial/PACK,BEIT AL- DAWAA DRUG STORE,yes,2026-01-21
3382,ZOVIRAX  400MG  25 tab,acyclovir Tabs 400Mg,30,25 tabs,GSK,yes,2026-01-21
3338,PRIORIX  1 VIAL,Measles-Mumps-Rubella vaccine x 1 vial,66,1 vial,GSK,yes,2026-01-21
4582,MIOZAC 250 mg / 20 ml,Dobutamine 250 mg / 20 ml,27,1 VIAL,BEIT AL- DAWAA DRUG STORE,yes,2026-01-21
5853,Strepsils menthol and Eucalyptus,"Dichlorobenzyl Alcohol 1.2mg , Amylmetacresol 0.6mg, levomenthol 8mg",29,24 lozenges,MSS,yes,2026-01-21
5854,Strepsils honey and lemon 36 lozenges,"Dichlorobenzyl Alcohol 1.2mg , Amylmetacresol 0.6mg",41,36,MSS,yes,2026-01-21
5855,Strepsils orange vitamin C 24 lozenges,"Dichlorobenzyl Alcohol 1.2mg , Amylmetacresol 0.6mg",29,24,MSS,yes,2026-01-21
5856,Strepsils plus,"Dichlorobenzyl Alcohol 1.2mg , Amylmetacresol 0.6mg , Lidocaine 10mg",29,24 lozenges,MSS,yes,2026-01-21
5857,Strepsils strawberry sugar free,"Dichlorobenzyl Alcohol 1.2mg , Amylmetacresol 0.6mg",37,24 lozenges,MSS,yes,2026-01-21
5387,ISOVENIR 5 MG 30 CAP,ISOTRETINON,37,30 CAP,BEIT AL- DAWAA DRUG STORE,yes,2026-01-20
5386,ISOVENIR 10 MG 30 CAP,ISOTRETINON,62,30 CAP,BEIT AL- DAWAA DRUG STORE,yes,2026-01-20
5385,ISOVENIR 20 MG 30 CAP,ISOTRETINON,105,30 CAP,BEIT AL- DAWAA DRUG STORE,yes,2026-01-20
5384,ISOVENIR 40 MG 30 CAP,ISOTRETINON,198,30 CAP,BEIT AL- DAWAA DRUG STORE,yes,2026-01-20
542,Furovenir 250 mg,FUROSEMIDE 250MG,342,50,BEIT AL- DAWAA DRUG STORE,yes,2026-01-20
5236,ENTEAVENIR 0.5 MG TAB. 30 TAB,ENTECAVIR AS MONOHYDRATE 0.5 MG,1274,30 tablet,BEIT AL- DAWAA DRUG STORE,yes,2026-01-20
5237,ENTEAVENIR 1 MG TAB 30 TAB,ENTECAVIR AS MONOHYDRATE 1 MG,1274,30 tab,BEIT AL- DAWAA DRUG STORE,yes,2026-01-20
4257,"DEXAMETHASONE KERN PHARMA 4MG/ML, 3 AMP",DEXAMETHASONE PHOSPHATE (AS SODIUM) 4mg/ml,9,3 amp/box,BEIT AL- DAWAA DRUG STORE,yes,2026-01-20
541,Clavenir 1gm  10vial/box,AMOXICILLIN CLAVULANIC ACID,137,10 vial / box,BEIT AL- DAWAA DRUG STORE,yes,2026-01-20
5761,‎UMAN‎ ‎ALBUMIN‎ ‎I‎.‎V‎ ‎20‎%‎ ‎100‎ML,Human Albumin,315,VIAL OF 100 ML,BEIT AL- DAWAA DRUG STORE,yes,2026-01-20
3891,DALACIN 150MG,CLINDAMYCIN,85,100 CAP,Beit Hanina Drug Store,yes,2026-01-19
87,Ketalar INJ 50mg/1ml  10 ml,KETAMINE AS HYDROCHLORIDE,148,1 vial,Beit Hanina Drug Store,yes,2026-01-19
4289,NOREPINEPHRINE KALCEKS 1MG/ML 10 AMP,Norepinephrine,95,10 amp,Medimarket Drug Store,yes,2026-01-19
77,Fragmin 5000/0.2ml  10AMP,DALTEPARIN SODIUM,197,10 amp,Beit Hanina Drug Store,yes,2026-01-19
3556,ZYVOXID 2 mg/ ML,Linezolid,1776,10 Bag of 300 ml Solution for Infusion,Beit Hanina Drug Store,yes,2026-01-19
5615,STAQUIS 2%  - 60G OINT<span class='flash'> new </span>,CRISABOROLE,261,OINTMENT,Beit Hanina Drug Store,yes,2026-01-19
5614,STAQUIS 2%  - 30G OINT<span class='flash'> new </span>,CRISABOROLE,141,OINTMENT,Beit Hanina Drug Store,yes,2026-01-19
5604,PROSTIN E2 10MG/ML 0.5 ML AMP,DINOPROSTONE,157,1 AMP,Beit Hanina Drug Store,yes,2026-01-19
3921,FENTANYL KALCEKS 0.05MG/ ML (10 ML) -10AMP,Fentanyl citrate 50mcg/ml,47,10 amp,Medimarket Drug Store,yes,2026-01-19
3676,Atracurium Kalceks 25mg,atracurium besylate,48,5 amp,Medimarket Drug Store,yes,2026-01-19
3628,VITAMINE B12 STEROP 1 MG/ML 10 AMP,Cyanocopolamin 1000mcg,39,10 amp,Medimarket Drug Store,yes,2026-01-19
4764,INSTILLAGEL STERILE GEL  11 ML SYRINGE  10 SYRINGES,LIDOCAINE HYDROCHLORIDE 20.9MG/ML CHLORHEXIDINE DIGLUCONATE 0.52MG/ML,123,10 SYRINGE PER BOX,Medimarket Drug Store,yes,2026-01-19
2757,PROSULF 50MG/5ML 10AMP (5ML),Protamine sulphate 1%  amp,455,10 amp,Medimarket Drug Store,yes,2026-01-19
4771,Palonosetron Kalceks 250 micrograms/5ml vial,palonosetron as hydrochloride 250 micrograms/5ml,194,1 vial per box,Medimarket Drug Store,yes,2026-01-19
4273,Rocuronium bromide kalceks 10mg/ml,Rocuronium bromide 10mg/ml,180,10 vials of 5 ml,Medimarket Drug Store,yes,2026-01-19
3763,OXYTOCIN - GRINDEKS 10IU/1 ML 10 AMP,Oxytocin,84,10 amp,Medimarket Drug Store,yes,2026-01-19
4761,MIDAZOLAM KALCEKS 1 MG /ML 5MG AMP.10AMP,MIDAZOLAM AS HYDROCHLORIDE,29,10 AMP,Medimarket Drug Store,yes,2026-01-19
3936,MIDAZOLAM KALCEKS 5 MG/ML  3ML 10 AMP,MIDAZOLAM,43,10 amp,Medimarket Drug Store,yes,2026-01-19
3692,ORLOBIN 500mg Vial,Amikacin,14,1 vial,Medimarket Drug Store,yes,2026-01-19
4345,LIDOCAINE RAZ GEL 2% (non-sterile),Lidocaine hydrochloride2%,19,tube of 30gm,Medimarket Drug Store,yes,2026-01-19
5235,"TIROFIBAN ALTAN 50 MCG/ML, sol . for inf  250 ML",TIROFIBAN,728,250ML bag,Medimarket Drug Store,yes,2026-01-19
5705,KOPAQ 300MG/ML - 100 ML INJ<span class='flash'> new </span>,Iohexol,113,100 ml soln for injection,Medimarket Drug Store,yes,2026-01-19
5694,KOPAQ 350MG/ML - 100ML INJ<span class='flash'> new </span>,Iohexol,126,100 ml soln for injection,Medimarket Drug Store,yes,2026-01-19
5693,KOPAQ 350MG/ML - 200ML INJ<span class='flash'> new </span>,Iohexol,229,200 ml soln for injection,Medimarket Drug Store,yes,2026-01-19
3487,MEXILON 15 mg Amp,Meloxicam,30,5 amp.,Medimarket Drug Store,yes,2026-01-19
5070,TRAMADOL KALCEKS,TRAMADOL HYDROCHLORIDE 50 MG/ML,24,10 AMP,Medimarket Drug Store,yes,2026-01-19
3934,TRAMADOL KALCEKS 100MG /5AMP,Tramadol 100 mg,12,5 amp.,Medimarket Drug Store,yes,2026-01-19
3937,FENTANYL KALCEKS 0.05MG/ML (2ML)- 10 AMP,Fentanyl citrate 50mcg/ml,23,10 amp,Medimarket Drug Store,yes,2026-01-19
4271,CIPROFLOXACIN I.V ALTAN 2 MG/ML 200 ML 20 BAGS,Ciprofloxacin 2 mg/1 ml,1700,20 bag of 200 ml pack,Medimarket Drug Store,yes,2026-01-19
5125,ESOMEPRAZOLE MEDI MARKET 40 MG 25 VIAL,ESOMEPRAZOLE,347,25 VIAL,Medimarket Drug Store,yes,2026-01-19
4359,Dexmedetomidine kalceks 5 AMP,dexmedetomidine 100mcg/ml 2ml,263,5 amp/box,Medimarket Drug Store,yes,2026-01-19
3451,BETRIMINE AMP.,VIT. B Complex,42,6 amp,Medimarket Drug Store,yes,2026-01-19
4232,Dexmedetomidine kalceks 25 AMP,dexmedetomidine 100mcg/ml 2ml,1315,25 amp,Medimarket Drug Store,yes,2026-01-19
5457,BUPIVACAINE SPINAL HEAVY GRINDEKS 20 MG /4 ML,BUPIVACAINE +DEXTROSE,64,5 AMP,Medimarket Drug Store,yes,2026-01-19
3976,BUPIVACAINE -GRINDEKS  5mg/ml AMPOULES 10ML 5 AMP.,BUPIVACAINE HCl 5mg/ml,48,5 Amp,Medimarket Drug Store,yes,2026-01-19
5366,Dibase 100000 IU/ml intramascular Injection	6 amp,Vitamin D3,36,6 amp,Medimarket Drug Store,yes,2026-01-19
5367,DIBASE 300000 IU/ml Intramascular injection	2 AMP,Vitamin D3,32,2 AMP,Medimarket Drug Store,yes,2026-01-19
5420,DIBASE 10000 IU/ML,CHOLECALCIFEROL 0.25 MG/ML EQUAL TO 10000 IU,27,10 ML BOTTLE,Medimarket Drug Store,yes,2026-01-19
4529,CEFIXIME - MEDO 400 MG 10 TAB,Cefixime 400MG,75,10 tab,Medimarket Drug Store,yes,2026-01-19
4207,ENGERIX B 20MCG PRE-FILLED SYRINGE,Hepatitis B vaccine,77,1.25 ml PFS,GSK,yes,2026-01-19
5754,ULTRAVIST 300 100ML,Iopromide 623mg equiv. to 300mg iodine,151,1 BOTTLE,Beit Hanina Drug Store,yes,2026-01-19
5752,ULTRAVIST 370 100ML,Iopromide 769mg equiv. to 370mg iodine,151,1 BOTTLE,Beit Hanina Drug Store,yes,2026-01-19
5751,ULTRAVIST 370 200ML,Iopromide 769mg equiv. to 370mg iodine,302,1 BOTTLE,Beit Hanina Drug Store,yes,2026-01-19
5750,ULTRAVIST 370 500ML,Iopromide 769mg equiv. to 370mg iodine,555,1 BOTTLE,Beit Hanina Drug Store,yes,2026-01-19
3557,ZITHROMAX 500 mg / Vial,Azithromycin as Dihydrate,57,1 vial,Beit Hanina Drug Store,yes,2026-01-18
5443,XALKORI  250 MG CAP 60 CAPSULES,Crizotinib,19187,60 CAPSULES,Beit Hanina Drug Store,yes,2026-01-18
5442,XALKORI 200 MG CAP 60 CAPSULES,Crizotinib,16605,60 hard gelatin capsules / bottle,Beit Hanina Drug Store,yes,2026-01-18
134,Vfend 50mg 14TAB,VORICONAZOLE,535,14 tab,Beit Hanina Drug Store,yes,2026-01-18
1012,TOVIAZ TAB 4MG  28),Fesoterodine Fumarate,63,28 TAB,Beit Hanina Drug Store,yes,2026-01-18
1013,TOVIAZ TAB 8MG  28),Fesoterodine Fumarate,77,28 TAB,Beit Hanina Drug Store,yes,2026-01-18
1011,TESTOVIRON DEP.250MG AMP,TESTOSTERONE ENANTATE,40,1 AMP,Beit Hanina Drug Store,yes,2026-01-18
124,Sutent 50mg 28CAPS,SUNITINIB AS MALATE,7927,28 tab,Beit Hanina Drug Store,yes,2026-01-18
1008,SOLU MEDROL  125MG  2CCAM,Methylprednisolone sodium succinate,22,1 VIAL,Beit Hanina Drug Store,yes,2026-01-18
1007,SOLU MEDROL 500 MG,Methylprednisolone sodium succinate,115,1 VIAL,Beit Hanina Drug Store,yes,2026-01-18
1005,SOLU MEDROL 1000 MG,Methylprednisolone sodium succinate,133,1 VIAL,Beit Hanina Drug Store,yes,2026-01-18
1000,SALAZOPIRIN 500MG 100TAB,Sulfasalazine,46,100 TAB,Beit Hanina Drug Store,yes,2026-01-18
540,ACYCLOVENIR 250MG/10ML 5 VIAL,ACYCLOVER 250MG,199,5 vial,BEIT AL- DAWAA DRUG STORE,yes,2026-01-18
992,PROSTIN VR,Alprostadil,286,0.5 ml,Beit Hanina Drug Store,yes,2026-01-18
991,PROSTIN E2 TAB VAGINAL3MG,Dinoprostone,254,4 TAB,Beit Hanina Drug Store,yes,2026-01-18
968,MICROGYNON 3X21TAB,Levonorgestrel & Ethinylestradiol,26,3X21 TAB,Beit Hanina Drug Store,yes,2026-01-18
5406,LORVIQUA 100 MG 30 FCT,LORLATINIB,19264,30 FCT,Beit Hanina Drug Store,yes,2026-01-18
5405,LORVIQUA 25 MG 90FCT,LORLATINIB,16726,90 FCT,Beit Hanina Drug Store,yes,2026-01-18
5324,INLYTA 1 MG  TAB 60 F.C.TAB,AXITINIB,1817,60 F.C.Tab,Beit Hanina Drug Store,yes,2026-01-18
5323,INLYTA 5MG TAB  60 F.C.TAB,Axitinib,8288,60 FCT,Beit Hanina Drug Store,yes,2026-01-18
5430,IBRANCE 125 MG 21 FCT,PALBOCICLIB,8026,21 FCT,Beit Hanina Drug Store,yes,2026-01-18
5432,IBRANCE 75 MG 21 FCT,PALBOCICLIB,8026,21 FCT,Beit Hanina Drug Store,yes,2026-01-18
4032,IBRANCE 100 mg  21Cap,Palbociclib,8081,21 Cap.,Beit Hanina Drug Store,yes,2026-01-18
4031,IBRANCE 125 mg 21Cap,Palbociclib,8081,21 Cap.,Beit Hanina Drug Store,yes,2026-01-18
4033,IBRANCE 75 mg Cap,Palbociclib,8081,21 Cap.,Beit Hanina Drug Store,yes,2026-01-18
5431,IBRANCE 100 MG 21 FCT,PALBOCICLIB,8026,21 FCT,Beit Hanina Drug Store,yes,2026-01-18
79,Genotropin pen 16 IU  5.3mg cartridge,SOMATROPIN RECOMBINANT,498,1 PEN,Beit Hanina Drug Store,yes,2026-01-18
80,Genotropin pen 36 IU  (12mg) cartridge,SOMATROPIN RECOMBINANT,1082,1 AMP,Beit Hanina Drug Store,yes,2026-01-18
75,Fragmin 10000/0.4ml 5 AMP,DALTEPARIN SODIUM,164,5 amp,Beit Hanina Drug Store,yes,2026-01-18
78,Fragmin 7500/0.3ml  10AMP,DALTEPARIN SODIUM,248,10 amp,Beit Hanina Drug Store,yes,2026-01-18
1806,ELTROXIN 100MCG TAB,LEVOTHYROXINE SODIUM,31,100 Tab,Beit Hanina Drug Store,yes,2026-01-18
1807,ELTROXIN 50MCG TAB,LEVOTHYROXINE SODIUM,24,100 tab,Beit Hanina Drug Store,yes,2026-01-18
947,DOSTINEX 0.5 MG   8 TAB,Cabergoline,191,8 TAB,Beit Hanina Drug Store,yes,2026-01-18
946,DOSTINEX  0.5MG - 2  TAB,Cabergoline,52,2 TAB,Beit Hanina Drug Store,yes,2026-01-18
130,Triflucan 2mg/ml 50ml VAIL,FLUCONAZOLE,35,1 vial,Beit Hanina Drug Store,yes,2026-01-18
945,DIANE TAB,Cyproterone acetete & Ethinylesradiol,22,21 TAB,Beit Hanina Drug Store,yes,2026-01-18
939,DEPO MEDROL 40MG/ML 5ML,Methylprednisolone acetate,25,5 ML,Beit Hanina Drug Store,yes,2026-01-18
938,DEPO MEDROL 40MG/ML 2ML,Methylprednisolone acetate,41,2 ML,Beit Hanina Drug Store,yes,2026-01-18
937,DEPO MEDROL 40MG/ML 1ML,Methylprednisolone acetate,12,1 ML,Beit Hanina Drug Store,yes,2026-01-18
934,DALACIN VAGINAL 100MG 3 OVULES,Clindamycin Phosphate,78,3 OVULES 100mg,Beit Hanina Drug Store,yes,2026-01-18
933,DALACIN C 300  MG 16 CAP,Clindamycin Phosphate,23,16 CAP,Beit Hanina Drug Store,yes,2026-01-18
4355,DALACIN C 150MG/ML AMPOULES 4ML,Clindamycin Phosphate150 mg/4ml,21,4ML AMP.,Beit Hanina Drug Store,yes,2026-01-18
930,CYTOTEC 200MCG 28TAB,Misoprostol,36,28 TAB,Beit Hanina Drug Store,yes,2026-01-18
925,CAVERJECT 20MCG V+DS,Alprostadil,54,1 ML,Beit Hanina Drug Store,yes,2026-01-18
38,Campto 300mg/15ml,IRINOTECAN HYDROCHLORIDE 20MG/ML,541,1 VIAL,Beit Hanina Drug Store,yes,2026-01-18
39,Campto 40mg/2ml,IRINOTECAN HYDROCHLORIDE 20MG/ML,77,1 VIAL,Beit Hanina Drug Store,yes,2026-01-18
32,Azenil 250mg,AZITHROMYCIN AS DIHYDRATE,29,6 caps,Beit Hanina Drug Store,yes,2026-01-18
33,AZENIL 200MG /5ML -15 ML SUSP,AZITHROMYCIN AS DIHYDRATE,24,susp 15 ml,Beit Hanina Drug Store,yes,2026-01-18
34,AZENIL 200MG /5ML -22.5 ML SUSP,AZITHROMYCIN AS DIHYDRATE,35,susp 22.5 ml,Beit Hanina Drug Store,yes,2026-01-18
30,Aromasin 25 mg,EXEMESTANE,296,30 tab,Beit Hanina Drug Store,yes,2026-01-18
1016,XANAGIS  0.50,Alprazolam,24,50 TAB,Beit Hanina Drug Store,yes,2026-01-15
1019,XANAX XR 0.50MG 30 TAB  `,Alprazolam,20,30 TAB,Beit Hanina Drug Store,yes,2026-01-15
1018,XANAX XR 1 MG   30 TAB  `,Alprazolam,31,30 TAB,Beit Hanina Drug Store,yes,2026-01-15
1015,XANAGIS  0.25,Alprazolam,17,50 TAB,Beit Hanina Drug Store,yes,2026-01-15
1017,XANAGIS  1.00,Alprazolam,37,50 TAB,Beit Hanina Drug Store,yes,2026-01-15
143,"Xalacom Eye drops 2,5ml",TIMOLOL AS MALEATE/LATANOPROST,40,EYE DROPS,Beit Hanina Drug Store,yes,2026-01-15
144,Xalatan 50MCG/ML DROPS 2.5ML,LATANOPROST,36,drops,Beit Hanina Drug Store,yes,2026-01-15
142,Viagra 50mg 8TAB,SILDENAFIL AS CITRATE,147,8 tab,Beit Hanina Drug Store,yes,2026-01-15
140,Viagra 25mg 8TAB,SILDENAFIL AS CITRATE,184,8 tab,Beit Hanina Drug Store,yes,2026-01-15
138,Viagra 100mg 8TAB,SILDENAFIL AS CITRATE,185,8 tab,Beit Hanina Drug Store,yes,2026-01-15
1817,TRANDATE 200MG 50TAB,LABETALOL HYDROCHLORIDE,48,50 tab,Beit Hanina Drug Store,yes,2026-01-15
111,Relert 40mg 3TAB,ELETRIPTAN HYDROBROMIDE,80,3 tab,Beit Hanina Drug Store,yes,2026-01-15
1814,PURI NETHOL 50mg  25 TAB,MERCAPTOPURINE,89,25 tabs,Beit Hanina Drug Store,yes,2026-01-15
1871,OVESTIN CREAM TUBE 15 GR,ESTRIOL,24,tube,Beit Hanina Drug Store,yes,2026-01-15
106,Norvasc 10mg 30TAB,AMLODIPINE AS BESYLATE,19,30 Tab,Beit Hanina Drug Store,yes,2026-01-15
104,Neurontin 300mg  100CAPS,GABAPENTIN,105,100 caps,Beit Hanina Drug Store,yes,2026-01-15
105,Neurontin 400mg 100CAPS,GABAPENTIN,130,100 caps,Beit Hanina Drug Store,yes,2026-01-15
96,Lyrica 25mg 56CAPS,PREGABALIN,43,56 caps,Beit Hanina Drug Store,yes,2026-01-15
101,Lyrica 50mg 56CAPS,PREGABALIN,74,56 caps,Beit Hanina Drug Store,yes,2026-01-15
95,Lyrica 150mg 56TAB,PREGABALIN,166,56 caps,Beit Hanina Drug Store,yes,2026-01-15
99,Lyrica 300mg 56CAPS,PREGABALIN,197,56 caps,Beit Hanina Drug Store,yes,2026-01-15
103,Lyrica 75mg 56 caps,PREGABALIN,121,56 caps,Beit Hanina Drug Store,yes,2026-01-15
93,Lustral 50mg 28TAB,SERTRALINE AS HYDROCHLORIDE,25,28 tab,Beit Hanina Drug Store,yes,2026-01-15
92,Lustral 100mg 28TAB,SERTRALINE AS HYDROCHLORIDE,43,28 tab,Beit Hanina Drug Store,yes,2026-01-15
88,Lipitor 10mg 30TAB,ATORVASTATIN AS CALCIUM,24,30 tab,Beit Hanina Drug Store,yes,2026-01-15
89,Lipitor 20mg 30TAB,ATORVASTATIN AS CALCIUM,32,30 tab,Beit Hanina Drug Store,yes,2026-01-15
90,Lipitor 40mg 30TAB,ATORVASTATIN AS CALCIUM,53,30 tab,Beit Hanina Drug Store,yes,2026-01-15
91,Lipitor 80mg 30TAB,ATORVASTATIN AS CALCIUM,65,30 caps,Beit Hanina Drug Store,yes,2026-01-15
965,KETOZOLE SHAMPOO,Ketoconazole,44,100 ML,Beit Hanina Drug Store,yes,2026-01-15
1810,KEMADRIN 5MG TAB,PROCYCLIDINE HYDROCHLORIDE,26,100 Tab,Beit Hanina Drug Store,yes,2026-01-15
85,Inspra 25mg,EPLERENONE,77,28 tab,Beit Hanina Drug Store,yes,2026-01-15
86,Inspra 50mg,EPLERENONE,80,28 tab,Beit Hanina Drug Store,yes,2026-01-15
1808,IMURAN 25MG 100TAB,AZATHIOPRINE,55,100 tab,Beit Hanina Drug Store,yes,2026-01-15
1809,IMURAN 50MG 100TAB,AZATHIOPRINE,69,100 tab,Beit Hanina Drug Store,yes,2026-01-15
960,HYDROAGISTEN CR 15GR,Hydrocortisone acetate & Clotrimazole,31,15 GR,Beit Hanina Drug Store,yes,2026-01-15
958,GLUCORITE,Glipizide,9,30 TAB,Beit Hanina Drug Store,yes,2026-01-15
81,Geodon 20mg 60CAPS,ZIPRASIDONE AS HYDROCHLORIDE MONOHYDRATE,261,60 caps,Beit Hanina Drug Store,yes,2026-01-15
82,Geodon 40mg 60CAPS,ZIPRASIDONE AS HYDROCHLORIDE MONOHYDRATE,312,60 caps,Beit Hanina Drug Store,yes,2026-01-15
83,Geodon 60mg 60CAPS,ZIPRASIDONE AS HYDROCHLORIDE MONOHYDRATE,359,60 caps,Beit Hanina Drug Store,yes,2026-01-15
84,Geodon 80mg 60CAPS,ZIPRASIDONE AS HYDROCHLORIDE MONOHYDRATE,452,60 caps,Beit Hanina Drug Store,yes,2026-01-15
954,EXIPAN GEL,Piroxicam,44,50 GR,Beit Hanina Drug Store,yes,2026-01-15
952,EMTRIX,"Propylene Glycol, Urea, Lactic acid,water & Sodium Hydroxide",148,gel,Beit Hanina Drug Store,yes,2026-01-15
62,Dilantin 125/5ml  susp,PHENYTOIN SODIUM,159,125/5ml  susp,Beit Hanina Drug Store,yes,2026-01-15
3732,DETRUSITOL SR 4 mg,Tolterodine Tartrate,98,28 Cap,Beit Hanina Drug Store,yes,2026-01-15
944,DETRUSITOL SR 2 MG,Tolterodine tartrate,66,28 CAP,Beit Hanina Drug Store,yes,2026-01-15
928,COMAGIS CREAM 15 GR,Fluocinonide & Bifonazole,70,15 GR,Beit Hanina Drug Store,yes,2026-01-15
918,AVILAC - 300 ML SYRUP,Lactoluse,39,300 CC,Beit Hanina Drug Store,yes,2026-01-15
907,AGISTEN SOLUTION 1%,Clotrimazole,22,20 ML,Beit Hanina Drug Store,yes,2026-01-15
906,AGISTEN CREAM,Clotrimazole,32,30 GR,Beit Hanina Drug Store,yes,2026-01-15
902,AGISTEN 3 VCR 20GR 2%,Clotrimazole,32,20 GR,Beit Hanina Drug Store,yes,2026-01-15
900,AGISPOR SOLUTION,Bifonazole,18,15 ML,Beit Hanina Drug Store,yes,2026-01-15
899,AGISPOR SHAMPOO,Bifonazole,59,100 ML,Beit Hanina Drug Store,yes,2026-01-15
547,AFLUMYCIN CREAM,Prednisolone & Gentamicin sulphate,42,20 GR,Beit Hanina Drug Store,yes,2026-01-15
5241,BROMSITE 0.075% EYE DROP 5 ML,BROMFENAC AS SODIUM SESQUIHYDRATE,87,5 ML EYE DROP,Alamed Co Ltd drug store,yes,2026-01-15
5533,Pitriya-T 1 % 30  GM CREAM <span class='flash'> new </span>,Terbinafine Hydrochloride,61,30 GM,Alamed Co Ltd drug store,yes,2026-01-15
4506,SODIUM CHLORIDE 0.9% 250ML BOTTLE,Sodium chloride 9 mg,157,20  BOTTLES / 250ML,NOBEL STORE,yes,2026-01-14
3574,METOCLOPRAMIDE S.A.L.F  10MG/2 ML 5 AMP,METOCLOPRAMID,14,5 amp.,NOBEL STORE,yes,2026-01-14
3946,LABETALOL‎ ‎AMP‎ ‎5‎MG‎/‎ML‎ ‎(‎5‎),LABETALOL HCl,180,5 amp.of 20 ml,NOBEL STORE,yes,2026-01-14
3575,FUROSEMIDE S.A.L.F 20 MG/ 2 ML 5 vials,FUROSEMIDE,15,5 amp.,NOBEL STORE,yes,2026-01-14
3950,ATROPINE SULPHATE S.A.L.F. 1 MG/ML 5 amp,ATROPINE Sulphate 1mg/ml,30,5 amp.,NOBEL STORE,yes,2026-01-14
3573,ADRENALINE S.A.L.F 1 MG/ML 5 AMP,ADRENALIN,24,5 amp.,NOBEL STORE,yes,2026-01-14
3956,CEFTRIAXONE MEDO 1 gm Vial,CEFTRIAXONE  Sod,204,10 vial,AL- NASR DRUG STORE,yes,2026-01-13
4241,IRINOTECAN HYDROCHLORIDE 20MG/ML 15ML,IRINOTECAN HYDROCHLORIDE,541,vial,AL- NASR DRUG STORE,yes,2026-01-13
3963,CEFOTAXIME 1 gm Vial,Cefotaxime sod.,139,10 vial,AL- NASR DRUG STORE,yes,2026-01-13
4180,Dexamethasone Rompharm 4mg/ml solution for injection 2ml Ampoule /10 AMP,Dexamethasone Phosphate,60,10 amp,AL- NASR DRUG STORE,yes,2026-01-13
4320,Zoledronic acid Seacross,Zoledronic acid,424,vial of 4mg/5ml,AL- NASR DRUG STORE,yes,2026-01-13
4231,SEVO- ANESTERAN INH VAP LIQ 250ML,Sevoflurane100% v/v,495,Bottle of 250ml,AL- NASR DRUG STORE,yes,2026-01-13
4242,IRINOTECAN HYDROCHLORIDE 20MG/ML 2ML,IRINOTECAN HYDROCHLORIDE,71,vial,AL- NASR DRUG STORE,yes,2026-01-13
4141,DOCETAXEL SEACROSS 160 mg / 8ml Vial,Docetaxel Anhydrous,2162,1 Vial,AL- NASR DRUG STORE,yes,2026-01-13
4140,DOCETAXEL SEACROSS 80 mg / 4ml Vial,Docetaxel Anhydrous,1214,1 Vial,AL- NASR DRUG STORE,yes,2026-01-13
4139,DOCETAXEL SEACROSS 20 mg /1ml,Docetaxel Anhydrous,331,1 Vial,AL- NASR DRUG STORE,yes,2026-01-13
4301,Azacitidine 100mg,Azacitidine 25mg/ml,1212,4ml vial,AL- NASR DRUG STORE,yes,2026-01-13
4182,Dexamethasone Rompharm 4mg/ml solution for injection 2 ml Ampoule,Dexamethasone Phosphate,138,25 AMP,AL- NASR DRUG STORE,yes,2026-01-13
4179,Dexamethasone Rompharm 4mg/ml solution for injection 1ml Ampoule / 100 AMP,Dexamethasone Phosphate,286,100 amp,AL- NASR DRUG STORE,yes,2026-01-13
4181,Dexamethasone Rompharm 4mg/ml solution for injection 2ml Ampoule,Dexamethasone Phosphate,350,100 amp,AL- NASR DRUG STORE,yes,2026-01-13
3955,CEFAZOLIN MEDO 1GM VIAL,CEFAZOLIN Sod.,94,10 vial,AL- NASR DRUG STORE,yes,2026-01-13
4178,Dexamethasone Rompharm 4mg/ml solution for injection,Dexamethasone Phosphate,82,25 amp,AL- NASR DRUG STORE,yes,2026-01-13
3954,CEFUROXIME MEDO 750 mg Vial,CEFUROXIME Sodium,115,10 vial,AL- NASR DRUG STORE,yes,2026-01-13
4089,CLOXACILLIN MEDO 500 mg Vial,CLOXACILLIN as Sodium,63,10 Vial,AL- NASR DRUG STORE,yes,2026-01-13
4183,Dexamethasone Rompharm 4mg/ml  1ml solution for injection,Dexamethasone Phosphate,36,10 amp,AL- NASR DRUG STORE,yes,2026-01-13
4254,DORZOPT 20MG/ML E/D,Dorzolamide Hydrochloride 20mg/ml,27,5ml solution,AL- NASR DRUG STORE,yes,2026-01-13
4564,GLUCOSE 5% IMUNA 100ML,GLUCOSE 5%,211,40BAG,AL- NASR DRUG STORE,yes,2026-01-13
4565,GLUCOSE 5% IMUNA 250ML,GLUCOSE 5%,105,18 BAG,AL- NASR DRUG STORE,yes,2026-01-13
4566,GLUCOSE 5% IMUNA 500ML,GLUCOSE 5%,77,10 BAG,AL- NASR DRUG STORE,yes,2026-01-13
4394,Sodium Chloride 0.9% IMUNA 1000ml,Sodium chloride 0.9% Solution,106,box of 10,AL- NASR DRUG STORE,yes,2026-01-13
4390,Sodium Chloride 0.9% IMUNA 100ml,Sodium chloride 0.9% Solution,323,Box of 50,AL- NASR DRUG STORE,yes,2026-01-13
4391,Sodium Chloride 0.9% IMUNA 250ml,Sodium chloride 0.9% Solution,223,Box of 30,AL- NASR DRUG STORE,yes,2026-01-13
4392,Sodium Chloride 0.9% IMUNA 500ml,Sodium chloride 0.9% Solution,180,Box of 20,AL- NASR DRUG STORE,yes,2026-01-13
4048,AMIKACIN - MEDO 500 mg/2ml INJ,Amikacin Sulphate,137,10 Amp,AL- NASR DRUG STORE,yes,2026-01-13
4521,ATOSIBAN PHARMAIDEA  5 ML SOLN,Atosiban,291,5 ML conc solu for infusion,AL- NASR DRUG STORE,yes,2026-01-13
4522,ATOSIBAN PHARMAIDEA 0.9 ML SOLN,Atosiban,91,0.9 ml solu for infusion,AL- NASR DRUG STORE,yes,2026-01-13
3367,ZEFFIX 100MG 28 TAB,lamivudine 100 mg,270,28 tabs,GSK,yes,2026-01-12
64,EBIXA 10MG - 56TAB,MEMANTINE HYDROCHLORIDE 10MG,153,56 TAB,Alrazi Drug Store,yes,2026-01-12
59,CLOPIXOL DEP 200MG/ML,ZUCLOPENTHIXOL AS DIHYDROCHLORIDE 200MG,24,1 AMP,Alrazi Drug Store,yes,2026-01-12
58,CLOPIXOL AC 50MG/ML - 1AMP,ZUCLOPENTHIXOL AS DIHYDROCHLORIDE 50MG,31,1 AMP,Alrazi Drug Store,yes,2026-01-12
47,CIPRALEX 20MG - 28TAB,ESCITALOPRAM AS OXALATE 20MG,55,28 TAB,Alrazi Drug Store,yes,2026-01-12
4595,PROPOFOL 1% MCT FRESENIUS,PROPOFOL,49,5 AMP/Box,Alrazi Drug Store,yes,2026-01-11
56,CLOPIXOL 2MG - 50TAB,ZUCLOPENTHIXOL AS DIHYDROCHLORIDE 2MG,15,50 TAB,Alrazi Drug Store,yes,2026-01-11
50,CLOPIXOL 10MG - 100 TAB,ZUCLOPENTHIXOL AS DIHYDROCHLORIDE 10MG,50,100 TAB,Alrazi Drug Store,yes,2026-01-11
48,CIPRAMIL 20MG - 28TAB,CITALOPRAM AS HYDROBROMIDE 20MG,31,28 tab,Alrazi Drug Store,yes,2026-01-11
46,CIPRALEX 15MG - 28TAB,ESCITALOPRAM AS OXALATE 15MG,34,28 TAB,Alrazi Drug Store,yes,2026-01-11
2777,GLUCAGEN HYPOKIT 1MG,GLUCAGON1 mg (1IU)/ml after reconstitution,76,vial,MSS,yes,2026-01-11
3485,ESTROFEM TAB 2MG ESTROGEN,Estradiol Hemihydrate,18,28 Tab,MSS,yes,2026-01-11
2759,INSU.INSULATARD VIAL 10ML,NPH (HUMAN INSULIN rDNA,55,100 IU/ml vial of 10 ml,MSS,yes,2026-01-11
2760,INSU.MIXTARD 30 VIAL 10ML,(HUMAN INSULIN r DNA) 100 IU/ML NPH,83,1 vial of 10 ml,MSS,yes,2026-01-11
2758,INSU.ACTRAPID VIAL 10ML,(Human insulin (rDNA) 100 IU/ml NEUTRAL INSULIN,69,1 vial of 10 ml,MSS,yes,2026-01-11
2770,INSU.LEVEMIR FLEX 5X3ML,INSULIN DETEMIR rDNA 100 IU (14.2 mg)/ml,237,5*3 Flexpen,MSS,yes,2026-01-11
2767,INSU.NOVOMIX 30 FLEX.5X3,INSULIN ASPART 100 U/ML (30% SOLUBLE INSULIN & 70 % INSULIN ASPART PROTAMINE CRYSTALS),174,5*3 Flexpen,MSS,yes,2026-01-11
2771,INSU.NOVORAPID FLEX 5X3ML,INSULIN ASPART 100 U/ML,131,Flexpen 5 * 3 ml,MSS,yes,2026-01-11
2761,INSU.NOVORAPID VIAL 10ML,INSULIN ASPART 100 U/ML,81,10 ML Vial,MSS,yes,2026-01-11
2782,ACTIVELLE EST.PROG.28 TAB,Estradiol 1 mg (as estradiol hemihydrate) and norethisterone acetate 0.5 mg.,37,28 Tab,MSS,yes,2026-01-11
2775,NOVONORM 2 MG   90 TAB,REPAGLINIDE,54,90 Tab,MSS,yes,2026-01-11
2773,NOVONORM 0.5 MG 90 TAB,REPAGLINIDE,28,90 Tab,MSS,yes,2026-01-11
2774,NOVONORM 1 MG   90 TAB,REPAGLINIDE,31,90 Tab,MSS,yes,2026-01-11
3313,ESKAZOLE TAB. 400MG,Albendazol Tab. 400mg,631,60 tabs,GSK,yes,2026-01-11
3356,VALTREX 500 MG  10 TAB,valaciclovir hydrochloride  Tab. 500mg,41,10 tabs,GSK,yes,2026-01-11
3359,VENTOLIN INHALER CFC FREE 100MC  200 DOSE,salbutamol sulphate Inhaler CFC Free 100mcg,17,200 doses,GSK,yes,2026-01-11
5826,NAROCIN TABLET 275 MG 10 TAB,NAPROXEN SODIUM,20,10 TAB,Teva,yes,2026-01-11
3358,VARILRIX 1 VIAL,varicella virus vaccine,180,1 vial,GSK,yes,2026-01-08
3348,SEROXAT TAB 20MG  30 TAB,paroxetine hydrochloride 20mg Blist,35,30 tabs,GSK,yes,2026-01-08
3357,VALTREX TABS 500MG 42 TAB,valaciclovir hydrochloride Tabs 500mg,167,42 tabs,GSK,yes,2026-01-08
3346,SERETIDE DISKUS 50/500  60 DOSES,"salmeterol xinofoate, fluticasone propionate 50/500mcg",150,60 doses,GSK,yes,2026-01-08
3360,VENTOLIN RESP.SOL. 5MG/MLX20ML,salbutamol sulphate Resp.Sol. 5mg/mlx20ml,20,20 ml,GSK,yes,2026-01-08
3361,VENTOLIN SYRUP 2MG/5M  150ML,salbutamol sulphate Syrup 2mg/5ml,10,150 ml,GSK,yes,2026-01-08
3363,WELLBUTRIN XR 150 MG 30 TAB,bupropion hydrochloride XR 150 mg,68,30 tabs,GSK,yes,2026-01-08
3345,SERETIDE DISKUS 50 /250  60 DOSES,"salmeterol xinofoate, fluticasone propionate 50/250mcg",122,60 doses,GSK,yes,2026-01-08
3344,SERETIDE DISKUS 50/100MCG 60 DOSES,"salmeterol xinofoate, fluticasone propionate 50/100mcg",97,60 doses,GSK,yes,2026-01-08
3342,REQUIP MODUTAB  4MG  28 TAB,ropinirole hydrochloride  4mg,62,28 tabs,GSK,yes,2026-01-08
3339,Relvar Ellipta 184/22 mcg,fluticasone furoate / vilanterol Ellipta 184/22 mcg,161,30 doses,GSK,yes,2026-01-08
3340,RELVAR ELLIPTA 92/22 MCG 30 DOSES,fluticasone furoate / vilanterol Ellipta 92/22 mcg,129,30 doses,GSK,yes,2026-01-08
3341,REQUIP MODUTAB  2MG 28 TAB,ropinirole hydrochloride  2mg,38,28 tabs,GSK,yes,2026-01-08
3336,Lyclear-Dermal Cream 5%,Permethrin 5% w/w,45,30 gram,GSK,yes,2026-01-08
3335,Lamictal Disp/ChewTab. 100mg,lamotrigine Disp/Chew Tab 100mg,63,30 tabs,GSK,yes,2026-01-08
3332,Lamictal Disp/Chew Tab 200mg,lamotrigine Disp/Chew Tab 200mg,108,30 tabs,GSK,yes,2026-01-08
3333,Lamictal Disp/Chew Tab. 25mg,lamotrigine Disp/Chew Tab 25mg,25,30 tabs,GSK,yes,2026-01-08
3334,Lamictal Disp/Chew Tab. 50mg,lamotrigine Disp/Chew Tab 50mg,38,30 tabs,GSK,yes,2026-01-08
3329,Imitrex Tab. 100Mg,sumatriptan succinate Tab. 100Mg,72,6 tabs,GSK,yes,2026-01-08
3330,Imitrex Tabs 50Mg,sumatriptan succinate Tab. 50Mg,52,6 tabs,GSK,yes,2026-01-08
3321,FLIXOTIDE INH CFC FREE 250MCG 120DOSES,fluticasone propionate Inh CFC Free 250mcg,120,120 doses,GSK,yes,2026-01-08
3322,FLIXOTIDE INH CFC FREE 50MCG 120DOSES,fluticasone propionate Inh CFC Free 50mcg,45,120 doses,GSK,yes,2026-01-08
3326,Havrix 1440,hepatitis A vaccine 1440,130,1 PREFILED SYR,GSK,yes,2026-01-08
3318,FLIXOTIDE DISKUS 250 MCG 60 DOSES,fluticasone propionate Diskus 250mcg,61,60 doses,GSK,yes,2026-01-08
3319,FLIXOTIDE DISKUS 500 MCG  60 DOSES,fluticasone propionate 500Mcg,118,60 doses,GSK,yes,2026-01-08
3320,FLIXOTIDE INH CFC FREE 125MCG 120DOSES,fluticasone propionate Inh CFC Free 125mcg,98,120 doses,GSK,yes,2026-01-08
3316,FLIXONASE AQUA NASAL SPRAY 50MCG  120 DOSES,fluticasone propionate Aq Nasal Spray 50mcg,33,120 doses,GSK,yes,2026-01-08
3309,DUODART 0.5MG/0.4MG,dutasteride tamsulosin hydrochloride  0.5mg/0.4mg,63,30 tabs,GSK,yes,2026-01-08
3307,DERMOVATE OINT.,clobetasol propionate Oint.,12,30 gram,GSK,yes,2026-01-08
3308,Dermovate Scalp Application,clobetasol propionate Scalp Application,18,25 ml,GSK,yes,2026-01-08
3306,Dermovate Cream,clobetasol propionate Cream,19,30 gm TUBE,GSK,yes,2026-01-08
3302,Betnovate Oint. 15Gr,betamethasone valerate Oint. 15Gr,8,15 gram,GSK,yes,2026-01-08
3303,Betnovate Scalp App. 30ml,betamethasone valerate  Scalp App. 30ml,15,30 ml,GSK,yes,2026-01-08
3300,Bactroban Dermal.,mupirocin,28,15 gram,GSK,yes,2026-01-08
3299,BACTROBAN NASAL 3G,mupirocin  Nasal 3g,26,3 gram,GSK,yes,2026-01-08
3298,Avodart Soft Capsules 0.5mg x 30,dutasteride Soft Capsules 0.5mg x 30,122,30 cap,GSK,yes,2026-01-08
3296,Augmentin Syrup ES 600mg/,amoxicillin/clavulanate potassium Syrup ES 600mg/100ml,28,100 ml,GSK,yes,2026-01-08
3297,AVAMYS AQ NASAL SPRAY 120D,fluticasone furoate Nasal Spray 120D,29,120 doses,GSK,yes,2026-01-08
3294,Augmentin Susp. 400mg / 35ml,amoxicillin/clavulanate potassium Susp. 400mg / 35ml,13,35 ml,GSK,yes,2026-01-08
3295,Augmentin Susp. 400mg / 70ml,amoxicillin/clavulanate potassium Susp. 400mg / 70ml,23,70 ml,GSK,yes,2026-01-08
3289,Augmentin 875mg Tab. x 14,amoxicillin/clavulanate potassium 875mg Tab. x 14,37,14 tabs,GSK,yes,2026-01-08
3293,Augmentin Susp. 250mg / 100ml,amoxicillin/clavulanate potassium Susp. 250mg / 100ml,20,100 ml,GSK,yes,2026-01-08
3287,Augmentin 250mg Tab x 20,amoxicillin/clavulanate potassium 250mg Tab x 20,26,20 Tabs,GSK,yes,2026-01-08
3288,Augmentin 500mg Tab x 20,amoxicillin/clavulanate potassium 500mg Tab x 20,31,20 Tab,GSK,yes,2026-01-08
4074,LAMICTAL Disp/ Chewable 5 mg,Lamotrigine,13,30 tablets,GSK,yes,2026-01-08
3381,ZOVIRAX TAB 200 MG 25 TAB,acyclovir Tab 200 Mg,35,25 tabs,GSK,yes,2026-01-08
5821,SODIUM CHLORIDE 0.9% W/V AND GLUCOSE 5% W/V 500 ML,SODIUM CHLORIDE AND GLUCOSE,105,10 BAG,MSS,yes,2026-01-04
5816,SODIUM CHLORIDE 0.9% W/V B. BRAUN 1000 ML,SODIUM CHLORIDE,115,10 BOX,MSS,yes,2026-01-04
5820,COMPOUND SODIUM LACTATE 500 ML 6 G,sodium chloride sodium lactate potassium chloride calcium chloride dihydrate,100,10 BAG,MSS,yes,2026-01-04
5419,EMPA-L 10/5 MG -30 FCT<span class='flash'> new </span>,EMPAGLIFLOZIN 10MG +LINAGLIPTIN 5MG,150,30 FCT,Jepharm Co.,yes,2026-01-04
5407,EMPA-L 25/5  -30 FCT<span class='flash'> new </span>,EMPAGLIFLOZIN  25 MG+LINAGLIPTIN 5 MG,170,30 FCT,Jepharm Co.,yes,2026-01-04
5822,METRONIDAZOLE B.BRAUN 5 MG/ML 100 ML,METRONIDAZOLE,200,20 VIAL,MSS,yes,2026-01-04
5819,SODIUM CHLORIDE 0.9% W/V B.BRAUN 100 ML,SODIUM CHLORIDE,128,20 BAG,MSS,yes,2026-01-04
5818,SODIUM CHLORIDE 0.9% W/V B.BRAUN 250  ML,SODIUM CHLORIDE,80,10 BAG,MSS,yes,2026-01-04
5817,SODIUM CHLORIDE 0.9% W/V B.BRAUN 500 ML,SODIUM CHLORIDE,90,10 BAG,MSS,yes,2026-01-04
5616,IRONEX 100MG/5ML - 5 AMP<span class='flash'> new </span>,Iron as IRON-III hydroxide sucrose complex,133,5 AMP,BPC,yes,2025-12-23
5801,GENTICIN 0.1% 15 G OINT,GENTAMYCIN SULPHATE,15,15 G,Jepharm Co.,yes,2025-12-21
5788,KLOFAMIN 2 MG 30 TAB,CHLORPHENIRAMINE,12,30 TAB,Jepharm Co.,yes,2025-12-14
2028,JEFEROL-R 28TAB.,FOLIC ACID 0.4MG &  FERROUS SULPHATE 160MG,14,28 tab,Jepharm Co.,yes,2025-12-09
5782,JEFEROL-R 30 TAB,folic acid 0.4 mg  & ferrous sulphate eq to 50mg of elemental iron,15,30 TAB,Jepharm Co.,yes,2025-12-09
5729,DEXTROSE 10% ALISON IV INFUSION 1000ML - 10 BAG<span class='flash'> new </span>,DEXTROSE AS MONOHYDRATE 100 G,120,10 BAG * 1000 ML,Alison pharmaceutical company,yes,2025-12-03
5736,DEXTROSE 10% ALISON IV INFUSION 250ML - 20 BAG<span class='flash'> new </span>,DEXTROSE AS MONOHYDRATE 25 G,120,20 BAG *250 ML,Alison pharmaceutical company,yes,2025-12-03
5728,DEXTROSE 10% ALISON IV INFUSION 500ML - 12 BAG<span class='flash'> new </span>,DEXTROSE AS MONOHYDRATE 50 G,110,12 BAG * 500 ML,Alison pharmaceutical company,yes,2025-12-03
5734,DEXTROSE 5% ALISON IV INFUSION 1000ML - 10 BAG<span class='flash'> new </span>,DEXTROSE AS MONOHYDRATE 50 G,90,10 BAG * 1000 ML,Alison pharmaceutical company,yes,2025-12-03
5731,DEXTROSE 5% ALISON IV INFUSION 100ML - 30 BAG<span class='flash'> new </span>,DEXTROSE AS MONOHYDRATE 5G,159,30 BAG* 100ML,Alison pharmaceutical company,yes,2025-12-03
5730,DEXTROSE 5% ALISON IV INFUSION 250ML - 20 BAG<span class='flash'> new </span>,DEXTROSE AS MONOHYDRATE 12.5G,116,20 BAG *250 ML,Alison pharmaceutical company,yes,2025-12-03
5735,DEXTROSE 5% ALISON IV INFUSION 500ML - 12 BAG<span class='flash'> new </span>,DEXTROSE AS MONOHYDRATE 25 G,84,12 BAG * 500 ML,Alison pharmaceutical company,yes,2025-12-03
5760,AMOXICARE 400MG - 70ML SUSP,Amoxycillin 400mg/5ml,16,1 BOTTLE,Pharmacare Company,yes,2025-11-16
5723,ONGLYZA 2.5MG - 30 TAB,SAXAGLIPTIN,70,30 TAB,Omnipal,yes,2025-10-05
3598,DIABTIN 850 mg 30 TAB<span class='flash'> new </span>,Metformin HCl,14,30 Tab,Sama Pharmaceutical. Co.,yes,2025-09-21
2419,GLIMARYL 4 MG TABLETS (30 TAB),Glimepiride4 mg,28,30 TABLETS / BOX,Pharmacare Company,yes,2025-09-10
5528,Sodium Chloride 0.45% Alison IV Infusion 500 ML	-12 bags<span class='flash'> new </span>,Sodium Chloride,94,12 bags,Alison pharmaceutical company,yes,2025-09-08
5530,Sodium Chloride 0.9% w/v Alison IV Infusion 1000 ML-10 bags,SODIUM CHLORIDE,100,10 bags,Alison pharmaceutical company,yes,2025-09-08
5531,Sodium Chloride 0.9% w/v Alison IV Infusion 250 ML - 20 bags,SODIUM CHLORIDE,128,20 bags,Alison pharmaceutical company,yes,2025-09-08
1441,CHLOROSONE EYE / DROPS,DEXAMETHASONE & CHLORAMPHENICOL &  POLYMIXIN B SULFATE,14,EYE DROPS,BPC,yes,2025-08-28
1458,DECONGEX COLD SYRUP,"PARACETAMOL 160 MG, PSEUDOEPHEDRINE HCl 15 MG & CHLORPHENIRAMINE MALEATE 1 MG",15,100 ml SYRUP,BPC,yes,2025-08-28
1470,DILAX 5MG TABLET,BISACODYL,15,50 Tab.,BPC,yes,2025-08-28
1492,Fentanyl 10 ML  - 1 Amp,Fentanyl citrate 50mcg/ml,10,1 amp,BPC,yes,2025-08-28
1552,METROZOLE 125MG/5ML 120 ML SYRUP,METRONIDAZOLE BENZOYL 125MG/5ML,17,120 ML,BPC,yes,2025-08-28
1559,NAPREX 250MG TAB 20 TAB,NAPROXEN,12,20 tab,BPC,yes,2025-08-28
1603,PREDNITAB 5 MG TAB.,PREDNISOLONE ACETATE,17,40,BPC,yes,2025-08-28
1630,RUFENAL 12.5 MG 6 SUPP.,DICLOFENAC SODIUM,11,6 supp,BPC,yes,2025-08-28
5727,VALECORT-G OINTMENT,"Betamethasone (as Valerate) 0.1%, Gentamycin (Sulphate) 0.1%",15,tube,BPC,yes,2025-08-28
1682,VALECORT-G.CREAM,"Betamethasone (as Valerate) 0.1%, Gentamycin (Sulphate) 0.1%",15,tube,BPC,yes,2025-08-28
1609,PSORIDERM CREAM 25 G,CLOBETAZOLE PROPIONATE,17,25 GM,BPC,yes,2025-08-26
1610,PSORIDERM OINT,CLOBETAZOLE PROPIONATE,15,tube,BPC,yes,2025-08-26
1480,EMESTOP 2 ML AMP.5 AMP.,METOCLOPROMIDE HCl,15,5 amp,BPC,yes,2025-08-26
4045,DIUZID 25 MG 30 TAB,Hydrochlorothiazide,15,30 Tab,BPC,yes,2025-08-26
1392,AMICOR 5MG TAB.,AMLODIPINE BESYLATE 5 MG,15,30 tab,BPC,yes,2025-08-26
1680,URIX TAB,FUROSEMIDE,12,20 tab,BPC,yes,2025-08-26
1065,EMEGRAIN TAB.,Paracetamol    500mg/tabMetoclopramide HCl   5mg/tab,17,20 tab,Beit Jala,yes,2025-08-26
1064,DOXAL,Doxycycline (HCl) 100 mg/tab.,16,10 tab,Beit Jala,yes,2025-08-26
1100,INDOCAPS CAPS,Indomethacin 25 mg/cap.,15,24 CAP,Beit Jala,yes,2025-08-26
1063,DIASIX TAB,Furosemide 40 mg/tablet,10,20 tab,Beit Jala,yes,2025-08-26
2440,LOROCARE  1 MG TABLETS (40 TAB),Lorazepam1 mg,14,40 TABLETS / BOX,Pharmacare Company,yes,2025-08-26
2385,CINAZINE  25 MG  TABLETS (20 tab),Cinnarizine 25 mg,12,20 tab / BOX,Pharmacare Company,yes,2025-08-26
2364,Angiocare 5 mg Tablets,Enalapril maleate 5 mg,15,30 tab / Box,Pharmacare Company,yes,2025-08-26
627,DICLO -SAMA GEL 30GM,Diclofenacdiethylamine,16,30 GM,Sama Pharmaceutical. Co.,yes,2025-08-26
3683,CLOSOL 0.05% Cream,Clobetasol Propionate,14,20 Gm,Sama Pharmaceutical. Co.,yes,2025-08-26
1997,ENTOGYL 250MG.,METRONIDAZOLE 250MG,16,20 tab,Jepharm Co.,yes,2025-08-26
1996,DOXYPHARM  10 TABLET,DOXYCYCLINE (AS HCL) 100mg,16,10 tab,Jepharm Co.,yes,2025-08-26
1978,DERMALUX 100 ML. LOTION,"CALAMINE 15% W/V, ZNO 5% W/V, LIGNOCAINE HCL 1% W/V",16,100 ML. LOTION,Jepharm Co.,yes,2025-08-26
1984,DICLOFEN 100MG.,DICLOFENAC SOD. 100MG,15,10 tab,Jepharm Co.,yes,2025-08-26
1957,CEFOTAXIM .25 G vial,Cefotaxime0.25g ( as Sodium ),15,1 VIAL,Jepharm Co.,yes,2025-08-26
3416,CLAMOXIN 400 mg Susp. 35 ML,Amoxicillin &Clavulanic acid,14,35 ml,Jepharm Co.,yes,2025-08-26
1021,ARICARD 6.25 TAB,Carvedilol   6.25 mg/tablet,17,30 tab,Beit Jala,yes,2025-08-26
1153,PARAFLU SYRUP,Chlorpheniramine Maleate  1mg/5mlPhenylephrine HCl  2mg/5ml,14,60 ml,Beit Jala,yes,2025-08-26
1154,PARAFLU TAB.,Chlorpheniramine Maleate 2.50mg/tabletPhenylephrine HCl 10mg/tablet           Paracetamol 300mg/tabletAscorbic Acid 100mg/tabletCaffeine 30mg/tablet,17,20 tab,Beit Jala,yes,2025-08-26
781,PEN-RAFA SUSP. 60ML,Phenoxymethylpenicillin as potassium,36,60 ML,Syam Drug Store,yes,2025-08-21
4124,SANDIMMUNE NEORAL 100 mg Cap,Cyclosporine,589,50 Cap,MASROUJI CO.,yes,2025-08-13
2325,Sandimmun Neoral 25 mg SGC,CICLOSPORIN,168,50,MASROUJI CO.,yes,2025-08-13
2326,Sandimmun Neoral 50 mg SGC,CICLOSPORIN,306,50,MASROUJI CO.,yes,2025-08-13
2324,Sandimmun Neoral 100 mg/ml Sol.,CICLOSPORIN,636,1,MASROUJI CO.,yes,2025-08-13
2736,Methotrexate 'ebewe' 2.5mg tablet,Methotrexate 2.5mg,40,50 Tab,MASROUJI CO.,yes,2025-08-13
2333,Tegretol 200 mg  50 TAB,CARBAMAZEPINE,20,50 tab.,MASROUJI CO.,yes,2025-08-13
3373,Zinnat Tab. 500Mg 10 TAB,cefuroxime axetil Tab. 500Mg,43,10 tabs,MASROUJI CO.,yes,2025-08-13
3708,AIMOVIG (R) 70 mg/ ml PEN,ERENUMAB,1921,1 PEN,MASROUJI CO.,yes,2025-08-13
3981,ROXARDIO 10 mg Tab,Rosuvastatin,67,28 Tab,MASROUJI CO.,yes,2025-08-13
3980,ROXARDIO 20 mg Tab,Rosuvastatin,97,28 Tab,MASROUJI CO.,yes,2025-08-13
3979,ROXARDIO 40 mg Tab,Rosuvastatin,164,28 Tab,MASROUJI CO.,yes,2025-08-13
834,UTROGESTAN 200MG CAPS/15,Progesterone,43,BOX,MASROUJI CO.,yes,2025-08-13
2567,STEROCORT 4 MG 30 TAB,TRIAMCINOLONE,30,30 tab,Alram Drug Store,yes,2025-07-14
5598,BUPIVACAINE SPINAL PANPHARMA 5 MG/ML HEAVY AMP 5 AMP <span class='flash'> new </span>,BUPIVACAINE HCL,87,5 AMP,True med,yes,2025-07-14
5621,DAPTOMYCINE S.K 500MG - VIAL<span class='flash'> new </span>,Daptomycin,324,1 VIAL,CEZAR,yes,2025-07-14
365,BETACORTEN CREAM  15g,betamethasone,9,tube,OXYGEN MEDICAL COMPANY,yes,2025-07-02
1147,NOVASTST 10,Rosuvastatin as calcium 10 mg/tab.,72,30 tab,Beit Jala,yes,2025-06-29
1148,Novastst 20,Rosuvastatin as calcium 20mg/tab.,104,30 tab,Beit Jala,yes,2025-06-29
1143,NERVENTIN 100,Gabapentin 100mg/cap.,20,40 caps,Beit Jala,yes,2025-06-29
1116,LIVOTREAT EYE DROP 5 ML(15MG/ML)_,Levofloxacin (hemihydrate) 15mg/ml,50,5 ml,Beit Jala,yes,2025-06-29
1114,LAXIN ADULT SUPP.,Glycerin  2.6g/supp,9,5 supp,Beit Jala,yes,2025-06-29
2417,GLIMARYL 2 MG TABLETS (30 TAB),Glimepiride2 mg,14,30 TABLETS / BOX,Pharmacare Company,yes,2025-06-29
2416,GLIMARYL 1 MG (30 TAB),Glimepiride1 mg,13,30 TABLETS / BOX,Pharmacare Company,yes,2025-06-29
4101,MUKIGO SYR.,Guaifenesin 100mg/5ml,30,100 ml,Sama Pharmaceutical. Co.,yes,2025-06-29
2495,TRAMAL DROPS (10 ml),Tramadol 100 mg/ ml,17,ONE BOTTLE OF 10 ML / BOX,Pharmacare Company,yes,2025-06-29
2410,Ezomax 40 mg Capsules  (30 Capsules),Ezomeprazole 40 mg,46,30 Capsules / box,Pharmacare Company,yes,2025-06-29
2409,EZOMAX 40 MG (15 CAPSULES),Ezomeprazole 40 mg,24,15 CAPSULES / BOX,Pharmacare Company,yes,2025-06-29
2812,ACAMOL FOCUS CAP,Acetylsalicylic Acid-Caffeine-Paracetamol,36,30 CAP,Teva,yes,2025-06-29
4323,Diclo-Alison 5 AMP,Diclofenac sodium75mg/3ml,15,5 amp./ box,Alison pharmaceutical company,yes,2025-06-23
5110,LIDO-ALISON 2% 5 AMP,LIDOCAINE HYDROCHLORIDE,16,5 AMP,Alison pharmaceutical company,yes,2025-06-23
5109,LIDO-ALISON 1% 5 AMP,LIDOCAINE HYDROCHLORIDE,14,5 AMP,Alison pharmaceutical company,yes,2025-06-23
4763,ONDANSETRON KALCEKS 4MG/2ML,ONDANSETRON,130,10 AMP,Medimarket Drug Store,yes,2025-06-23
876,"Delall 50,000 15 CAPS",Cholecalciferol 50000 IU,75,15 cap,AL-MADINA AL-MUNAWARA DRUG STORE,yes,2025-06-23
877,"Delall 50,000 30 CAPS",Cholecalciferol 50000 IU,137,30cap,AL-MADINA AL-MUNAWARA DRUG STORE,yes,2025-06-23
879,Delall 5000,Cholecalciferol 5000 IU,69,30 CAP,AL-MADINA AL-MUNAWARA DRUG STORE,yes,2025-06-23
5224,LIDO- ALISON  1 % AMP 50 AMP /PACK,Lidocaine Hydrochloride,103,50 ِAmp Pack,Alison pharmaceutical company,yes,2025-06-23
5223,LIDO- ALISON  2% AMP 50 AMP PACK,Lidocaine Hydrochloride,111,50 Amp Pack,Alison pharmaceutical company,yes,2025-06-23
780,PEN-RAFA CAPS. 500MG/40,Phenoxymethylpenicillin as potassium,26,40 CAP,Syam Drug Store,yes,2025-06-22
5272,FURO-ALISON 20 MG/2ML 5 AMP,FUROSEMIDE,15,5 AMP,Alison pharmaceutical company,yes,2025-06-22
4894,Hyo-Alison 20mg/1ml amp 5 Amp,Hyoscine Butylbromide 20mg/1ml,30,5 Amp Pack,Alison pharmaceutical company,yes,2025-06-22
4573,B12 ALISON 1MG /ML AMP,HYDROXOCOBALAMIN,35,5AMP/PACK,Alison pharmaceutical company,yes,2025-06-22
4567,B12 ALISON 1MG/1ML AMP (I.M),HYDROXOCOBALAMIN,550,100 AMP,Alison pharmaceutical company,yes,2025-06-22
4091,MOLPAR 150 mg 12 SUPP,Paracetamol,13,12 Supp,Sama Pharmaceutical. Co.,yes,2025-06-22
4092,MOLPAR 250 mg 12 SUPP,Paracetamol,15,12 Supp,Sama Pharmaceutical. Co.,yes,2025-06-22
4150,MOLPAR 150 mg 6 Supp,Paracetamol,7,6 Supp .,Sama Pharmaceutical. Co.,yes,2025-06-22
4297,Biscosam 5mg,Bisacodyl 5mg,10,5 supp,Sama Pharmaceutical. Co.,yes,2025-06-22
624,BISOPRESS 2.5 MG,Bisoprolol,15,30TAB,Sama Pharmaceutical. Co.,yes,2025-06-22
3411,ABKET 2% CREAM,Ketoconazole,13,15 gm,Sama Pharmaceutical. Co.,yes,2025-06-22
4569,ANESTIK GEL NON STERILE  2%,LIDOCAINE HCL,15,30 G,Sama Pharmaceutical. Co.,yes,2025-06-22
626,BISOPRESS10 MG,Bisoprolol,19,30TAB,Sama Pharmaceutical. Co.,yes,2025-06-22
4306,Closol,Clobetasol propionate 0.05%,11,25g oint,Sama Pharmaceutical. Co.,yes,2025-06-22
612,METRO TAB 250,Metronidazole,14,20 Tablets,Sama Pharmaceutical. Co.,yes,2025-06-22
4149,MOLPAR 250 mg 6 Supp,Paracetamol,8,6 Supp .,Sama Pharmaceutical. Co.,yes,2025-06-22
605,IBUSAMA 200,Ibuprofen,10,30 Tablets,Sama Pharmaceutical. Co.,yes,2025-06-22
625,BISOPRESS 5 MG,Bisoprolol,15,30TAB,Sama Pharmaceutical. Co.,yes,2025-06-22
4093,MOLPAR 125 mg Syrup,Paracetamol,14,100 ml,Sama Pharmaceutical. Co.,yes,2025-06-22
4842,TORISAM 60 MG 7 TAB,ETORICOXIB,16,7 TAB,Sama Pharmaceutical. Co.,yes,2025-06-22
3590,Molpar 500 mg tab.,Paracetamol,10,20 Tab,Sama Pharmaceutical. Co.,yes,2025-06-22
635,ZALMODIPINE 5 MG,Amlodipine,14,30 Tablets,Sama Pharmaceutical. Co.,yes,2025-06-22
4090,MOLPAR 80 mg 12 SUPP,Paracetamol,15,12 Supp,Sama Pharmaceutical. Co.,yes,2025-06-22
4151,MOLPAR 80 mg 6 Supp,Paracetamol,8,6 Supp .,Sama Pharmaceutical. Co.,yes,2025-06-22
3593,TABETAN OINT. 0.1%,Betamethasone Valereate,8,15 gm,Sama Pharmaceutical. Co.,yes,2025-06-22
4860,MOLPAR 1000MG 20 TABLETS,PARACETAMOL 1000MG,17,20 TABLETS,Sama Pharmaceutical. Co.,yes,2025-06-22
4890,TADACIP 10 MG 1 TAB,Tadalafil 10mg,14,1 TAB,Sama Pharmaceutical. Co.,yes,2025-06-22
5527,Sodium Chloride 0.9% w/v Alison IV Infusion 500 ML 12 bags,SODIUM CHLORIDE,102,12 bags,Alison pharmaceutical company,yes,2025-06-22
5066,ABREMIA 250 MG 120 TAB,ABIRATERONE ACETATE,10077,120 TAB/BOTTLE,Pharmacare Store,yes,2025-06-18
4731,DEXA-ALISON 8 MG/2ML 100 AMP,DEXAMETHASONE PHOSPHATE AS SODIUM,350,100 AMP,Alison pharmaceutical company,yes,2025-06-18
4838,DEXIPRO EAR DROPS 7.5 ml,"Ciprofloxacin 0.3%, Dexamethasone 0.1%",32,7.5 ml,Alison pharmaceutical company,yes,2025-06-18
4730,DEXA-ALISON 8 MG/2 ML 5  AMP,DEXAMETHASONE PHOSPHATE AS SODIUM,22,5 AMP,Alison pharmaceutical company,yes,2025-06-18
4732,DORZO PLUS PF PRESERVATIVE FREE EYE DROP,"DORZOLAMIDE 20 MG,TIMOLOL 5 MG",70,10 ML,Alison pharmaceutical company,yes,2025-06-18
4446,Diclo-Lido Alison 100 AMP,"Diclofenac sodium 75mg/2ml, Lidocaine Hcl 20mg/2ml",270,100 Ampoule,Alison pharmaceutical company,yes,2025-06-18
4429,Diclo-Lido Alison 5 AMP,"Diclofenac sodium 75mg/2ml, Lidocaine Hcl 20mg/2ml",16,5 amp,Alison pharmaceutical company,yes,2025-06-18
4256,Dexa-Alison 4mg/ml 100 AMP,Dexamethasone Phosphate,291,100 amp,Alison pharmaceutical company,yes,2025-06-18
4255,Dexa-Alison 4mg/ml 5 AMP,Dexamethasone Phosphate,18,5 amp/box,Alison pharmaceutical company,yes,2025-06-18
4324,Diclo-Alison 100 AMP,Diclofenac Sodium 75mg/3ml,250,100 amp,Alison pharmaceutical company,yes,2025-06-18
5100,NEOSTIGMINE-ALISON 2.5MG/ML 5 AMP,NEOSTIGMINE METHYL SULPHATE,40,5 AMP,Alison pharmaceutical company,yes,2025-06-18
4893,Hyo-Alison 20mg/1ml  100 Amp,Hyoscine Butylbromide 20mg/1ml,375,100 Amp Pack,Alison pharmaceutical company,yes,2025-06-18
5282,FURO-ALISON 20 MG/2ML 100 AMP,FUROSEMIDE,250,100 AMP,Alison pharmaceutical company,yes,2025-06-18
4540,ECOCLAV FORTE  625 TAB,AMOXICILIN (AS TRIHYDRATE) AND CLAVULANIC ACID (AS POTASSIUM),20,15 TAB,Pharmacare Store,yes,2025-06-18
5529,Sodium Chloride 0.9% w/v Alison IV Infusion 100 ML 30 bags,SODIUM CHLORIDE,168,30 bags,Alison pharmaceutical company,yes,2025-06-18
2463,PEPTICUM 40 MG CAPSULES (16 CAP),Omeprazole 40mg,30,16 CAPSULES / BOX,Pharmacare Company,yes,2025-06-17
2462,PEPTICUM 20 MG CAPSULES (30 CAP),Omeprazole20 mg,40,30 CAPSULES / BOX,Pharmacare Company,yes,2025-06-17
2461,PEPTICUM 20 MG CAPSULES (15 CAP),Omeprazole 20mg,21,15 CAPSULES / BOX,Pharmacare Company,yes,2025-06-17
1547,MEPRAL 20 MG 14 CAP,OMEPRAZOLE,25,14 CAP,BPC,yes,2025-06-17
1986,DICLOFEN 12.5 MG.,DICLOFENAC SOD. 12.5MG,13,6 SUPP,Jepharm Co.,yes,2025-06-17
2003,FAMODIN 40MG.,FAMOTIDINE 40mg,22,20 TAB.,Jepharm Co.,yes,2025-06-17
2751,Accofil vial 30 MU/.5 ML (5),FILGRASTIM 30 MU/.5 ML,638,5 vial,Aljalaa Pharmaceutical Co.,yes,2025-06-17
2753,Capecitabin Accord 500mg,Capecitabin 500 mg /tab,420,tab(120),Aljalaa Pharmaceutical Co.,yes,2025-06-17
3613,FOLLITRIN,Urofollitropin(FSH)75 IU,63,1 VIAL+SOLVENT,Aljalaa Pharmaceutical Co.,yes,2025-06-17
3614,HMG Massone,"Human Menopausal  gonadotrophin (HMG),FSH&LH",75,1 VIAL+SOLVENT,Aljalaa Pharmaceutical Co.,yes,2025-06-17
2754,Imatinib  Accord 400 mg,Imatinib mesylate 400 mg/ tab,3520,90 TAB,Aljalaa Pharmaceutical Co.,yes,2025-06-17
2755,Mycophenolate Mofetil Accord500 mgtab(50),Mycophenolate Mofetil 500 mg /tab,125,50 tab,Aljalaa Pharmaceutical Co.,yes,2025-06-17
4513,Mycophenolic acid Accord 180mg,Mycophenolic acid Accord 180mg,322,120 tab/box,Aljalaa Pharmaceutical Co.,yes,2025-06-17
4514,Mycophenolic acid Accord 360,Mycophenolic acid sodium 360mg,421,120 tab/box,Aljalaa Pharmaceutical Co.,yes,2025-06-17
2756,Zoledronic Acid Accord3.5 mg,Zoledronic Acid 5 mg/ vial,164,vial,Aljalaa Pharmaceutical Co.,yes,2025-06-17
1629,RUFENAL 100 MG TAB,DICLOFENAC SODIUM,12,10 Tab,BPC,yes,2025-06-16
4369,Etorix 60 (5 tab),Etoricoxib 60mg,13,5 tab,Pharmacare Company,yes,2025-06-16
2512,VALZADEPINE HCT160/5/12.5 TABLETS (30 TAB),"Valsartan 160mg, 5 mg Amlodipine and 12.5 Hydrochlorothiazide.",89,30 TABLETS / BOX,Pharmacare Company,yes,2025-06-15
2510,VALZADEPINE HCT160/10/12.5 TABLETS (30 TAB),"Valsartan160 mg , 10 mg Amlodipine and 12.5 Hydrochlorothiazide.",94,30 TABLETS / BOX,Pharmacare Company,yes,2025-06-15
2511,VALZADEPINE HCT160/10/25 TABLETS (30 TAB),"Valsartan,160 mg  10 mg Amlodipine and 25 Hydrochlorothiazide.",94,30 TABLETS / BOX,Pharmacare Company,yes,2025-06-15
2372,BETASTIN 16 MG TABLETS,Betahistine Hydrochloride 16mg,16,30 TABLETS / BOX,Pharmacare Company,yes,2025-06-15
1159,PARAMOL EXTRA TAB,Paracetamol 1000mg/tablet,6,7 CAPLETS,Beit Jala,yes,2025-06-12
1123,MARIAL CAPS 10 GM.,Omeprazole 10mg/Caps,13,14 CAP,Beit Jala,yes,2025-06-12
1110,KLARIMAX  125 SUSP,Clarithromycin 125mg/5 ml,23,60 ml,Beit Jala,yes,2025-06-12
1111,KLARIMAX  250 SUSP,CLARITHROMYCIN 250MG/5ML,30,60 ml,Beit Jala,yes,2025-06-12
3991,ANAFLAM Pwd.for oral solution,Diclofenac Potassium,11,9 Sachets/ Box,Beit Jala,yes,2025-06-12
1024,AMARREX 2 TAB,Glimepiride 2 mg/tablet,15,30 tab,Beit Jala,yes,2025-06-12
3537,ALBIOMIN 20% - 50ML (10G),Human albumin 200mg/ml (10G),173,50 ML VIAL,TRANSMED PHARMA,yes,2025-06-11
3534,INTRATECT 50G/L - 100 ML (5G),Human normal immunoglobulin 50mg/ml - (5G),1661,100 ML VIAL,TRANSMED PHARMA,yes,2025-06-11
4303,Amlostat (5/10) tab,amlodipine 5mg/Atorvastatin 10mg,35,30 tab,Beit Jala,yes,2025-06-04
1028,ANTIVINE EYE DROPS,Naphazoline HCl   0.025%Zinc Sulphate   0.100%,17,10 ML,Beit Jala,yes,2025-06-04
1104,ISOFEN SUSP.,Ibuprofen 100mg/ 5ml,16,100 ml,Beit Jala,yes,2025-06-02
5184,BILORIC 100MG TAB. 30 TAB,Allopurinol,8,30 tablets,Sama Pharmaceutical. Co.,yes,2025-06-01
4891,IBUSAMA 400 MG 20 TAB,IBUPROFEN,10,20 TAB,Sama Pharmaceutical. Co.,yes,2025-06-01
606,IBUSAMA 400 tab 30 Tablets,Ibuprofen,15,30 Tablets,Sama Pharmaceutical. Co.,yes,2025-06-01
1134,MYCOTEN VAGINAL,CLOTRIMAZOLE 500 MG,22,1 TAB,Beit Jala,yes,2025-06-01
3643,Benzima Mouthwash And Gargle,Benzydamine HCl  0.15%,25,200Ml /Bottle,Beit Jala,yes,2025-06-01
1200,ZYDEX OINTMENT,Sodium Fusidate 2%,14,15 g,Beit Jala,yes,2025-05-27
1187,TUSSANA MILD SYRUP,Chlorpheniramine Maleate    1.0mg/5mlEphedrine HCl                     1.83mg/5mlAmmonium Chloride            50.0mg/5ml,17,100 ml,Beit Jala,yes,2025-05-27
1155,PARAMOL 150MG  infant Supp,Paracetamol 150mg/supp.,6,5 supp,Beit Jala,yes,2025-05-26
1157,PARAMOL 300MG  child supp,Paracetamol 300 mg/supp.,7,5 supp,Beit Jala,yes,2025-05-26
4483,Paramol Infant Drops,Paracetamol,22,20 ml/ Bottle,Beit Jala,yes,2025-05-26
1160,PARAMOL PLUS TAB,Paracetamol 500mg/tabletCaffeine 65mg/tablet,16,30 TAB,Beit Jala,yes,2025-05-26
1161,PARAVOMINE TAB,Meclozine HCl   25mg/tabletPyrodoxine HCl   50mg/tablet,17,20 tab,Beit Jala,yes,2025-05-26
1172,SILVEZIN CREAM 500 GM,Silver Sulfadiazine 1.00%,83,500 g,Beit Jala,yes,2025-05-26
3443,SKINALON CREAM 0.1%,Triamcinolone,18,15 gm,Beit Jala,yes,2025-05-26
3444,SKINALON OINTMENT 0.1%,Triamcinolone,18,15 gm,Beit Jala,yes,2025-05-26
1177,SULFAPRIM SUSP 100 ML,Sulfamethoxazole 200 mg/5mlTrimethoprim 40 mg/5ml,10,100 ML,Beit Jala,yes,2025-05-26
1178,SULFAPRIM SUSP 50 ML,Sulfamethoxazole 200 mg/5mlTrimethoprim 40 mg/5ml,7,50 ml,Beit Jala,yes,2025-05-26
1179,SULFAPRIM TAB,Sulfamethoxazole 400 mg/tabletTrimethoprim 80 mg/tablet,10,20 tab,Beit Jala,yes,2025-05-26
1181,TARICIN TAB.,Ofloxacin 200mg/tab,13,10 tab,Beit Jala,yes,2025-05-26
1182,TIC-TAC SHAMPOO,Permethrin 1%,17,100 ml,Beit Jala,yes,2025-05-26
3445,TOPOCORT CREAM,Mometasone Furoate,11,15 gm,Beit Jala,yes,2025-05-26
3446,TOPOCORT OINT.,Mometasone Furoate,12,15 gm,Beit Jala,yes,2025-05-26
1055,DENACIN SOLUTION,Clindamycin ( phosphate) 1%,31,30 ml,Beit Jala,yes,2025-05-26
1180,TARICIN EYE DROP,Ofloxacin 0.30%,10,5 ml,Beit Jala,yes,2025-05-26
191,CLEXANE 60MG SAFETY LOCK PREFIL SYR,ENOXAPARIN SODIUM 60MG,49,2X0.6ML,MSS,yes,2025-05-21
1158,PARAMOL EXTRA SUSP 250 MG,Paracetamol 250mg/5ml,16,100 ml,Beit Jala,yes,2025-05-20
4166,Paramol Extra Suspension (Cherry apricot flavor),Paracetamol 250mg/5ml,16,100 ml,Beit Jala,yes,2025-05-20
4164,Paramol Extra Suspension (Grape flavor),Paracetamol 250mg/5ml,16,100 ml,Beit Jala,yes,2025-05-20
1156,PARAMOL,Paracetamol 500mg/tab.,5,20 tab,Beit Jala,yes,2025-05-20
1688,VIRASERC 16 MG TAB,BETAHISTINE HCl16 MG,16,30 tab,BPC,yes,2025-05-20
1632,RUFENAL 3 ML AMP 100 AMP,DICLOFENAC SODIUM,250,100 AMP.,BPC,yes,2025-05-20
1631,RUFENAL 3 ML AMP 5 AMP,DICLOFENAC SODIUM,15,5 amp,BPC,yes,2025-05-20
1703,ZINEX  750 MG,CEFUROXIME,15,vial,BPC,yes,2025-05-20
1683,VASCOR 20 MG TAB.,ISOSORBIDE 5 MONONITRATE,14,40 TAB,BPC,yes,2025-05-20
3586,ATRACRIUM 50 MG 5  AMP,ATRACURIUM BESYLATE,75,5 amp.,BPC,yes,2025-05-20
4062,Nedomet 250 tablets,Metronidazole,14,20 Tablets,Beit Jala,yes,2025-05-20
4063,Nedomet 500 tablets,Metronidazole,16,20 Tablets,Beit Jala,yes,2025-05-20
3601,NEDOMET SUSP.,Metronidazole Benzoate 125 mg/ 5ml,16,120 ML,Beit Jala,yes,2025-05-20
1139,NAZEX NASAL SPRAY,Sodium Chloride 0.74% W/V,16,15 ml,Beit Jala,yes,2025-05-18
1132,MYCOTEN CREAM,Clotrimazole 1%,15,20 g,Beit Jala,yes,2025-05-18
1133,MYCOTEN HC Cream,Clotrimazole  1%Hydrocortisone Acetate 1%,17,15 g,Beit Jala,yes,2025-05-18
1481,EMESTOP 2 ML AMP.,METOCLOPROMIDE HCl,240,100 AMP.,BPC,yes,2025-05-18
2451,MUCOCARE 8MG - 20TAB,BROMHEXINE HCl,17,20 TABLETS / BOX,Pharmacare Company,yes,2025-05-18
2631,PROLOL 40MG 50 TAB,Propranolol,15,50 TAB,Alram Drug Store,yes,2025-05-18
4830,VORIFAST POWDER FOR ORAL SOLUTION 50MG / SACHET 10 SACHETS,DICLOFENAC POTASSIUM,11,10 SACHETS,Pharmacare Company,yes,2025-05-18
2519,VERMACARE 100 MG TABLETS (6 TAB),Mebendazole 100 mg,15,6 TABLETS / BOX,Pharmacare Company,yes,2025-05-18
2518,VERMACARE 100 MG SUSPENSION (30 ML),Mebendazole 100 mg / 5 ml,15,ONE BOTTLE OF 30 ML / BOX,Pharmacare Company,yes,2025-05-18
2516,VENTOCARE 2 MG TABLETS (20 TAB),Salbutamol 2mg,8,20 TABLETS / BOX,Pharmacare Company,yes,2025-05-18
1120,LOMIXIN EYE DROPS,Chloramphenicol 0.50%,15,10 ml,Beit Jala,yes,2025-05-18
1115,LAXIN CHILD SUPP.,Glycerin  1.23g/supp,10,5 supp,Beit Jala,yes,2025-05-15
1106,JORDACYCLINE EYE OINT,OXYTETRACYCLINE HCL 0.50%,10,4 g,Beit Jala,yes,2025-05-15
1105,ISOFEN TAB.400 MG.,Ibuprofen 400 mg/tab.,10,20 tab,Beit Jala,yes,2025-05-15
4286,Isofen Suspension (Grape Flavor) 60 ML,Ibuprofen 100 mg/5ml,10,60ml/Box,Beit Jala,yes,2025-05-15
4285,Isofen Suspension (Grape Flavor) 100 ML,Ibuprofen 100 mg/5ml,16,100ml/Box,Beit Jala,yes,2025-05-15
4283,Isofen Suspension (Cherry Apricot Flavor) 100 ML,Ibuprofen 100 mg/5ml,16,100ml/Box,Beit Jala,yes,2025-05-15
4284,Isofen Suspension (Cherry Apricot Flavor) 60 ML,Ibuprofen 100 mg/5ml,10,60ml/Box,Beit Jala,yes,2025-05-15
1103,ISOFEN EMULGEL,Ibuprofen 5 g/100 g,16,30 g,Beit Jala,yes,2025-05-15
1102,INDOGEL,Indomethacin 1% w/w,16,45 g,Beit Jala,yes,2025-05-15
1101,INDOCAPS SUPP,Indomethacin 100 mg/suppository,15,10 supp,Beit Jala,yes,2025-05-15
1096,Hi Tri 10 mg Tab,Ezetimibe 10 mg/tablet,60,30 tab,Beit Jala,yes,2025-05-15
1084,HARRAR CREAM,Thyme Oil           2%Eucalyptus Oil    2%Turpentine Oil     2%Menthol             2%,18,50 g,Beit Jala,yes,2025-05-15
1081,GINGIPAINT,Tannic Acid                        3.75%Calcium Pantothenate         0.75%Lidocaine HCl                   1.00%,15,10 ml,Beit Jala,yes,2025-05-15
1080,GARGAROL,Chlorhexidine Gluconate     0.20%,17,180 ml,Beit Jala,yes,2025-05-15
1079,GARAMINE CREAM,Gentamycin (Sulfate)           0.10%,15,16 g,Beit Jala,yes,2025-05-15
2487,TETRACARE OINTMENT(20 GM),Each 100 g contains 3 g tetracycline HCl,10,ONE TUBE OF 20 G / BOX,Pharmacare Company,yes,2025-05-15
2486,TAILOL 125 MG SYRUP (100 ml),Acetaminophen (Paracetamol)125 mg /5ml,13,ONE BOTTLE OF 100 ML / BOX,Pharmacare Company,yes,2025-05-15
2485,TAILOL 500MG TABLETS (20 AB),Acetaminophen (Paracetamol)500MG / tab,6,20 TABLETS / BOX,Pharmacare Company,yes,2025-05-15
2477,SUPRAVIR 800 TABLETS (35 TAB),Aciclovir800mg,110,35 TABLETS/ BOX,Pharmacare Company,yes,2025-05-15
2472,SCABICARE LOTION 100 ML,Each 100 ml contains 25 ml (28 g) benzyl benzoate.,15,ONE BOTTLE OF 100 ML / BOX,Pharmacare Company,yes,2025-05-15
2453,NOSACARE CHILD 0.025% (15 ML)  NO DRIP WITH METERED DOSE PUMP,Oxymetazoline HCl 0.025%,15,ONE METERED DOSE NASAL SPRAY OF 15 ML / BOX,Pharmacare Company,yes,2025-05-15
1060,Diamet TAB. 1000 mg,Metformin HCl 1000mg/caplet,15,28 tab,Beit Jala,yes,2025-05-13
1061,Diamet TAB. 500 mg,Metformin HCl 500 mg/tablet,10,30 tab,Beit Jala,yes,2025-05-13
1062,Diamet TAB.850 mg,Metformin HCl 850 mg/caplet,13,28 tab,Beit Jala,yes,2025-05-13
1059,DERMAGESIC LOTION,Calamine 8%Zinc Oxide 8%,13,100 ml,Beit Jala,yes,2025-05-13
1056,DENACINE 150 CAPS,Clindamycin (HCl) 150 mg/cap,12,16 CAP,Beit Jala,yes,2025-05-13
3434,DELORAX  0.5 mg / ml Syrup,Desloratadine,13,100 ml,Beit Jala,yes,2025-05-13
1050,DARAMINE TAB.,Dimenhydrinate 50mg/tablet,20,20 tab,Beit Jala,yes,2025-05-13
1036,BETACORT V CREAM,Betamethasone (Valerate) 0.10%,9,16 g,Beit Jala,yes,2025-05-13
2148,ZINAXIM 750 VIALS-NEW,CEFUROXIME ( As SODIUM ) 750 mg,15,vial,Jepharm Co.,yes,2025-05-13
2059,"MICO-CORT 15G, CREAM","HYDROCORTISONE ACETATE 1% , MICONAZOLE NITRATE 2%",16,15g,Jepharm Co.,yes,2025-05-13
2036,J-PENEM 1gm VIAL,meropenem as trihydrate1g,96,1 vial,Jepharm Co.,yes,2025-05-13
1031,AZYTRA  Caps. 250 mg,Azithromycin (as Dihydrate) 250mg/cap.,25,6 CAPSULES,Beit Jala,yes,2025-05-13
1023,ALLERGON TAB.,Chlorpheniramine Maleate  2mg/tablet,15,20 tab,Beit Jala,yes,2025-05-13
1022,ALLERGON SYRUP,Chlorpheniramine Maleate  2mg/5ml,15,100 ml,Beit Jala,yes,2025-05-13
3738,PHAREPA 25000 IU VIAL,Heparin,111,5 Vials,Medimarket Drug Store,yes,2025-05-12
2441,LOROCARE  2.5MG TABLETS (20 TAB),Lorazepam 2.5 mg,14,20 TABLETS / BOX,Pharmacare Company,yes,2025-05-12
2021,GYNODAKTAZOLE CREAM 4%,MICONAZOLE NITRATE4%,32,tube,Jepharm Co.,yes,2025-05-12
1940,ARTIDYL2 MG,TRIHEXYPHENIDYL HCl 2MG,11,30 tab,Jepharm Co.,yes,2025-05-12
1941,ARTIDYL 5 MG,TRIHEXYPHENIDYL  HCl 5MG,16,30 tab,Jepharm Co.,yes,2025-05-12
3510,MOXIFLOX 400 MG TABLETS (10 TAB),Moxifloxacin  HCl,73,10 TABLETS / BOX,Pharmacare Company,yes,2025-05-12
3509,MOXIFLOX 400 MG TABLETS (5 TAB),Moxifloxacin HCl,40,5 TABLETS / BOX,Pharmacare Company,yes,2025-05-12
2421,GLUCOCARE  5 MG TABLETS (30 TAB),Glibenclamide 5MG,10,30 TABLETS / BOX,Pharmacare Company,yes,2025-05-12
2414,FUNGAZOLE CREAM  15 GM,Miconazole nitrate.2%,10,ONE TUBE OF 15 G / BOX,Pharmacare Company,yes,2025-05-12
3609,FexoEZ 120 mg (20 Tab),Fexofenadine,16,20 TABLETS / BOX,Pharmacare Company,yes,2025-05-12
2407,EZOMAX 20 MG CAPSULE *15,Ezomeprazole 20 mg,15,15 CAPSULES / BOX,Pharmacare Company,yes,2025-05-12
2404,ERYTHROCARE  200 MG SUSPENSION  60 ML,Erythromycin 200 mg /5 ml,11,ONE BOTTLE OF 60 ML / BOX,Pharmacare Company,yes,2025-05-12
4335,D-Triol 0.25 Mcg Soft Gelatin Capsules (30 cap),Calcitriol 0.25 mcg,35,30  Cap,Pharmacare Company,yes,2025-05-12
2400,DIACARE  2MG CAPSULES * 8,Loperamide HCl 2mg,16,8 CAP,Pharmacare Company,yes,2025-05-12
1548,MEROPENEM 1 G 10 VIAL,Meropenem,945,10 vial,BPC,yes,2025-05-12
3913,DELECAS Inj. 1 ML,BETAMETHASONE AS ( DIPROPIONATE & SOD. PHOSPHATE ),23,1 Amp. of 1ML,BPC,yes,2025-05-12
1442,CLAFOXIM 1 GM VIAL,CEFOTAXIME (AS SODIUM) 1 GM,14,1 VIAL,BPC,yes,2025-05-12
4237,D-Dol 1 mcg (30 cap),alfacalcidol,50,30 Soft Gelatin Cap,Pharmacare Company,yes,2025-05-11
4235,D-Dol 0.25 mcg (30 cap),Alfacalcidol,22,30 Soft Gelatin Cap,Pharmacare Company,yes,2025-05-11
4236,D-Dol 0.5 mcg (30 cap),alfacalcidol,35,30 Soft Gelatin Cap,Pharmacare Company,yes,2025-05-11
2390,CIPROCARE 500 MG TABLETS,Ciprofloxacin500mg,38,15 TABLETS / BOX,Pharmacare Company,yes,2025-05-11
4217,Bisotens 5,Bisoprolol Fumarate,15,30 tab,Pharmacare Company,yes,2025-05-11
2370,BETACARE  CREAM  15GM,Betamethasone1%,7,ONE TUBE OF 15 G / BOX,Pharmacare Company,yes,2025-05-11
2371,BETACARE - G CREAM 15GM,betamethasone1% and 0.1% Gentamycin,14,ONE TUBE OF 15 G / BOX,Pharmacare Company,yes,2025-05-11
2362,AMOXICARE 500MG CAPSULES,Amoxicillin 500mg,16,16 CAP / BOX,Pharmacare Company,yes,2025-05-11
2361,AMOXICARE 400 MG SUSPENSION 60 ML,Amoxicillin 400 mg /5 ml,15,60 ML,Pharmacare Company,yes,2025-05-11
2360,AMOXICARE 400MG SUSP.ENSION 100 ML,Amoxicillin 400 mg /5 ml,17,100 ML,Pharmacare Company,yes,2025-05-11
2355,AMOXICARE  250MG SUSPENSION 100ML,Amoxicillin 250 mg/5 ml,15,100ML,Pharmacare Company,yes,2025-05-11
2356,AMOXICARE  250MG SUSPENSION  (60 ml),Amoxicillin 250 mg /5 ml,10,60 ml,Pharmacare Company,yes,2025-05-11
2358,AMOXICARE 125MG SUSPENSION 100 ML,Amoxicillin 125 mg / 5 ml,12,100 ml,Pharmacare Company,yes,2025-05-11
2354,AMBROCARE 30 SYRUP 30 mg/ 5 ml (60 ml),Ambroxol 30 mg/5 ml,11,60 ml,Pharmacare Company,yes,2025-05-11
2115,Sulprim fort 10tab.,"TRIMETHOPRIM 160MG, SULPHAMETHOXASOLE 800MG",16,10 tabs,Jepharm Co.,yes,2025-05-04
2116,Sulprim susp. 100ml.,"TRIMETHOPRIM 40MG, SULPHAMETHOXASOLE 200MG",16,100 ml,Jepharm Co.,yes,2025-05-04
2114,SULPRIM 20 TAB,"TRIMETHOPRIM 80MG, SULPHAMETHOXASOLE 400MG",16,20 tab,Jepharm Co.,yes,2025-05-04
2117,Sulprim susp. 60ml.,"TRIMETHOPRIM 40MG, SULPHAMETHOXASOLE 200MG",13,60 ml,Jepharm Co.,yes,2025-05-04
1438,CHLORAZINE 100 mg 20 TAB,CHLORPROMAZINE,15,20 Tab.,BPC,yes,2025-05-04
3564,BASILOX 400 mg Tab,MOXIFLOXACIN  HCL,40,5 Tab,BPC,yes,2025-05-04
1569,NIRVIN 0.5% PEDIATRIC NOSE DROPS,XYLOMETAZOLINE HCl,14,DROPS,BPC,yes,2025-05-04
1567,NIRVIN 1% ADULT NOSE DROPS,XYLOMETAZOLINE HCl,16,DROPS,BPC,yes,2025-05-04
2660,MONOCORD 20MG 30 TAB,Isosorbide Mononitrate,10,30 TAB,Alram Drug Store,yes,2025-04-30
2638,MONOCORD 20MG 60 TAB,Isosorbide Mononitrate,20,60 TAB,Alram Drug Store,yes,2025-04-30
2634,MONOCORD 40MG 30 TAB,Isosorbide Mononitrate,17,30 tab,Alram Drug Store,yes,2025-04-30
2025,ISONID 20 MG TAB(30),ISOSORBIDE MONONITRATE 20 mg,10,30 tab,Jepharm Co.,yes,2025-04-30
2026,ISONID 40 MG TAB(30),ISOSORBIDE MONONITRATE 40 mg,17,30 tab,Jepharm Co.,yes,2025-04-30
5383,KETO-ALISON 30 MG /ML 100 AMP<span class='flash'> new </span>,KETOROLAC TROMETHAMINE,320,100 AMP,Alison pharmaceutical company,yes,2025-04-30
5382,KETO-ALISON 30 MG /ML 5 AMP<span class='flash'> new </span>,KETOROLAC TROMETHAMINE,20,5 AMP,Alison pharmaceutical company,yes,2025-04-30
5379,METO-ALISON 10 MG/2ML 5 AMP<span class='flash'> new </span>,Metoclopramide Hydrochloride,14,5 AMP,Alison pharmaceutical company,yes,2025-04-30
5380,METO-ALISON 10 MG/2ML 5 AMP<span class='flash'> new </span>,Metoclopramide Hydrochloride,226,100 AMP,Alison pharmaceutical company,yes,2025-04-30
4553,SPECTRACEF 400 MG 10 TABS,CEFDITOREN 400MG,156,10 FILM COATED TAB,Alram Drug Store,yes,2025-04-29
4554,SPECTRACEF 200 MG 20 TABS,CEFDITOREN 200MG,156,20 FILM COATED TAB,Alram Drug Store,yes,2025-04-29
2035,J-PENEM 0.5 gm VIAL,meropenem as trihydrate0.5g,45,1 vial,Jepharm Co.,yes,2025-04-28
1500,FOLIC ACID 5 MG 30 TAB,FOLIC ACID 5MG,18,30 tab,BPC,yes,2025-04-28
1483,EMESTOP 10 MG 20 TAB,METOCLOPROMIDE HCl,15,20 tab,BPC,yes,2025-04-28
2578,COUMADIN 2MG  30 TAB,Warfarin sodium 2mg,18,30 tab,Alram Drug Store,yes,2025-04-28
2675,DISOTHIAZIDE 25MG 30TAB,Hydrochlorothiazide,12,30 tab,Alram Drug Store,yes,2025-04-28
2609,DOXYLIN 100MG 10TAB,Doxycycline(as hyclate),12,10 tab,Alram Drug Store,yes,2025-04-28
2586,COUMADIN 5MG 30TAB,WARFARINE SODIUM 5MG,22,30 TAB,Alram Drug Store,yes,2025-04-28
2574,COUMADIN 1MG  30 TAB,Warfarin sodium 1mg,8,30 tab,Alram Drug Store,yes,2025-04-28
1521,INDOLIN 100 MG 12 SUPP,INDOMETHACIN,17,12 supp,BPC,yes,2025-04-28
1699,XYLEN GEL,LIDOCAINE 2%,15,tube,BPC,yes,2025-04-28
1695,XTRAM AMP,TRAMADOL HCl,13,5 Amp,BPC,yes,2025-04-28
3666,ULTRAFEN 60 mg Supp.,Ibuprufen,15,10 Supp,BPC,yes,2025-04-28
1664,TOLERAN 50 MG TAB,DICLOFENAC POTASSIUM 50 MG,12,10 Tab,BPC,yes,2025-04-28
1662,TETRIN EYE DROPS,TETRAHYDRAZOLINE HCl 0.05%,15,EYE DROPS,BPC,yes,2025-04-28
3581,Omr-IgG-am 5% - 100 ML (5G),Human normal immunoglobulin 50mg/ml - (5G),1647,100 ML VIAL,AL DAWLI  DRUG  STORE,yes,2025-04-28
3583,Omr-IgG-am 5% - 200 ML (10G),Human normal immunoglobulin 50mg/ml - (10G),3083,200 ML VIAL,AL DAWLI  DRUG  STORE,yes,2025-04-28
3582,Omr-IgG-am 5% - 50ML (2.5G),Human normal immunoglobulin 50mg/ml - (2.5G),823,50 ML VIAL,AL DAWLI  DRUG  STORE,yes,2025-04-28
3990,SPIRONE 25 MG 30 TAB,SPIRONOLACTONE,17,30 TAB,BPC,yes,2025-04-27
1644,SEREPAM 10 MG AMP 5 AMP,DIAZEPAM,17,5 amp,BPC,yes,2025-04-27
1645,SEREPAM 10 MG AMP 100 AMP,DIAZEPAM,283,100 AMP,BPC,yes,2025-04-27
1640,SEDAMOL 500 MG 20 CAPLET,PARACETAMOL,10,20 Cap,BPC,yes,2025-04-27
1622,RINAZAL SYRUP,DESLORATADINE,15,SYRUP,BPC,yes,2025-04-27
1615,PULMADRIN SYRUP 100 ML,TRIPROLIDINE HCl & PSEUDOEPHEDRINE,17,SYRUP,BPC,yes,2025-04-27
2030,JEFLEX 250 SUSP. 60ML.,CEPHALEXIN (AS MONOHYDRATE) 250MG,17,SUSP. 60ML.,Jepharm Co.,yes,2025-04-27
1604,PREMONOR TABLET,NORETHISTERONE ACETATE,14,20 tab,BPC,yes,2025-04-27
1598,PHENOTAB 15 MG 20 TAB,PHENOBARBITAL,4,20 TAB,BPC,yes,2025-04-27
1597,PHENOTAB 100 MG 100 TAB,PHENOBARBITAL,37,100 tab,BPC,yes,2025-04-27
1981,DEXAMIN SYRUP 100ML.,DEXCHLORPHENIRAMINE MALEATE 0.5 Mg,16,SYRUP 100ML.,Jepharm Co.,yes,2025-04-27
1594,OXYCIN EYE OINT,OXYTETRACYCLINE HCl,8,EYE OINT,BPC,yes,2025-04-27
1584,ORACAL 600 MG 40 CHEWABLE TABLET,CALCIUM CARBONATE,15,40,BPC,yes,2025-04-27
2104,ROOTAN 0.025% CREAM,TRETINOIN 0.025%,14,20 g,Jepharm Co.,yes,2025-04-27
1577,OGMIN 125MG GRAN,AMOXICILLIN & CLAVULANIC ACID,16,SUSP,BPC,yes,2025-04-27
1576,Ocutacin 3mg / ml E/DROPS  5ml,TOBRAMYCIN,15,E/D,BPC,yes,2025-04-27
5334,TRUFEN RELAX 20 TAB,IBUPROFEN 200 MG + METHOCARBAMOL 500 MG,35,20 TAB,Jepharm Co.,yes,2025-04-24
2123,TRUFEN 200 MG.,IBUPROFEN 200MG,7,20 tab,Jepharm Co.,yes,2025-04-24
2124,TRUFEN 400 MG. 20 TABLETS,IBUPRUFEN 400MG,15,20 tabs,Jepharm Co.,yes,2025-04-24
2125,TRUFEN 600 MG. 10 TABLETS,IBUPROFEN 600MG,10,10 tabs,Jepharm Co.,yes,2025-04-24
2128,TRUFEN SUSPENSION 75 ML,IBUPRUFEN 100MG,11,75 ml,Jepharm Co.,yes,2025-04-24
1560,NAPREX 500 MG 8 TAB,NAPROXEN,12,8,BPC,yes,2025-04-24
2130,TUSSIBAL EXPECTOR 100 ML.,"GUAIFENASINE 100 MG,PSEUDOEPHEDRENE HCl 30MG,  TRIPROLIDINE HCl 1.25MG",17,100 ml bottle,Jepharm Co.,yes,2025-04-24
2131,TUSSIBAL HONEY 100 ML.,"DEXTROMETHORPHAN HBr 10MG,  PSEUDOEPHEDRENE HCl 30MG,TRIPROLIDINE HCl 1.25MG",17,100 ml bottle,Jepharm Co.,yes,2025-04-24
2139,Vermazol 100mg.,MEBENDAZOLE 100MG,16,6 TAB,Jepharm Co.,yes,2025-04-24
2138,"VASCOPIN 5MG,",Amlodipine (Besylate) 5 mg,14,30 TAB.,Jepharm Co.,yes,2025-04-24
2140,Vermazol 2% susp.30ml.,MEBENDAZOLE 100MG,16,susp.30ml.,Jepharm Co.,yes,2025-04-24
1549,METROZOLE 250 MG 20 TAB.,METRONIDAZOLE,14,20 tab,BPC,yes,2025-04-24
2143,"VITAL 1 MG, 1 ML, 5 AMP",CYANOCOBALAMIN1000 MCG,15,5 AMP.,Jepharm Co.,yes,2025-04-24
2144,Vizolin Eye Drops 0.5% 15ml.,TETRAHYDROZOLINE HCl 0.05%,16,E/D,Jepharm Co.,yes,2025-04-24
1542,M.A.H. SUSP 200 ML,ALUMINUM HYDROXIDE & MAGNESIUM HYDROXIDE,12,SUSP 200 ML,BPC,yes,2025-04-24
1990,DICLOFEN AMP,DICLOFENAC SOD. 75MG & LIDOCAINE 8MG,16,5 amp,Jepharm Co.,yes,2025-04-24
4353,IXABAN 2.5 MG 60 TAB.,APIXABAN 2.5 MG / TAB,120,60 TAB,BPC,yes,2025-04-24
1524,IOSEPT SOL 100 ML,POVIDONE IODINE,5,100 ml,BPC,yes,2025-04-24
1517,HYPOTHAL CAP,SULPRIDE,15,20 Cap,BPC,yes,2025-04-24
1514,HISTANYL AMPULE 25 MG 100 AMP,PROMETHAZINE HCl,250,100 AMP.,BPC,yes,2025-04-24
1509,GLUCOMET 850 MG 30 TAB,METFORMIN 850 MG,13,30 TAB,BPC,yes,2025-04-24
1507,GINGIVAL SOLUTION,CHLORHEXIDINE GLUCONATE,17,150 ML SOLUTION,BPC,yes,2025-04-24
1506,GENTACOL EYE AND EAR DROPS 7 ML,GENTAMYCINE SULPHATE,15,E/D 7 ml,BPC,yes,2025-04-24
1502,FUNGITRIN ORAL GEL,MICONAZOLE NITRATE,15,ORAL GEL,BPC,yes,2025-04-24
1501,FUNGITRIN CREAM,MICONAZOLE NITRATE,16,tube,BPC,yes,2025-04-24
4376,FLUPHENAZINE BPC  1 AMPOULE,FLUPHENAZINE DECANOATE 25MG,16,1 AMP,BPC,yes,2025-04-24
1490,FEBRAMOL SYR.,PARACETAMOL,13,100ml syr,BPC,yes,2025-04-24
1489,FEBRAMOL INFANT 150mg  6 SUPP,PARACETAMOL,7,6 supp,BPC,yes,2025-04-24
1488,FEBRAMOL CHILD 300 MG 6 SUPP,PARACETAMOL,8,6 Supp,BPC,yes,2025-04-24
1482,EMESTOP SYRUP (30ML),METOCLOPROMIDE HCl,13,30 ML,BPC,yes,2025-04-24
1475,DUPISOR gel 30GM,CALCIPOTRIOL (AS MONOHYDRATE) 50 MCG & BETAMETHSONE (AS DIPROPIONATE) 0.5 MG,100,tube,BPC,yes,2025-04-24
1467,DENTO DROPS,"BENZOCAINE, CHLOROFORM, MENTHOL, METHYL SALICYLATE & OIL OF CLOVE",15,DROPS,BPC,yes,2025-04-24
1430,CEFAZIN 1 GM VIAL,CEFAZOLIN (AS SODIUM) 1 GM,9,1 VIAL,BPC,yes,2025-04-23
1420,CANDISTAN ORAL DROPS 100000  IU/ML 12 ML,NYSTATIN,14,DROPS,BPC,yes,2025-04-23
1419,BLOCADRIL 40MG TAB.,PROPRANOLOL HCl 40 MG,6,20 tab,BPC,yes,2025-04-23
1418,BLOCADRIL 10MG TAB.,PROPRANOLOL HCl 10 MG,5,20 tab,BPC,yes,2025-04-23
1417,BEPEN V.K 500MG,PENICILLIN V. POTASSIUM 500 MG,13,16 tab,BPC,yes,2025-04-23
1415,BEPEN V.K 250MG GRAN 100ml,PENICILLIN V. POTASSIUM 250 MG,15,100ml susp,BPC,yes,2025-04-23
1409,ASPIRIN 100 MG TAB,ASPIRIN 100 MG TAB,10,30 tab,BPC,yes,2025-04-23
1403,AMOXITID 400MG GRAN,AMOXICILLIN 400,15,70 ML SUSP,BPC,yes,2025-04-23
1402,AMOXITID 250MG GRAN 60ml,AMOXICILLIN 250,11,60 ML SUSP.,BPC,yes,2025-04-23
1401,AMOXITID 250MG GRAN 100ml,AMOXICILLIN 250,15,100ml susp,BPC,yes,2025-04-23
1389,ALLNEX.1% EYE DROPS 5ML,OLOPATADINE (AS HCl) 0.1 %,37,5 ML,BPC,yes,2025-04-23
1387,ALFACAL 1.0 mcg SOFT  30 CAP,ALFACALCIDOL 1 MCG,52,30 CAP,BPC,yes,2025-04-23
1385,ADOL DROPS,VITAMIN A & VITAMIN D3,15,DROPS,BPC,yes,2025-04-23
4035,CONCOR  2.5MG - 30 TAB,Bisoprolol 2.5mg,17,30 TAB,Grand Pharm,yes,2025-04-23
367,BETACORTEN OINT  15 GR,betamethasone,8,tube,OXYGEN MEDICAL COMPANY,yes,2025-04-22
5073,BETACORTEN SCALP SOLUTION 0.1% 30 ML,BETAMETHASONE,13,30 ML SOLUTION,OXYGEN MEDICAL COMPANY,yes,2025-04-22
3684,DICLOREN GEL,diclofenac sodim,36,50 gm topical gel,OXYGEN MEDICAL COMPANY,yes,2025-04-22
3712,THEOTRIM 100,Theophylline,10,30 Tab,OXYGEN MEDICAL COMPANY,yes,2025-04-22
3711,THEOTRIM 200,Theophylline,11,30 Tab,OXYGEN MEDICAL COMPANY,yes,2025-04-22
3710,THEOTRIM 300,Theophylline,14,30 Tab,OXYGEN MEDICAL COMPANY,yes,2025-04-22
2093,prexolan  5 MG 30 TAB,Olanzapine  5 mg,80,30 tabs,Jepharm Co.,yes,2025-04-22
2094,prexolan 10 MG 30 TAB,Olanzapine 10 mg,140,30 tabs,Jepharm Co.,yes,2025-04-22
2096,Prexolan15 MG 30 TAB,Olanzapine 15 mg,150,30 tabs,Jepharm Co.,yes,2025-04-22
2095,prexolan 20 MG 30 TAB,Olanzapine 20 mg,170,30 tabs,Jepharm Co.,yes,2025-04-22
2083,OTAMOL 150mg suppositories,PARACETAMOL 150MG,7,6 supp,Jepharm Co.,yes,2025-04-22
2082,OTAMOL 500MG.,PARACETAMOL 500MG,7,20 tab,Jepharm Co.,yes,2025-04-22
2081,OTAMOL 300mg suppositories,PARACETAMOL 300MG,6,5 supp,Jepharm Co.,yes,2025-04-22
2084,OTAMOL SYRUP 100 ml.,PARACETAMOL 125MG,11,1 bottle,Jepharm Co.,yes,2025-04-22
2064,MOXEPHARM 250 SUSP. 60 ML.,AMOXYCILLIN (AS TRIHYDRATE)250MG,11,60 ml,Jepharm Co.,yes,2025-04-22
2065,MOXEPHARM 400 SUSP.70 ML.,AMOXYCILLIN (AS TRIHYDRATE) 400MG,16,SUSP.75 ML.,Jepharm Co.,yes,2025-04-22
2066,MOXEPHARM 500 MG. 16 CAPS,AMOXYCILLIN (AS TRIHYDRATE)500MG,15,16 caps,Jepharm Co.,yes,2025-04-22
2062,MODURIL30TAB,"AMILORIDE HCl 5MG,  HYDROCHLORTHIAZIDE 50MG",17,30 tabs,Jepharm Co.,yes,2025-04-22
2057,MEGASTOP PLUS 100 ML.,"FURAZOLIDONE 0.02GM,   KAOLIN 0.6GM & PECTIN 0.1GM/5ML",16,100 ml bottle,Jepharm Co.,yes,2025-04-22
2055,LORIAS 0.5 mg /ml ORAL SOL. 120 ml,Desloratadine 0.5mg,15,ORAL SOL. 120 ml,Jepharm Co.,yes,2025-04-22
2058,MEGASTOP PLUS 20 TAB,"FURAZOLIDONE 20MG,   KAOLIN 40MG, PECTIN 40MG/TAB",16,20 tabs,Jepharm Co.,yes,2025-04-22
2023,HYPOCOR 2.5 MG,Bisoprolol Fumarate2.5mg,15,30 TAB,Jepharm Co.,yes,2025-04-14
2024,HYPOCOR 5 MG 30 TAB,Bisoprolol Fumarate5mg,15,30 TAB,Jepharm Co.,yes,2025-04-14
2002,FAMODIN 20MG.,FAMOTIDINE 20mg,16,20TAB.,Jepharm Co.,yes,2025-04-14
5501,TRITTICO 100 MG 30 TAB,TRAZODONE HYDROCHLORIDE,25,30 TAB,Al Bayan Drug Store,yes,2025-04-13
5502,TRITTICO 50 MG 30 TAB,TRAZODONE HYDROCHLORIDE,25,30 TAB,Al Bayan Drug Store,yes,2025-04-13
3440,SETANORM 500 mg Tab,LEVETIRACETAM,74,30 Tab,Jepharm Co.,yes,2025-04-13
2625,ALLORIL 100MG 50 TAB,Allopurinol,14,50 TAB,Alram Drug Store,yes,2025-04-13
2579,COUMADIN 2.5M 30 TAB,Warfarin sodium 2.5mg,23,30 tab,Alram Drug Store,yes,2025-04-13
546,VANCOAVENIR VIAL 500MG 10,VANCOMYCIN 0.5G,281,10 VIAL,BEIT AL- DAWAA DRUG STORE,yes,2025-04-10
4071,MERO-AVENIR VIAL 1000MG  10 Vial/BOX,Meropenem Trihydrate,803,10 Vial,BEIT AL- DAWAA DRUG STORE,yes,2025-04-10
4073,MERO-AVENIR VIAL 500MG 10,Meropenem as Trihydrate,401,10 Vial,BEIT AL- DAWAA DRUG STORE,yes,2025-04-10
543,Panto A venir 40 mg 20 vial /box,PANTOPRAZOLE 40MG,402,20 vial /box,BEIT AL- DAWAA DRUG STORE,yes,2025-04-10
4291,IG VENA  5% - 100ML (5G),Human normal immunoglobulin 50mg/ml - (5G),1646,100 ML VIAL,BEIT AL- DAWAA DRUG STORE,yes,2025-04-10
4322,IG VENA 5% - 20ML (1G),Human normal immunoglobulin 50mg/ml - (1G),317,20 ML VIAL,BEIT AL- DAWAA DRUG STORE,yes,2025-04-10
2662,ACERIL 12.5 MG  90 TAB,Captopril,16,90 TAB,Alram Drug Store,yes,2025-04-10
2633,BETAREN 100MG SR 10 TAB,Diclofenac Sodium,11,10 tab,Alram Drug Store,yes,2025-04-10
2547,DERMACOMBIN CREAM  5 GR,Nystatin- Neomycin-Garamicidin,10,tube,Alram Drug Store,yes,2025-04-10
2548,DERMACOMBIN OINT   5 GR,Nystatin- Neomycin-Garamicidin,10,TUBE,Alram Drug Store,yes,2025-04-10
2648,ENALADEX  5MG  30 TAB,Enalapril Maleate,14,30 tab,Alram Drug Store,yes,2025-04-10
2627,GLUBEN 5MG  30 TAB,Glibenclamide,13,30 TAB,Alram Drug Store,yes,2025-04-10
2630,IBUFEN 600MG 30 CAP,Ibuprofen,12,30 cap,Alram Drug Store,yes,2025-04-10
2666,LORIVAN TAB 1MG  20),Lorazepam,6,20 tab,Alram Drug Store,yes,2025-04-10
2622,LORIVAN TAB 50          `,Lorazepam,14,50 TAB,Alram Drug Store,yes,2025-04-10
2701,LOSARDEX 12.5MG 30TAB,Losartan potassium,15,30 tab,Alram Drug Store,yes,2025-04-10
2632,PROLOL 10MG 50 TAB,Propranolol,13,50 TAB,Alram Drug Store,yes,2025-04-10
1926,BISOPROLOL FUMARATE 2.5MG INOVA,BISOPROLOL FUMARATE 2.5MG,17,30 TAB,DAR AL-DAWAA COMPANY,yes,2025-04-09
1927,BISOPROLOL FUMARATE 5 MG INOVA,BISOPROLOL FUMARATE 5 MG,15,30 TAB,DAR AL-DAWAA COMPANY,yes,2025-04-09
1942,ATROPIN  JPM,ATROPINE SULPHATE 1 Mg,263,AMP (100),Jepharm Co.,yes,2025-04-08
1955,CEFAZOLIN  1 G VIAL,CEFAZOLIN (SODIUM) 1 G,9,1 VIAL,Jepharm Co.,yes,2025-04-08
1966,COOL OINT 40%,ZINC OXIDE 40%,13,tube,Jepharm Co.,yes,2025-04-08
1967,"COROTENOL 100,",ATENOLOL 100MG,13,30 TABLETS,Jepharm Co.,yes,2025-04-08
1968,COROTENOL 50,ATENOLOL 50MG,12,30 tab,Jepharm Co.,yes,2025-04-08
1971,DAKTAZOL CREAM 15GR.,MICONAZOLE NITRATE 2%,16,TUBE,Jepharm Co.,yes,2025-04-08
1977,DEQUABAL 10 ML SOL.,DEQUALINIUM-Cl 125MG & LIGNOCAINE BASE 217 MG,16,SOL.,Jepharm Co.,yes,2025-04-08
1991,DICLOFEN EMULGEL 30GR.,DICLOFENAC SOD. 1% (as diclofenac diethylammonium),16,30 g,Jepharm Co.,yes,2025-04-08
1995,DICLOFEN50MG10TAB,DICLOFENAC SOD. 50MG,8,10TAB,Jepharm Co.,yes,2025-04-08
1932,ALLERVIN EYE DROPS 10ML.,"ANTAZOLINE  0.5%, NAPHAZOLINE HCl 0.025%",16,E/D,Jepharm Co.,yes,2025-04-08
1929,A&D-VIT,VIT A (AS PALMITATE) 500 IU  & VIT D3 200 IU,13,DROPS,Jepharm Co.,yes,2025-04-08
1930,ALBOCAL POWDER 10X15G.,"BORIC ACID 70% , MENTHOL 0.01%, THYMOL 0.5%,METHYL",37,10 sachets,Jepharm Co.,yes,2025-04-08
4109,OPTALGIN /10 Amp,Dypirone,27,AMP 10,Teva,yes,2025-04-06
4507,SODIUM CHLORIDE 0.9% 500ML BOTTLE,Sodium chloride 9 mg,190,20  BOTTLES / 500ML,NOBEL STORE,yes,2025-04-06
4212,RINGER LACTATE S.A.L.F 500 ML BOTTLE,"Na lactate, Na chloride, K chloride, Ca chloride bihydrate",21,500ml,NOBEL STORE,yes,2025-04-06
5392,SITAGLIPTIN TEVA 100 MG 28 TAB,SITAGLIPTIN,57,28 TAB,Teva,yes,2025-04-06
5391,SITAGLIPTIN TEVA 25 MG 28 TAB,SITAGLIPTIN,33,28 TAB,Teva,yes,2025-04-06
5403,SITAGLIPTIN TEVA 50 MG 28 TAB,SITAGLIPTIN,40,28 TAB,Teva,yes,2025-04-06
4542,OPTALGIN 500MG CAPLETS,DYPIRONE,22,21 CAPLET,Teva,yes,2025-04-06
3114,MUSCOL TAB,"ORPHENADRIN, PARACETAMOL",42,20 tab,Teva,yes,2025-04-06
3080,LEUCOVORIN TEVA  100MG/10M  VIAL <span class='flash'> new </span>,Calcium Folinate 10MG/ML,76,10 ML VIAL,Teva,yes,2025-04-06
3077,LEUCOVORIN TEVA  500MG/50ML VIAL,Calcium Folinate 10MG/ML,234,50 ML VIAL,Teva,yes,2025-04-06
3996,DIPYRAZ 500 mg /1 ml,Dipyron,25,20 ml,Al salameh drug store,yes,2025-04-06
4581,ACAMOL CAP 500MG  21),PARACETAMOL 500MG,17,21 CAPLETS,Teva,yes,2025-04-03
4523,Abiratirone teva 250mg,Abiratirone acetate 250mg,11380,120 tab,Teva,yes,2025-04-03
4607,LIDOCAINE HYDROCHLORIDE S.A.L.F. 10 MG/ML‎‎‎ ‎(‎5‎),LIDOCAINE HYDROCHLORIDE 10 mg / 1 mL,15,5 Ampoule of 10ml,True med,yes,2025-03-27
4608,LIDOCAINE HYDROCHLORIDE S.A.L.F. 20 MG/ML,LIDOCAINE HYDROCHLORIDE 20 mg / 1 mL,17,5 Ampoules of 10ml,True med,yes,2025-03-27
4087,HEPARIN INJECTION BP 5000 UNITS/M  5ML  25VIAL,HEPARIN SODIUM,555,25 Vial,True med,yes,2025-03-27
68,Epanutin 100mg 100 caps,PHENYTOIN SODIUM,20,100 caps,Beit Hanina Drug Store,yes,2025-03-27
53,CLOPIXOL 25MG - 100TAB,ZUCLOPENTHIXOL AS DIHYDROCHLORIDE 25MG,89,100 TAB,Alrazi Drug Store,yes,2025-03-27
3532,PIPERACCILLIN /TAZOBACTAM-FRESENIUS,PIPERACCILLIN AS SODIUM SALT 4.0G/TAZOBACTAM AS SODIUM SALT 0.5G,507,10 VIAL,Alrazi Drug Store,yes,2025-03-25
999,SALAZOPIRIN-EN 500mg 100TAB,Sulfasalazine,52,100 TAB,Beit Hanina Drug Store,yes,2025-03-25
910,ALDACTONE 25 MG,Spironolactone,11,20 TAB,Beit Hanina Drug Store,yes,2025-03-25
3727,RAZALAX ADULT RECTAL ENEMA,Glycerol,21,6 ENEMAS,Al salameh drug store,yes,2025-03-24
3726,RAZALAX CHILD RECTAL ENEMA,Glycerol,23,6 ENEMAS,Al salameh drug store,yes,2025-03-24
3728,RAZAMOL 500 mg SUPP.,Paracetamol,15,10 Supp,Al salameh drug store,yes,2025-03-24
4100,TANTUM VERDE MOUTH WASH,Benzidamine  HCl,41,240 ml,Al salameh drug store,yes,2025-03-24
4174,TRAMARAZ DROPS 10 ML,Tramadol Hydrochloride,16,10 ml,Al salameh drug store,yes,2025-03-24
3706,METRONIDAZOLE Fresenius I.V,Metronidazole,14,100 ml,Alrazi Drug Store,yes,2025-03-19
5333,MIGLUSTAT DIPHARMA 100 MG - 84 CAP,MIGLUSTAT 100MG,9442,84 CAP,Alrazi Drug Store,yes,2025-03-19
5862,STREFEN Honey & Lemon,Flurbiprofen 8.75 mg,31,16 Loz.,MSS,yes,2025-03-19
5861,Strepsils orange vitamin C 36,"Dichlorobenzyl Alcohol 1.2mg , Amylmetacresol 0.6mg",41,36 lozenges,MSS,yes,2025-03-19
2336,Tegretol Syp. 250 CC.,CARBAMAZEPINE,32,250CC Bottle,MASROUJI CO.,yes,2025-03-17
2328,Sandostatin 0.1 mg  Amp,OCTREOTIDE,90,5 Amp.,MASROUJI CO.,yes,2025-03-17
5863,Nurofen gel 5% 50gr,Ibuprofen 5% W/W,32,50 gr,MSS,yes,2025-03-17
3854,Utrogestan 100mg 30 Cap,micronized progesterone,32,30 CAP,MASROUJI CO.,yes,2025-03-16
2329,Sandostatin Lar 20 mg Vial,OCTREOTIDE Free Peptide 20mg nominally 4.15% of fill weight equivalent to 4.65% of Octreotide Acetate.,2214,1 inj. Set,MASROUJI CO.,yes,2025-03-16
4445,Hyrimoz 40mg/0.8ml 2 PFP,Adalimumab 40mg/0.8ml,2084,2 Pre- Filled Pen,MASROUJI CO.,yes,2025-03-16
2255,Cataflam 50 mg Tab.***,DICLOFENAC AS POTASSIUM,16,10 Tab.,MASROUJI CO.,yes,2025-03-16
2262,Desferal 500 mg Vial,DEFEROXAMINE MESYLATE,150,10,MASROUJI CO.,yes,2025-03-16
4436,Sclera 120 mg,Dimethyl fumarate,572,14 Capsules,Pharmacare Store,yes,2025-03-16
5864,Nurofen for children orange suspension 150,Ibuprofen 100mg,32,150 ml,MSS,yes,2025-03-16
5865,Nurofen for children strawberry suspension 150ml,Ibuprofen 100mg,32,150 ml,MSS,yes,2025-03-16
4617,IRINOTECAN THYMOORGAN 100MG/ 5 ML,IRINOTECAN THYMOORGAN,316,5 ML VIAL,Pharmacare Store,yes,2025-03-13
4153,ANTROLIN 0.3% RECTAL CREAM,Nifedipin 0.3 g & Lidocaine HCl 1.5 g,59,30 gm,TRANSMED PHARMA,yes,2025-03-13
4421,Enforza Film Coated Tablets,Saxagliptin5MG and 10 mg Dapagliflozin  tablet,266,30 tab,Pharmacare Store,yes,2025-03-13
4417,Capecitabine Pharmacare 150,Capecitabine,132,60 tabs,Pharmacare Store,yes,2025-03-13
5567,ENOXAPARIN LEDRAXEN 10000 IU (100MG)/1ML	SYRINGE 10 PFS,enoxaparin sodium,345,10 PFS,True med,yes,2025-03-12
1003,SOLU CORTEF VIAL 100MG 25vial,Hydrocortisone sodium succinate,304,25 VIAL,Beit Hanina Drug Store,yes,2025-03-09
1254,MEROPENEM / ANFARM 1 G,MEROPENEM AS TRIHYDRATE,897,10 vial,CEZAR,yes,2025-03-06
1255,MEROPENEM / ANFARM 500 MG,MEROPENEM AS TRIHYDRATE,436,10 vial,CEZAR,yes,2025-03-06
1006,SOLU MEDROL 40 MG/ML,Methylprednisolone sodium succinate,13,1 VIAL,Beit Hanina Drug Store,yes,2025-03-05
107,Norvasc 5mg 30TAB,AMLODIPINE AS BESYLATE,14,30 Tab,Beit Hanina Drug Store,yes,2025-03-05
4350,VOLTAREN EMULGEL FORTE 2% (150 g),DICLOFENAC SODIUM 2 %,131,150 g,MSS,yes,2025-03-04
2344,VOLTAREN EMULGEL 50GR,DICLOFENAC SODIUM,47,50 Gm,MSS,yes,2025-03-04
5461,GELASPAN 4% B BRAUN 500 ML 10 BOTTLES,"SUCCINYLATEDGELATIN40MG/MLL, MAGNESIUMCHLORIDEHEXAHYDRATE0.20MG/MLL ,CALCIUMCHLORIDEDIHYDRATE0.15MG/ML ,POTASSIUM CHLORIDE0.30MG/MLLSODIUM ,ACETATE TRIHYDRATE 3.27 MG/ML, SODIUM CHLORIDE 5.55 MG/ML",470,10 BOTTLE,MSS,yes,2025-03-04
1752,STUNARONE 25 MG TAB,CINNARIZINE,9,25 TAB,MSS,yes,2025-03-03
1791,TELFAST 120 MG TAB,Fexofenadine HCL,12,15 tab,MSS,yes,2025-03-03
1792,TELFAST 180 MG TAB,Fexofenadine HCL,17,15 tab,MSS,yes,2025-03-03
3431,GLUCOSE 10 % Solution,Glucose monohydrate,94,10 * 500 ml bottle,MSS,yes,2025-03-03
4037,Heparin Sodiom 5000IU,Heparin Sodium,222,box of 10 vials,MSS,yes,2025-03-02
1837,ELOCOM CREAM 15GR,MOMETASONE FUROATE,11,15 GR,MSS,yes,2025-03-02
1839,ELOCOM OINTMENT 15GR,MOMETASONE FUROATE,13,tube,MSS,yes,2025-03-02
1834,DIPROSALIC OINTMENT 15GR,BETAMETHASONE AS DIPROPIONATE/ SALICYLIC ACID,12,tube,MSS,yes,2025-03-02
192,CLEXANE 80MG SAFETY LOCK PREFIL SYR,ENOXAPARIN SODIUM 80MG,58,2X0.8ML,MSS,yes,2025-03-02
190,CLEXANE 40MG SAFETY LOCK PREFIL SYR,ENOXAPARIN SODIUM 40MG,38,2X0.4ML,MSS,yes,2025-03-02
3704,EFEXOR 150 mg XR,Venlafaxine HCl,57,28 Cap,ArabCO,yes,2025-03-02
517,F.M.L,Fluorometholone 1 mg/ml,11,5ml,ArabCO,yes,2025-02-26
1322,ONGLYZA 5MG - 30 TAB,5mg Saxagliptin as hydrochloride,132,30 Tab,Omnipal,yes,2025-02-23
5309,ferrinemia 20mg/ml sol. for inj	 5 AMP,IRON III AS IRON III HYDROXIDE SUCROSE COMPLEX 20 MG / 1 ML,133,5 AMP,Medimarket Drug Store,yes,2025-02-16
528,Oflox,Ofloxacin3 mg/ml,13,5ml,ArabCO,yes,2025-02-10
531,Pred Forte,Prednisolone Acetate 1 %W/V,15,5ml,ArabCO,yes,2025-02-10
4644,SINTUSS,BUTAMIRATE CITRATE,18,20ML oral drops,Medimarket Drug Store,yes,2025-02-10
844,XEFO 8MG,Lornoxicam,30,20 tab,Syam Drug Store,yes,2025-02-09
883,CONCOR 5MG - 30TAB,BISOPROLOL FUMARATE 5MG,15,30 TAB,Grand Pharm,yes,2025-02-06
4364,Prilidan cream,Lidocaine + prilocaine,90,30 g,Syam Drug Store,yes,2025-02-05
764,NOVITROPAN TABS. 5 MG /30,Oxybutynin HCL,9,30 TAB,Syam Drug Store,yes,2025-02-05
1205,DECAPEPTYL CR MYGLIOL 1 VIAL,TRIPTORELIN AS ACETATE,499,1 VIAL,CEZAR,yes,2025-02-05
892,SEEBRI BREEZHALER - 30CAPS,GLYCOPYRRONIUM AS BROMIDE 63MCG,135,30 CAPS,Grand Pharm,yes,2025-02-03
4874,GLYCERAZ ADULTS 18 SUPP,GLYCEROL,16,18 RECTAL SUPP,Al -Takhasosi Drug Store,yes,2025-02-03
932,DALACIN C 150MG 16CAPS,Clindamycin HCL,15,16 CAP,Beit Hanina Drug Store,yes,2025-02-02
989,PROGYLUTON 21TAB(11+10),Estradiol valerate & Norgestrel,13,21 TAB,Beit Hanina Drug Store,yes,2025-02-02
548,AGISERC 16 MG,Betahistine dihydrochloride,15,30 TAB,Beit Hanina Drug Store,yes,2025-02-02
550,AGISPOR GEL,Bifonazole,12,15 GR,Beit Hanina Drug Store,yes,2025-02-02
2281,Foradil Dry Cap.***,FORMOTEROL FUMARATE DIHYDRATE,33,30 Caps.,MASROUJI CO.,yes,2025-01-30
3635,TOBREX OPHTHALMIC OINTMENT,TOBRAMYCIN 0.3%,12,OINTMENT 3.5 G,MASROUJI CO.,yes,2025-01-30
2335,Tegretol CR.400 mg 30 TAB,CARBAMAZEPINE,24,30 Tab.,MASROUJI CO.,yes,2025-01-30
2334,Tegretol CR.200 mg  50TAB,CARBAMAZEPINE,23,50 Tab.,MASROUJI CO.,yes,2025-01-30
3997,OCTAGAM 5% - 100ML (5G),human normal Immunoglobulin 50mg/ml -  (5G),1690,100 ML VIAL,MASROUJI CO.,yes,2025-01-30
3577,MAXITROL OPHTH . SUSP.,Dexamethasone & Neomycin & Polymyxin B .,17,5ML,MASROUJI CO.,yes,2025-01-30
785,PRAMIN 2ML AMPS/5,Metoclopramide HCL,14,5 AMP,Syam Drug Store,yes,2025-01-29
784,PRAMIN 10 MG TABS/30,Metoclopramide HCL,14,30 TAB,Syam Drug Store,yes,2025-01-29
3724,SELGIN 5 MG TAB,SELEGILINE,98,50 Tab,Syam Drug Store,yes,2025-01-29
681,ENALAPRI 10MG TABS. / 30,Enalapril Maleate,14,30,Syam Drug Store,yes,2025-01-29
683,ENALAPRI 5MG. TABS. / 30,Enalapril Maleate,14,30 TAB,Syam Drug Store,yes,2025-01-29
674,DEKINET 2MG TABS /30,Biperiden HCL,14,30 TAB,Syam Drug Store,yes,2025-01-29
2538,Polydine Ointment 15gr,Povidone-lodine 10%,10,15gr,Albarghouthi,yes,2025-01-28
2532,Lacromycin Ophthalmic Drops 5cc,Gentamycin (as sulfate) 0.3%,13,Ophthalmic Drops 5cc,Albarghouthi,yes,2025-01-28
2546,Sulfacid Ophthalmic Drops 5cc,Sodium sulfacetamide 10%,11,Ophthalmic Drops 5cc,Albarghouthi,yes,2025-01-28
2530,Efrin Ophthalmic Drops 5cc,Phenylephrine hci 10%,13,Ophthalmic Drops 5cc,Albarghouthi,yes,2025-01-28
2543,Polydine Solution 20ml,Povidone-lodine 10%,10,20 ml,Albarghouthi,yes,2025-01-28
2542,Polydine Solution 100ml,Povidone-lodine 10%,19,100 ml,Albarghouthi,yes,2025-01-28
2540,Polydine Ointment 50gr,Povidone-lodine 10%,19,tube,Albarghouthi,yes,2025-01-28
1227,LEVITRA 20MG 4TAB,VARDENAFIL AS HYDROCHLORIDE TRIHYDRATE,94,4 TAB,CEZAR,yes,2025-01-23
2545,Sterodex Ophthalmic Drops 5cc,Dexamethasone sodium phosphate 0.1%,13,Ophthalmic Drops 5cc,Albarghouthi,yes,2025-01-15
2534,Lyteers Ophthalmic Drops 15ml,Hydroxyethylcellulose 0.19%,19,Ophthalmic Drops 15ml,Albarghouthi,yes,2025-01-15
2535,Mydramide Ophthalmic Drops 10cc,Tropicamide 0.5%,16,Ophthalmic Drops 10cc,Albarghouthi,yes,2025-01-15
5007,DEXA-ALISON EYE DROP 0.1% 5 ML,Dexamethasone Phosphate (as sodium),13,5 ML,Alison pharmaceutical company,yes,2025-01-09
1386,ALFACAL 0.25mcg SOFT 30 CAP,ALFACALCIDOL 0.25 MCG,22,30 Soft Gelatin Caps,BPC,yes,2024-12-12
1477,DUVALEPT 200 MG 40 TABLET,SODIUM VALPROATE,24,40,BPC,yes,2024-12-12
1556,MODULON TABLET.,MEBEVERINE HCl 135MG,23,20 TAB.,BPC,yes,2024-12-12
1969,COXIB 100MG,Celecoxib 100 mg,28,20 CAPSULES,Jepharm Co.,yes,2024-12-12
1970,COXIB 200MG,Celecoxib 200 mg,28,10 cap,Jepharm Co.,yes,2024-12-12
1934,AMECANE 500 MG,Amikacin (as sulphate) 500 mg.,80,5 amp,Jepharm Co.,yes,2024-12-12
3600,GLUCOMET XR,Metformin HCl 750 mg,20,30 Tab,BPC,yes,2024-09-12
1516,HYDROCORTISONE 10 MG TAB,HYDROCORTISONE,50,50 Tab.,BPC,yes,2024-09-04
1647,SIAFIL 5 MG 4 TAB,TADALAFIL,45,4 TAB,BPC,yes,2024-08-27
1693,VOLOXAL 750 MG,LEVOFLOXACIN 750 MG,63,5 tab,BPC,yes,2024-08-27
5378,OXSORALEN 20 MCG/ML 50 AMP,METHOXSALEN 20 MCG / 1 ML,57500,50 AMP,Al Bayan Drug Store,yes,2024-08-11
1794,TRITACE 2.5 MG TAB,Ramipril,17,28 Tab,MSS,yes,2024-06-06
1797,TRITACE COMP. 5 MG,Ramipril & Hypochlorothiazied,32,28 Tabs,MSS,yes,2024-06-06
1795,TRITACE 5 MG TAB,Ramipril,26,28 Tab,MSS,yes,2024-06-06
3622,TAVANIC 500 mg Tab,Levofloxacin,66,7 Tab,MSS,yes,2024-06-06
1800,AMARYL 2 MG TAB,Glimepride,18,30 tab,MSS,yes,2024-06-06
1801,AMARYL 3 MG TAB,Glimepride,29,30 tab,MSS,yes,2024-06-06
1802,AMARYL 4 MG TAB,Glimepride,30,30 tab,MSS,yes,2024-06-06
1775,klacid susp 125 MG /5 ML,CLARITHROMYCIN,28,60 ML,MSS,yes,2024-06-06
2279,Fenistil Gel,DIMETHINDENE MALEATE,43,30 gm,MSS,yes,2024-05-13
2309,Otrivin 0.05 MD,XYLOMETAZOLINE HYDROCHLORIDE0.5 MG/ML,30,10 ml,MSS,yes,2024-05-13
2311,Otrivin 0.1 MD,XYLOMETAZOLINE HYDROCHLORIDE0.1 %W/V,32,10 ml,MSS,yes,2024-05-13
2312,Otrivin Complete 60mg/ ml,IPRATROPIUM BROMIDE (0.6 MG/ML)XYLOMETAZOLINE HYDROCHLORIDE (0.5 MG/ML),40,10 ml,MSS,yes,2024-05-13
2313,Otrivin Menthol 0.1 MD,XYLOMETAZOLINE HYDROCHLORIDE0.1 %W/V,34,10 ml,MSS,yes,2024-05-13
2308,Otrivin 0.05 Drops,XYLOMETAZOLINE HYDROCHLORIDE0.5 MG/ML,18,10 ml,MSS,yes,2024-05-13
2310,Otrivin 0.1 Drops,XYLOMETAZOLINE HYDROCHLORIDE0.1 %W/V,19,10 ml,MSS,yes,2024-05-13
357,ALLEGRO NASAL SPRAY,fluticasone propionate .05%,45,NASAL SPRAY,OXYGEN MEDICAL COMPANY,yes,2024-05-02
4528,Vancomycin Hikma 500 MG,Each vial of Vancomycin Hikma contains 512.6 mg vancomycin hydrochloride equivalent to 500 mg vancomycin,29,1 vial,Pharmacare Store,yes,2024-03-24
4752,PROXIDA 200 MCG/ 2ML,Dexmedetomidine 200 mcg / 2ml,73,2 ml VIAL,Pharmacare Store,yes,2024-03-21
4357,Letrozole Pharmacare 2.5 mg,Letrozole,70,30 tab,Pharmacare Store,yes,2024-03-19
4302,Ephedrine sterop 50 mg /ml 10 amp,ephedrine hydrochloride 50mg,27,10 amp,Medimarket Drug Store,yes,2024-03-03
2526,Contalax supp 25supp,Bisacodyle 10 mg /suppository,67,25 supp,Albarghouthi,yes,2024-02-28
4349,VOLTAREN EMULGEL FORTE 2% (100 g),DICLOFENAC SODIUM 2 %,90,100 g,MSS,yes,2024-02-24
4351,VOLTAREN EMULGEL 1%	(150 g),DICLOFENAC SODIUM 1 %,97,150 g,MSS,yes,2024-02-24
4434,VOLTAREN EMULGEL 1% 120g,Diclofenac Sodium 1%,76,120 g emulgel,MSS,yes,2024-02-24
2343,VOLTAREN EMULGEL 100GR,DICLOFENAC SODIUM,59,100 gm,MSS,yes,2024-02-24
2718,Alexan 1000mg/20 ml vial solution for injection,Cytarabine 50 MG / 1 ML,121,1 x 20ML,MASROUJI CO.,yes,2024-02-21
2720,ALEXAN 500 MG \10 ML VIAL SOLUTION FOR INJECTION,Cytarabine 50 MG / 1 ML,61,1 x 10ML,MASROUJI CO.,yes,2024-02-21
2719,Alexan 2000 mg \40 ml vial solution for injection,Cytarabine 50 MG / 1 ML,242,1*40 ML,MASROUJI CO.,yes,2024-02-15
806,RAZIN 15MG CAPS./ 30,Phenteramine,300,30 CAP,Syam Drug Store,yes,2024-02-13
2301,Moclav 250 mg susp,AMOXICILLIN AS TRIHYDRATE (250 MG/5 ML)+ CLAVULANIC ACID AS POTASSIUM (62.5 MG/5 ML),21,100ML,MASROUJI CO.,yes,2024-02-12
2302,Moclav400mg susp 70ML,AMOXICILLIN AS TRIHYDRATE (400 MG / 5 ML)+ CLAVULANIC ACID AS POTASSIUM (57 MG / 5 ML),25,Susp./70ml,MASROUJI CO.,yes,2024-02-12
2303,Moclav400mg susp 35ML,AMOXICILLIN AS TRIHYDRATE (400 MG / 5 ML)+ CLAVULANIC ACID AS POTASSIUM (57 MG / 5 ML),14,Susp./35ml,MASROUJI CO.,yes,2024-02-12
2304,Moclav500 mg Tab,AMOXICILLIN AS TRIHYDRATE (500 MG)+ CLAVULANIC ACID AS POTASSIUM (125 MG),33,20 Tab.,MASROUJI CO.,yes,2024-02-12
4946,MIGLUSTAT G.L. 100MG  84 HARD CAPSULE,MIGLUSTAT,9360,84 HARD CAPSULE,Al Bayan Drug Store,yes,2024-02-05
3678,CYCLOLUX,GADOTERIC ACID 5MMOL,122,1 vial,Medimarket Drug Store,yes,2024-01-28
3620,VITAMINE B12 STEROP 1 MG/ML 100 AMP,Cyanocobolamin,340,100 amp,Medimarket Drug Store,yes,2024-01-28
4358,EPHEDRINE HCL STEROP 50 MG/1 ML 100 AMP,EPHEDRINE,275,100 amp,Medimarket Drug Store,yes,2024-01-28
5189,ELPIDA 50 MG 60 FCT,DASATINIB,8580,60 FILM COATED TAB,Pharmacare Store,yes,2023-11-26
5188,ELPIDA 70 MG 60 FCT,DASATINIB,8750,60 FILM COATED TAB,Pharmacare Store,yes,2023-11-26
4411,Efferamol 500mg 20 Effervescent Tablets,Paracetamol 500mg,30,20 Effervescent Tablets,New Medicine Drug Store,yes,2023-10-24
5179,SUNITINIB PHARMACARE 25 MG 30 CAPSULE,SUNITINIB,4502,30 CAP,Pharmacare Store,yes,2023-10-08
5178,SUNITINIB PHARMACARE 50 MG 30 CAPSULE,SUNITINIB,9315,30 CAP,Pharmacare Store,yes,2023-10-08
5052,D3- Vicotrat 100000 IU AMP 5 AMP,Cholecalciferol,175,5 amp each box,PP Platinum Pharma Co.,yes,2023-09-26
4438,Sorafenib pharmacare,Sorafenib,3813,60 Tab,Pharmacare Store,yes,2023-09-21
4437,Sclera 240mg,Dimethyl fumarate,3568,56 Capsules,Pharmacare Store,yes,2023-09-17
17,spasmalgin Tab,paracetamol 150mg  papaverine HCL 80mg codeine phosphate 10mg atropin sulphate 0.4,60,30 Tab,AL- JAZEERA DRUG STORE,yes,2023-09-17
4648,HEDESPAN SYR,IVY LEAVES DRY EXTRACT,14,100ML,Medimarket Drug Store,yes,2023-09-11
636,EUCARBON TAB,"Fol.sennae 105mg , carbo vegetab 180mg",28,30 Tab,Sukhtian,yes,2023-09-10
3531,SUNDEN,CETRIMIDE& CHLOROHEXIDIN,5,125 ml,SUN -TEX Company,yes,2023-09-10
3629,HAEMOCTIN SDH 1000,HUMAN COAGULATION FACTOR VIII,1140,VIAL,TRANSMED PHARMA,yes,2023-09-07
3563,HAEMOCTIN 500,Factor VIII,656,1 vial,TRANSMED PHARMA,yes,2023-09-07
3611,FexoEZ 120 mg Tab (15 TAB),Fexofenadine,18,15 TABLETS / BOX,Pharmacare Company,yes,2023-09-05
3608,FexoEZ 180 mg (15 Tab),Fexofenadine,27,15 Tab,Pharmacare Company,yes,2023-09-05
1578,OGMIN 250 MG GRAN,AMOXICILLIN & CLAVULANIC ACID,21,100 ML,BPC,yes,2023-09-04
1505,GASTREX 40 MG TAB,FAMOTIDINE 40,24,30 tab,BPC,yes,2023-09-04
1051,DAVITON TAB.,Diosmin              450mg/tabHesperidin           50mg/tab,45,30 tab,Beit Jala,yes,2023-07-17
3631,LIDOMAX SPRAY,Lidocaine 100 mg / ml,35,10 ML,Beit Jala,yes,2023-07-17
4374,Ophtaflox 0.3% eye drops solution,Ofloxacin,11,eye drop,Alison pharmaceutical company,yes,2023-07-17
1037,BISMATROL SUSP.,Bismuth subsalicylate 262 mg/15 ml,25,100 mL,Beit Jala,yes,2023-07-16
1196,Xaprine Tab 5mg,Cyclobenzaprine HCl 5 mg/tablet,27,30 tab,Beit Jala,yes,2023-07-16
1174,SITRAM 20 MG,Citalopram (Hydrobromide) 20mg/tab,35,30 tab,Beit Jala,yes,2023-07-16
1145,NERVENTIN 400,Gabapentin 400mg/cap.,65,40 caps,Beit Jala,yes,2023-07-16
1029,AZYTRA  SUSPENSION,Azithromycin (as Dihydrate) 200mg/5ml,30,15ML,Beit Jala,yes,2023-07-16
1020,ARICARD 12.5 TAB,Carvedilol   12.5 mg/tablet,18,30 tab,Beit Jala,yes,2023-07-16
4482,FosfoClean Granules for Oral Solution,Fosfomycin (as trometamol),22,1 sachet/Box,Beit Jala,yes,2023-07-16
1043,CELEX 200 CAPS,Celecoxib 200 mg/cap,25,10 cap,Beit Jala,yes,2023-07-16
1144,NERVENTIN 300,Gabapentin 300mg/cap.,50,40 caps,Beit Jala,yes,2023-07-16
1124,MARIAL CAPS 20 GM.,Omeprazole  20mg/Caps,18,14 caps,Beit Jala,yes,2023-07-16
1035,BETACORT0.5 MG TABLET,BETAMETHASONE 0.5 MG/TAB,18,20 tab,Beit Jala,yes,2023-07-16
1099,IMLAX SOLUTION,Lactulose 10g /15ml,18,100 ml,Beit Jala,yes,2023-07-16
1162,PECTOSIN SYRUP,Guaifenesin  100mg/ 5ml,25,100 ml,Beit Jala,yes,2023-07-16
2401,DICAN 150 MG CAPS * 1,Fluconazole 150mg,24,ONE CAPSULE / BOX,Pharmacare Company,yes,2023-07-12
2374,BETASTIN 24 MG TABLETS,Betahistine Hydrochloride 24mg,33,30 TABLETS / BOX,Pharmacare Company,yes,2023-07-11
2380,CARE  FIRST AID 15% 4 LTR.,Each 100 ml contains 15 gr cetrimide and 1.5 gr chlorohexidine gluconate.,120,ONE BOTTLE OF 4 L,Pharmacare Company,yes,2023-07-11
2387,CINAZINE 75MG TABLETS *20,Cinnarizine75mg,27,20 tab / BOX,Pharmacare Company,yes,2023-07-11
3650,SITAGLU-MET 50/500 TABLETS (56 TAB),Sitagliptin & Metformin,99,56 TABLETS / BOX,Pharmacare Company,yes,2023-07-11
3714,BACLOSAL 10 mg,Baclofen,25,50 Tab,OXYGEN MEDICAL COMPANY,yes,2023-05-22
3713,BACLOSAL 25 mg,Baclofen,42,50 Tab,OXYGEN MEDICAL COMPANY,yes,2023-05-22
1963,CLAMOXIN 500MG   TABLETS.,Amoxicillin (as trihydratge)500 mg  & 125 mg clavulanic acid (as potassium salt) /tab,33,20 Tab,Jepharm Co.,yes,2023-05-22
3442,CLAMOXIN 600 mg SUSP,Amoxicillin & Clavulanic Acid,25,75 ml,Jepharm Co.,yes,2023-05-22
1503,FUNGITRIN OVULES,MICONAZOLE NITRATE,20,3 ovules,BPC,yes,2023-05-22
1570,NIRVIN ADULT NASAL SPRAY,XYLOMETAZOLINE HCl,22,NASAL SPRAY,BPC,yes,2023-05-22
1568,NIRVIN PEDIATRIC NASAL SPRAY,XYLOMETAZOLINE HCl,18,SPRAY,BPC,yes,2023-05-22
1579,OGMIN 400 MG GRAN 70 ml,AMOXICILLIN & ClAVULANIC ACID,25,SUSP,BPC,yes,2023-05-22
1580,OGMIN 500 MG TAB,AMOXICILLIN & CLAVULANIC ACID,32,20 tab,BPC,yes,2023-05-22
591,AZIRO 200MG 22.5 ML,Azithromycin,36,22.5 ml,Sama Pharmaceutical. Co.,yes,2023-05-18
600,CETRISAM SYRUP,Cetirizine,29,100ml,Sama Pharmaceutical. Co.,yes,2023-05-18
599,CETRISAM 10,Cetirizine,43,20 Tablets,Sama Pharmaceutical. Co.,yes,2023-05-18
598,CETRISAM 5,Cetirizine,24,20 Tab,Sama Pharmaceutical. Co.,yes,2023-05-18
603,CLOSOL.05% Cream,Clobetasol Propionate,11,15 Gm,Sama Pharmaceutical. Co.,yes,2023-05-18
3417,PIXAM 10 MG Cap,Piroxicam,20,20 Cap,Sama Pharmaceutical. Co.,yes,2023-05-18
3415,PIXAM 20 MG Cap,Piroxicam,37,20 Cap,Sama Pharmaceutical. Co.,yes,2023-05-18
1933,ALLOW 60 ML,PREDNISOLONE (AS SOD PHOSPHATE)15 MG,21,SYRUP,Jepharm Co.,yes,2023-05-09
2154,ZITROCIN22.5ML SUSP.,AZITHROMYCIN  200 MG,36,bottle,Jepharm Co.,yes,2023-05-08
2056,LORIAS 5 mg,Desloratidine 5mg,30,30 tab,Jepharm Co.,yes,2023-05-08
2135,ARBOZIDE160/25 mg,Valsartan 160mg / HCT 25,39,30Tab,Jepharm Co.,yes,2023-05-08
1937,ANAPRIL 10 MG,ENALAPRIL MALEATE 10MG,25,30 TABLETS,Jepharm Co.,yes,2023-04-06
1938,ANAPRIL 20 MG.,ENALAPRIL MALEATE 20Mg,25,30 TABLETS,Jepharm Co.,yes,2023-04-06
1939,ANAPRIL 5 MG.,ENALAPRIL MALEATE 5MG,18,30 tab,Jepharm Co.,yes,2023-04-06
1958,CEFOTAXIM .5 G vial,Cefotaxime0.5g ( as Sodium ),27,1 vial,Jepharm Co.,yes,2023-04-06
1959,CEFOTAXIM 1G vial,Cefotaxime1.0g ( as Sodium ),34,1 vial,Jepharm Co.,yes,2023-04-06
1960,CEFOTAXIM 2 G vial,Cefotaxime 2.0g ( as Sodium ),75,1 vial,Jepharm Co.,yes,2023-04-06
1964,"CLAMOXIN BID 875 ,",Amoxicillin875mg (as trihydrate) & 125 mg clavulanic acid (as potassium salt),38,14 TABLETS,Jepharm Co.,yes,2023-04-06
1972,DAKTAZOL ORAL GEL 40GR.,MICONAZOLE BASE  2%,23,gel,Jepharm Co.,yes,2023-04-06
2007,"FEXODIN 180 MG , 10 TAB",FEXOFENADINE HCl 180 MG,18,10 tab,Jepharm Co.,yes,2023-04-06
2008,"FEXODIN120MG,20TAB",FEXOFENADINE HCl 120 MG,25,20 tabs,Jepharm Co.,yes,2023-04-06
2009,"FEXODIN180MG,",FEXOFENADINE HCl 180 MG,27,15 tab,Jepharm Co.,yes,2023-04-06
2020,GYNO DAKTAZOL,MICONAZOLE NITRATE 400MG,25,3 OVULES,Jepharm Co.,yes,2023-04-06
2032,"JEFLEX 750 MG CAP,10 CAP",CEPHALEXIN (AS MONOHYDRATE) 500MG,27,10 cap,Jepharm Co.,yes,2023-04-06
2063,MONOZOLE 150 MG CAP,Fluconazole 150 mg,23,1 cap,Jepharm Co.,yes,2023-04-06
2075,Neuromax 300Caps ( 14 Caps),Pregabalin 300mg,57,14 caps,Jepharm Co.,yes,2023-04-06
2076,Neuromax 300Caps(56 Caps),Pregabalin  300mg,199,56 caps,Jepharm Co.,yes,2023-04-06
2070,Neuromax 50 Caps(56 Caps),Pregabalin 50mg,75,56 caps,Jepharm Co.,yes,2023-04-06
2071,Neuromax 75MG 14 Caps,Pregabalin 75mg,35,14 CAP,Jepharm Co.,yes,2023-04-06
2072,Neuromax 75MG 56 Caps,Pregabalin 75mg,123,56 caps,Jepharm Co.,yes,2023-04-06
2074,Neuromax150Caps,Pregabalin 150mg,168,56 caps,Jepharm Co.,yes,2023-04-06
2073,Neuromax150Caps ( 14 Caps),Pregabalin 150mg,48,14 caps,Jepharm Co.,yes,2023-04-06
2121,TIXON 1 GM VIAL,CEFTRIAXONE (SODIUM) 1 G,27,1 vial,Jepharm Co.,yes,2023-04-06
3621,ISOSUPRA LIDOSE 16 MG CAP,Isotretinion,90,30 cap,BIONATURAL DRUG STORE,yes,2023-04-05
2471,RIZACEF OD 400 MG CAPSULES (7 CAP),CEFIXIME ANHYDROUS400MG,55,7 CAPSULES / BOX,Pharmacare Company,yes,2023-03-30
3502,LEVACT 500 TAB,LEVOFLOXACIN,45,5 TABLETS / BOX,Pharmacare Store,yes,2023-03-30
2413,FLUTISONE NAZAL SPRAY 16 GM,Each dose delivers 50 mcg (0.05 %) fluticasone propionate. The bottle provides 120 actuations.,35,ONE NAZAL SPRAY OF 16 G / BOX,Pharmacare Company,yes,2023-03-30
2412,FLUOXICARE  20 MG  (14 CAP),Fluoxetine20mg,20,14 CAPSULES / BOX,Pharmacare Company,yes,2023-03-30
1962,CLAMOXIN 400 mg SUSP. 70ML,"Amoxicillin (as trihydrate)400mg  , Clavulanic acid(as potassium salt)  57mg",25,70ML,Jepharm Co.,yes,2023-03-27
2129,TUSSIBAL COMPOUND 100 ML.,"PSEUDOEPHEDRENE HCl 30 MG, TRIPROLIDINE HCl 1.25 MG, CODEINE PHOSPHATE 10 MG",20,100 ml bottle,Jepharm Co.,yes,2023-03-27
2153,ZITROCIN 500 MG,AZITHROMYCIN 500 MG,40,5 CAP,Jepharm Co.,yes,2023-03-27
3862,PIROX 20 mg Cap,Piroxicam,52,30 cap,Jepharm Co.,yes,2023-03-27
4177,ZIROFER 125 Tab,Deferazirox,954,28 Tab,Jepharm Co.,yes,2023-03-27
2119,Tinogyn 500mg.4tab.,TINIDAZOLE 500MG,24,4 tab,Jepharm Co.,yes,2023-03-27
2016,"FUSYLIN 15 G, OINTMENT",SODIUM FUSIDATE 2% W/W,21,tube,Jepharm Co.,yes,2023-03-27
2089,PIROX 20mg CAPSULES,PIROXICAM 20MG,37,20 caps,Jepharm Co.,yes,2023-03-27
3746,REKOVELLE 36 MCG/1.08 ML 1 PREFFILLED PEN,Follitropin Delta 36 MCG/1.08ML,786,1 PFS/Box,CEZAR,yes,2023-03-05
4697,ZOLEDRONIC ACID HIKMA 4 MG/5ML,ZOLEDRONIC ACID MONOHYDRATE,457,VIAL OF 5 ML,Pharmacare Store,yes,2023-02-28
1125,MARIAL CAPS 40 MG,OMEPRAZOLE 40MG/CAPS,29,14 caps,Beit Jala,yes,2023-02-19
3433,DELORAX  5 mg TAB,Desloratadine,30,30 Tab,Beit Jala,yes,2023-02-19
1075,GABAMAX 150 mg,Pregabalin          150 mg/capsule,90,30 CAP,Beit Jala,yes,2023-02-19
4805,PELARGOS SYRUP 120 ML,PELARGONIUM SEDOIDS DRIED EXTRACT,26,120ml,BIONATURAL DRUG STORE,yes,2023-02-16
1471,DIMESTIL Gel,DIMETINDENUM MALEATE 1 MG,24,tube,BPC,yes,2023-02-14
1672,ULTRAFEN 400 MG  - LC -10cap,IBUPROFEN,18,10 Cap,BPC,yes,2023-02-14
4906,"HEPARIN SODIUM ROVI 5,000 IU/ML 100 VIALS 5ML",HEPARIN SODIUM,2080,100 VIAL,TRANSMED PHARMA,yes,2023-02-14
3747,REKOVELLE  72 MCG / 2.16 ML 1 PREFILLED PEN,Follitropin Delta72 MCG/2.16ML,1560,1PFS/Box,CEZAR,yes,2023-02-08
3619,PAPAVERINE STEROP 40 mg /100AMP,Papaverine HCl 40 mg/ 2ml,281,100 amp,Medimarket Drug Store,yes,2023-02-07
4229,MAGNESIUM SULFATE KALCEKS 50 % 10ML 10 AMP,Magnesium Sulphate,88,10 amp,Medimarket Drug Store,yes,2023-02-07
3914,DELECAS Inj. 2 ML,BETAMETHASONE AS ( DIPROPIONATE & SOD. PHOSPHATE ),35,1 Amp.of 2ML,BPC,yes,2023-02-01
3915,NIRVIN COMPLETE Nasal Spray,Ipratropium Br.  Xylometazoline HCl,30,10 ML,BPC,yes,2023-01-31
1511,GOUTEX 0.5 MG TAB,COLCHICINE,25,30 tab,BPC,yes,2023-01-31
4209,IPRAVENT RESPIRATOR SOLUTION,Ipratropium bromide 0.25 mg,25,20 ML,BPC,yes,2023-01-31
1636,RUFENAL D.S  EMULGEL 30 G,DICLOFENAC DIETHYL AMMONIUM,22,30g,BPC,yes,2023-01-31
1685,VENTOL RESP. SOL,SALBUTAMOL - STERILE,19,SOLUTION,BPC,yes,2023-01-29
2591,ETOPAN XL 400MG 20 TAB,Etodolac,95,20 TAB,Alram Drug Store,yes,2023-01-25
2561,ETOPA XL 600MG 20 SR TAB,Etodolac 600 mg,80,20 TAB,Alram Drug Store,yes,2023-01-25
2577,ETOPAN 500MG 20TAB,Etodolac 500 MG,121,20 TAB,Alram Drug Store,yes,2023-01-25
1456,DECOMB CREAM 15 GM,TRIAMCINOLONE & NEOMYCIN & NYSTATIN & GRAMACIDIN,22,15 GM Tube,BPC,yes,2023-01-12
1469,DEXACOL EYE / DROPS 7 ML,CHLORAMPHENICOL + DEXAMETHASONE,22,EYE / DROPS,BPC,yes,2023-01-12
1651,SIMEPED ORAL DROPS,SIMETHICONE 40 MG,24,SUSP,BPC,yes,2023-01-12
1546,MEDIHIST CREAM 15 G,CLOTRIMAZOL & NEOMYCIN & DEXAMETHASONE,25,tube,BPC,yes,2023-01-12
1476,DUPISOR OINTMENT 30GM,CALCIPOTRIOL (AS MONOHYDRATE) 50 MCG & BETAMETHSONE (AS DIPROPIONATE) 0.5 MG,80,oint tube,BPC,yes,2023-01-12
2639,VERAPRESS CAP 240MG SR 30,Verapamil HCL,31,30 CAP,Alram Drug Store,yes,2023-01-11
1487,EXTRAFEN SYR 100 ML,IBUPRUFEN 100 MG & PARACETAMOL 120 MG /5ML,18,100 ML,BPC,yes,2023-01-09
1498,FLUCAN 150 MG 1 CAP,FLUCONAZOLE,25,1 caps,BPC,yes,2023-01-05
1493,FENTANYL 2ML- 100 AMP,Fentanyl citrate 50mcg/ml,397,100 AMP,BPC,yes,2023-01-05
1581,OGMIN 500 MG 10 TABLET,AMOXICILLIN & CLAVULANIC ACID,18,10 TAB,BPC,yes,2023-01-05
1595,PANTINOL PLUS CREAM 25 G,DEXAPANTHENOL 50 MG & CHLORHEXIDINE HCL 15 MG,20,TUBE,BPC,yes,2023-01-05
1455,DECOMB CREAM10GM,TRIAMCINOLONE & NEOMYCIN & NYSTATIN & GRAMACIDIN,18,tube,BPC,yes,2023-01-05
1459,DECORT 0.5MG 20 TAB,DEXAMETHASONE BASE,22,20 tab,BPC,yes,2023-01-05
3584,CINOLONE 4 mg 30 TAB,Triamcinolone,20,30 Tab,BPC,yes,2023-01-05
1494,FERGOLE 30 TAB,FERROUS GLUCONATE 106 MG ELEMENTAL IRON & FOLIC ACID 1 MG,18,30 tab,BPC,yes,2023-01-05
1582,OGMIN 600 MG GRAN 100 ML,AMOXICILLIN & CLAVULANIC ACID,29,SUSP,BPC,yes,2023-01-05
1602,PREDNITAB 20 MG 20 TAB,PREDNISOLONE,25,20 tab,BPC,yes,2023-01-05
4583,SAMIXON 1000 MG IM,CEFTRIAXONE (AS SODIUM) AND SOLVENT OF LIDOCAINE HYDROCHLORIDE,30,1 vial of 10 ml and 1 Ampoule of Lidocaine HCl 1% of 3.5 ml (Solvent),Pharmacare Store,yes,2022-12-08
4550,TECLOPLANIN HIKMA,TECLOPLANIN 200MG,100,Each vial contains 200 mg Teicoplanin,Pharmacare Store,yes,2022-06-06
1949,BETANEX S 60 gm,Calcipotiol ( as monohydrate ) 50 mcg & Betamethasone ( as dipropionate ) 0.5mg,170,OINT.,Jepharm Co.,yes,2022-05-11
1961,CLAMOXIN 250 mg SUSP.,Amoxicillin (as trihydrate)250 mg  & 62.5 mg clavulanic acid (as potassium salt),22,100 ml,Jepharm Co.,yes,2022-05-11
4584,SAMIXON 1000 MG IV,CEFTRIAXONE SODIUM EQUIVALENT TO CEFTRIAXONE,30,1 vial,Pharmacare Store,yes,2022-04-26
4560,Ciprofloxacin Hikma IV solution,Ciprofloxacin as lactate 200mg,50,vial of 100ml,Pharmacare Store,yes,2021-12-12
4312,Sevofurane USP,Sevoflurane100%,604,250ml bottle,JePharm Drug Store,yes,2021-06-27
845,XEFO 8MG VIAL 5 VIAL,lornoxicam,220,BOX,Syam Drug Store,yes,2021-05-31
4251,Vecuronium Insera 10mg,vecuronium bromide,868,10 vial,AL- NASR DRUG STORE,yes,2021-02-23
3525,SUNDEN  HOSPITAL,Chlorhexidine Gluconate & Cetrimide,37,1 LIT,SUN -TEX Company,yes,2019-07-02
3610,FexoEZ 180 mg (20 Tab),Fexofenadine,29,20 TABLETS / BOX,Pharmacare Company,yes,2019-04-08
2464,PEPTICUM 40 MG CAPSULES (7 CAP),Omeprazole 40mg,14,7 CAPSULES / BOX,Pharmacare Company,yes,2019-04-07
1621,RHINOFEX MICRODOSE 15 ML,DIMETHENDENE + PHENYLPHRINE,20,NASAL SPRAY,BPC,yes,2019-03-06
